gene_name	gene_id	lfc_KD	padj_KD	lfc_Scr	padj_Scr	same_sign	ratio	abs_ratio	delta	dependency
mt-Co1	ENSMUSG00000064351	0.173659325171716	8.09343797291259e-17	0.271037053616308	1.49738353703943e-39	TRUE	0.640721712602277	0.640721712602277	0.09737772844459197	Strongly NFAT5-dependent
Gm23935	ENSMUSG00000076258	0.206870299622803	0.108467597145832	0.320671627421029	0.00677841979739369	TRUE	0.6451156944770502	0.6451156944770502	0.11380132779822599	Strongly NFAT5-dependent
Hspa8	ENSMUSG00000015656	-0.453203789430962	2.77099979364e-144	-0.469928852532609	4.0215272410774695e-154	TRUE	0.9644093717346576	0.9644093717346576	-0.01672506310164701	Partially dependent
Il2ra	ENSMUSG00000026770	-0.331377563262597	4.83863827193476e-93	-0.339479722608126	8.47725532368057e-97	TRUE	0.976133598545202	0.976133598545202	-0.008102159345528992	Partially dependent
Actg1	ENSMUSG00000062825	-0.247994103324612	3.55802060612878e-31	-0.40577015589738	3.29996125525096e-81	TRUE	0.6111689086058122	0.6111689086058122	-0.15777605257276803	Strongly NFAT5-dependent
Pkm	ENSMUSG00000032294	0.251594538978376	8.2036443278165005e-25	0.46733984588145	1.4288482706905098e-83	TRUE	0.5383545640193452	0.5383545640193452	0.21574530690307397	Strongly NFAT5-dependent
mt-Cytb	ENSMUSG00000064370	-0.369612308793512	3.9183435553040304e-68	-0.263257497145376	1.08958065829688e-34	TRUE	1.4039953763953197	1.4039953763953197	0.10635481164813598	NFAT5-independent
Lcp1	ENSMUSG00000021998	-0.410465929402993	1.82612295414818e-101	-0.315945561896873	4.4011512364053296e-60	TRUE	1.29916662522062	1.29916662522062	0.09452036750611997	NFAT5-independent
Gm26917	ENSMUSG00000097971	0.283994700541449	0.046188032860844	0.525689107626383	8.17358944410544e-5	TRUE	0.5402331842555301	0.5402331842555301	0.241694407084934	Strongly NFAT5-dependent
Malat1	ENSMUSG00000092341	-0.0734410683839462	0.569931837910662	0.256792003778525	0.0113295482013926	FALSE	-0.28599437405880757	0.28599437405880757	0.3302330721624712	Strongly NFAT5-dependent
Il2rb	ENSMUSG00000068227	-0.276986185765503	1.2771118652666299e-40	-0.375219663674546	5.1647396540840504e-73	TRUE	0.7381974149567819	0.7381974149567819	-0.09823347790904302	Partially dependent
Srrm2	ENSMUSG00000039218	0.277417797185385	7.07282861920498e-31	0.269294867208094	7.49243850154571e-29	TRUE	1.030163701453003	1.030163701453003	-0.008122929977291027	NFAT5-independent
Eif4g2	ENSMUSG00000005610	-0.221724830264793	9.52308497028581e-26	-0.33518506452790803	1.41147093239924e-56	TRUE	0.6614997317290426	0.6614997317290426	-0.11346023426311502	Strongly NFAT5-dependent
Laptm5	ENSMUSG00000028581	0.483378674607671	1.6799475248714897e-97	0.268346235357155	8.24075801982986e-30	TRUE	1.801324598291155	1.801324598291155	-0.21503243925051596	NFAT5-independent
Nfkb1	ENSMUSG00000028163	0.683097534403656	2.55051904415745e-218	0.623994762478965	4.74511300326896e-180	TRUE	1.0947167756503138	1.0947167756503138	-0.05910277192469093	NFAT5-independent
Set	ENSMUSG00000054766	-0.292756318075587	3.7321184636061596e-35	-0.334662573372426	1.01750928837633e-44	TRUE	0.8747805741330865	0.8747805741330865	-0.041906255296839	Partially dependent
Wnk1	ENSMUSG00000045962	0.0997231528481016	8.82330750940254e-6	0.258960766070185	1.28249997360626e-33	TRUE	0.3850898124894876	0.3850898124894876	0.15923761322208338	Strongly NFAT5-dependent
Hspd1	ENSMUSG00000025980	-0.19587699144249	9.381666470241651e-17	-0.319938170146859	1.05783648308144e-41	TRUE	0.6122338930443277	0.6122338930443277	-0.124061178704369	Strongly NFAT5-dependent
Hnrnpa1	ENSMUSG00000046434	-0.66397180756686	1.12368366137695e-174	-0.759396597033735	2.311447606818169e-223	TRUE	0.8743412996060136	0.8743412996060136	-0.09542478946687494	Partially dependent
Chd4	ENSMUSG00000063870	0.284467139719818	9.02461152029902e-39	0.26243717264957	1.4587244809734e-32	TRUE	1.083943775372342	1.083943775372342	-0.022029967070248013	NFAT5-independent
Cytip	ENSMUSG00000026832	0.193214981114194	1.29530006818748e-17	0.581095806057787	2.3397580221719694e-156	TRUE	0.33250107658663736	0.33250107658663736	0.387880824943593	Strongly NFAT5-dependent
Top2a	ENSMUSG00000020914	-0.670947766467984	1.6434148690912599e-161	-0.450010422881341	2.5788151253141e-73	TRUE	1.4909605030301707	1.4909605030301707	0.22093734358664302	NFAT5-independent
Gm42047	ENSMUSG00000110631	0.62754345434804	5.06146626248131e-15	0.577638830248373	6.42393748915585e-13	TRUE	1.086394164461224	1.086394164461224	-0.049904624099667005	NFAT5-independent
Calr	ENSMUSG00000003814	-0.477644670702648	1.1826231105608e-100	-0.383008175914385	1.69895903706893e-64	TRUE	1.247087401103984	1.247087401103984	0.09463649478826297	NFAT5-independent
Myc	ENSMUSG00000022346	0.589347591455477	1.99019428716841e-129	0.353201155099099	2.0650149294212697e-45	TRUE	1.6685890828701324	1.6685890828701324	-0.236146436356378	NFAT5-independent
Actr3	ENSMUSG00000026341	-0.256764916607527	1.83064409123785e-26	-0.340736790383031	7.85306233479144e-45	TRUE	0.75355794811265	0.75355794811265	-0.08397187377550402	Partially dependent
Tfrc	ENSMUSG00000022797	-0.429917827142567	1.00107341739789e-62	-0.524444176760664	6.20879271004964e-91	TRUE	0.8197589871205011	0.8197589871205011	-0.09452634961809703	Partially dependent
Irf4	ENSMUSG00000021356	0.582544364862082	1.9389354092996398e-145	0.562097102685124	1.2840034176297799e-133	TRUE	1.036376743589821	1.036376743589821	-0.020447262176958025	NFAT5-independent
Hspa5	ENSMUSG00000026864	-0.688025261534765	2.7249330056965895e-168	-0.709035623954279	3.43322570206194e-175	TRUE	0.9703676913970279	0.9703676913970279	-0.02101036241951404	Partially dependent
Arhgef1	ENSMUSG00000040940	-0.438651605440605	1.01216821359776e-38	-0.330497126165932	3.08385137230691e-22	TRUE	1.3272478660536735	1.3272478660536735	0.10815447927467298	NFAT5-independent
Kmt2d	ENSMUSG00000048154	0.707659696190514	7.35578853049556e-88	0.683998948233304	2.10882325128391e-81	TRUE	1.0345917899703256	1.0345917899703256	-0.02366074795721007	NFAT5-independent
Mllt6	ENSMUSG00000038437	0.414573664379994	2.6301477607610996e-29	0.259998903255971	8.31484569903243e-12	TRUE	1.5945208198507008	1.5945208198507008	-0.15457476112402296	NFAT5-independent
Hnrnpl	ENSMUSG00000015165	-0.285855935545352	2.6297687591943798e-23	-0.381935542005441	7.62167334705683e-40	TRUE	0.7484402578623587	0.7484402578623587	-0.096079606460089	Partially dependent
Diaph1	ENSMUSG00000024456	0.505743549106437	1.19958098750813e-90	0.353189739761412	2.4997084075403194e-43	TRUE	1.4319315998479423	1.4319315998479423	-0.15255380934502505	NFAT5-independent
Hnrnph1	ENSMUSG00000007850	-0.197388352940557	3.05791954337055e-8	-0.254260598398001	8.01125602700635e-13	TRUE	0.7763230094801384	0.7763230094801384	-0.056872245457444015	Partially dependent
Akap13	ENSMUSG00000066406	0.609335561243878	1.0568405199583e-103	0.536583894714586	2.4825857548307102e-79	TRUE	1.1355830229828074	1.1355830229828074	-0.07275166652929199	NFAT5-independent
Tardbp	ENSMUSG00000041459	-0.323273630482036	1.1785714449496699e-35	-0.348799007187413	1.7507495527711598e-40	TRUE	0.9268192392197321	0.9268192392197321	-0.025525376705377023	Partially dependent
Ubr4	ENSMUSG00000066036	0.319038053994621	5.33954855304649e-22	0.269542661347946	2.31575654891865e-16	TRUE	1.1836273055966549	1.1836273055966549	-0.04949539264667496	NFAT5-independent
Hsp90b1	ENSMUSG00000020048	-0.630413109987588	1.7710871990669499e-121	-0.641719453505225	1.31800719468483e-123	TRUE	0.9823811738044109	0.9823811738044109	-0.01130634351763693	Partially dependent
Rac2	ENSMUSG00000033220	-0.472759501890784	1.2562607544707e-66	-0.257053147937008	2.6385074231342797e-20	TRUE	1.8391507969652865	1.8391507969652865	0.21570635395377596	NFAT5-independent
Oaz1	ENSMUSG00000035242	0.302372270160163	1.58616813687996e-24	0.265597891055392	8.76434094404971e-19	TRUE	1.138458852058812	1.138458852058812	-0.03677437910477099	NFAT5-independent
Myo1g	ENSMUSG00000020437	-0.311175667507855	3.64386276687419e-22	-0.487930067528333	1.1221185961887e-51	TRUE	0.6377464481419476	0.6377464481419476	-0.176754400020478	Strongly NFAT5-dependent
Tpi1	ENSMUSG00000023456	-0.316288270531137	4.4525765961806594e-23	-0.275849853622338	1.55019595457941e-17	TRUE	1.1465957526450699	1.1465957526450699	0.04043841690879901	NFAT5-independent
S100a10	ENSMUSG00000041959	0.221955467564896	1.3618152924964399e-11	0.318958037450651	6.57341365974766e-23	TRUE	0.6958767032144059	0.6958767032144059	0.09700256988575498	Partially dependent
Shisa5	ENSMUSG00000025647	-0.478046931657254	1.1968450493191201e-63	-0.405393515255162	1.70536991769114e-45	TRUE	1.1792170167210558	1.1792170167210558	0.072653416402092	NFAT5-independent
Mcm5	ENSMUSG00000005410	-0.686077070595783	5.90643143057202e-135	-0.534300164918645	2.33553162065025e-82	TRUE	1.284066739339765	1.284066739339765	0.15177690567713809	NFAT5-independent
Rrm1	ENSMUSG00000030978	-0.376861107010623	3.62863534700885e-41	-0.332290390621259	7.59890527095754e-32	TRUE	1.1341318245948473	1.1341318245948473	0.044570716389363996	NFAT5-independent
Srsf6	ENSMUSG00000016921	0.383417213253199	5.48266675637243e-47	0.292159915026894	6.3472130265565396e-27	TRUE	1.312353931982437	1.312353931982437	-0.09125729822630502	NFAT5-independent
Srsf3	ENSMUSG00000071172	-0.565849642227489	2.3075575469164998e-85	-0.577179664261461	2.7885689598248896e-87	TRUE	0.9803700255994475	0.9803700255994475	-0.011330022033971932	Partially dependent
Thrap3	ENSMUSG00000043962	0.476505029561819	4.2944890988980394e-70	0.393816509755803	5.35828294783976e-47	TRUE	1.209967123667033	1.209967123667033	-0.08268851980601599	NFAT5-independent
Cct6a	ENSMUSG00000029447	-0.254385355168694	6.981418422530621e-21	-0.283230843596053	5.12751778142436e-25	TRUE	0.8981555537485926	0.8981555537485926	-0.028845488427359012	Partially dependent
Ewsr1	ENSMUSG00000009079	-0.196672400716832	1.78843641321737e-8	-0.26674630371035	1.9796373910706e-14	TRUE	0.7373013158240098	0.7373013158240098	-0.07007390299351801	Partially dependent
Acin1	ENSMUSG00000022185	0.329429803311377	7.9282899113759e-27	0.319385204895769	7.366548586355139e-25	TRUE	1.0314497924814208	1.0314497924814208	-0.010044598415608008	NFAT5-independent
Uhrf1	ENSMUSG00000001228	-0.403628708403108	6.27596066284211e-49	-0.518655384329882	1.23904258851052e-77	TRUE	0.7782213789694059	0.7782213789694059	-0.11502667592677401	Partially dependent
Mcm3	ENSMUSG00000041859	-0.377027863822135	4.284543815223929e-43	-0.278383184327784	1.1499128955138499e-23	TRUE	1.3543485564063427	1.3543485564063427	0.09864467949435102	NFAT5-independent
Rrm2	ENSMUSG00000020649	-0.576747605662984	3.00329110440048e-69	-0.70156878173833	2.32541865673348e-99	TRUE	0.8220827674713986	0.8220827674713986	-0.12482117607534604	Partially dependent
Dock10	ENSMUSG00000038608	0.586911426778696	1.0768364219953e-89	0.368452603131869	1.08759880780482e-34	TRUE	1.5929088892028826	1.5929088892028826	-0.218458823646827	NFAT5-independent
Birc6	ENSMUSG00000024073	0.295386454928804	1.33479279333957e-17	0.346416426586519	1.43401393690353e-23	TRUE	0.8526918248059174	0.8526918248059174	0.051029971657715	Partially dependent
Hdac7	ENSMUSG00000022475	0.0320218240382374	0.563354354993897	-0.300852027910484	1.24542311609571e-14	FALSE	-0.1064371221315657	0.1064371221315657	-0.3328738519487214	Strongly NFAT5-dependent
Hmgb2	ENSMUSG00000054717	-0.865343375955085	1.35214885310573e-189	-0.396915731970327	4.94417229093611e-42	TRUE	2.1801690037818338	2.1801690037818338	0.46842764398475806	NFAT5-independent
Atp2b4	ENSMUSG00000026463	-0.235884360800555	3.72209838291999e-14	-0.275345447980365	1.6011268308973299e-18	TRUE	0.8566851659642328	0.8566851659642328	-0.03946108717980998	Partially dependent
Eif4a2	ENSMUSG00000022884	-0.230886408163505	7.70097635856752e-14	-0.335091657918688	2.31184877489897e-27	TRUE	0.6890246376098416	0.6890246376098416	-0.104205249755183	Partially dependent
Icos	ENSMUSG00000026009	-0.129852380899406	8.2755129495448e-5	0.445296353742221	3.42175464161359e-48	FALSE	-0.2916089022695584	0.2916089022695584	0.575148734641627	NFAT5-independent (Opposite direction)
Ets1	ENSMUSG00000032035	0.067017214781051	0.0329130522335845	0.286376706925339	7.665490669259779e-25	TRUE	0.23401768775322562	0.23401768775322562	0.21935949214428802	Strongly NFAT5-dependent
Tax1bp1	ENSMUSG00000004535	0.352126162043559	1.4511828841457298e-31	0.647557000758719	4.1879412470794894e-106	TRUE	0.5437763187348535	0.5437763187348535	0.29543083871516	Strongly NFAT5-dependent
Sptan1	ENSMUSG00000057738	0.491429738894983	4.98351285805255e-60	0.309521506452691	1.6729317759363098e-23	TRUE	1.5877078931511852	1.5877078931511852	-0.18190823244229198	NFAT5-independent
Gls	ENSMUSG00000026103	0.84622480425749	1.6887400655954197e-188	0.51040858615716	6.260368832945401e-66	TRUE	1.657936067707389	1.657936067707389	-0.33581621810033	NFAT5-independent
Trip12	ENSMUSG00000026219	0.404983455790373	1.7177832203864098e-54	0.428318871796482	1.4014674384799498e-60	TRUE	0.9455185901376838	0.9455185901376838	0.023335416006109	Partially dependent
Akt1	ENSMUSG00000001729	0.34254531669036	7.57351788392157e-17	0.272602991308369	8.09486350961796e-11	TRUE	1.2565721126033869	1.2565721126033869	-0.06994232538199097	NFAT5-independent
Psme3	ENSMUSG00000078652	-0.268676745827609	1.61440763893115e-17	-0.283926192887872	4.2477470841772997e-19	TRUE	0.9462908057014474	0.9462908057014474	-0.015249447060263044	Partially dependent
Phb2	ENSMUSG00000004264	-0.196166677252326	4.721014131424159e-11	-0.321913906322257	3.64431556136495e-27	TRUE	0.6093762133281382	0.6093762133281382	-0.12574722906993102	Strongly NFAT5-dependent
Sh2d2a	ENSMUSG00000028071	-0.304864463390497	3.0268507742705397e-30	-0.376965539191521	3.73212630335776e-44	TRUE	0.8087329787341853	0.8087329787341853	-0.07210107580102398	Partially dependent
Snx5	ENSMUSG00000027423	-0.138829103066009	5.62208523406702e-6	-0.269808599554186	2.8638941236115e-19	TRUE	0.5145466204390857	0.5145466204390857	-0.130979496488177	Strongly NFAT5-dependent
Slc38a1	ENSMUSG00000023169	-0.324913777034345	2.7885547725435997e-27	-0.314360617712501	3.2148589177607496e-25	TRUE	1.0335702334428398	1.0335702334428398	0.010553159321843975	NFAT5-independent
Arf6	ENSMUSG00000044147	0.367971359371649	1.22301677593639e-27	0.385658407647179	6.999880627234129e-30	TRUE	0.9541380456776892	0.9541380456776892	0.017687048275530026	Partially dependent
Ucp2	ENSMUSG00000033685	-0.324264027142347	1.2546634706029099e-28	-0.375235052307611	6.09031592422345e-37	TRUE	0.8641624100632291	0.8641624100632291	-0.05097102516526403	Partially dependent
Lmnb1	ENSMUSG00000024590	-0.340737739087335	9.015412784845919e-30	-0.343991670096166	1.04302290141258e-29	TRUE	0.990540669173991	0.990540669173991	-0.003253931008830979	Partially dependent
Fermt3	ENSMUSG00000024965	-0.407619456532891	1.5820432899241799e-28	-0.355880737599862	1.0865748496644401e-21	TRUE	1.1453821841608127	1.1453821841608127	0.051738718933029004	NFAT5-independent
Slc6a6	ENSMUSG00000030096	0.823796749762408	2.9848731699077796e-158	0.978535179153601	2.311447606818169e-223	TRUE	0.8418672801063357	0.8418672801063357	0.15473842939119298	Partially dependent
Akna	ENSMUSG00000039158	-0.377041711845258	7.921461981082049e-34	-0.263842421854786	6.841546587013551e-17	TRUE	1.4290412784824071	1.4290412784824071	0.11319928999047196	NFAT5-independent
Ncapd2	ENSMUSG00000038252	-0.485175304727804	8.34404519960458e-49	-0.260832331729827	8.661239870844851e-15	TRUE	1.8601041577558488	1.8601041577558488	0.224342972997977	NFAT5-independent
Cct4	ENSMUSG00000007739	-0.349726054195363	1.31744036508463e-30	-0.499722873542676	4.4239770670689e-59	TRUE	0.6998399967487112	0.6998399967487112	-0.14999681934731302	Partially dependent
Ccnd3	ENSMUSG00000034165	-0.0933302814357361	0.00553789900363812	-0.372439876591414	1.9009448568343997e-32	TRUE	0.25059153786081906	0.25059153786081906	-0.2791095951556779	Strongly NFAT5-dependent
Ahnak	ENSMUSG00000069833	1.32833394288042	0	0.703898580590868	4.9819607229445904e-110	TRUE	1.8871098472245635	1.8871098472245635	-0.624435362289552	NFAT5-independent
Pim1	ENSMUSG00000024014	0.364747329178944	2.04294928075856e-26	0.503206548440894	2.8340543549803097e-49	TRUE	0.72484614977499	0.72484614977499	0.13845921926194998	Partially dependent
Lta	ENSMUSG00000024402	-0.477676523636839	2.56692964368374e-53	-0.794289695228621	6.35223503141938e-135	TRUE	0.6013882925918471	0.6013882925918471	-0.31661317159178204	Strongly NFAT5-dependent
Syncrip	ENSMUSG00000032423	-0.376037904404748	1.28003412427865e-30	-0.466483750375604	2.4681400615763698e-45	TRUE	0.8061114756987126	0.8061114756987126	-0.09044584597085603	Partially dependent
Hnrnpul1	ENSMUSG00000040725	-0.352979868203829	2.4213590026658497e-25	-0.282299384244234	2.38142279499874e-16	TRUE	1.2503742052035263	1.2503742052035263	0.07068048395959498	NFAT5-independent
Runx3	ENSMUSG00000070691	0.33105234256092	2.1319146543845497e-25	0.269989831572656	8.723411101466931e-17	TRUE	1.226165965705385	1.226165965705385	-0.061062510988263985	NFAT5-independent
Srrt	ENSMUSG00000037364	0.255951255699995	4.09658757090944e-14	0.340271044198055	5.43948232456834e-24	TRUE	0.7521981669148974	0.7521981669148974	0.08431978849805999	Partially dependent
Mlec	ENSMUSG00000048578	-0.698350180082051	4.5949223990809397e-125	-0.725378227528548	2.2528127985814397e-131	TRUE	0.9627393731700704	0.9627393731700704	-0.027028047446497006	Partially dependent
Itgb2	ENSMUSG00000000290	-0.121955319983706	7.32880092921882e-5	-0.275142895493146	3.69903295170558e-20	TRUE	0.44324357263567427	0.44324357263567427	-0.15318757550944	Strongly NFAT5-dependent
Fus	ENSMUSG00000030795	-0.614217752086378	2.54795833412865e-96	-0.674302813402465	2.2083663736866897e-112	TRUE	0.9108930585460503	0.9108930585460503	-0.06008506131608704	Partially dependent
Selplg	ENSMUSG00000048163	-0.422139493219662	7.11118984254928e-47	-0.281181392435934	3.40919988775361e-21	TRUE	1.5013066460855682	1.5013066460855682	0.140958100783728	NFAT5-independent
Csnk1a1	ENSMUSG00000024576	-0.369881364555327	4.89621254186971e-35	-0.418964543969348	1.4726324525716097e-43	TRUE	0.8828464601109253	0.8828464601109253	-0.049083179414021016	Partially dependent
Trp53	ENSMUSG00000059552	0.450653671224176	2.87849278408184e-55	0.399440784558457	1.3620043787689898e-42	TRUE	1.1282114612365632	1.1282114612365632	-0.05121288666571899	NFAT5-independent
Bptf	ENSMUSG00000040481	0.595965886257577	1.0136156561885499e-75	0.437521015898462	1.25560548164828e-39	TRUE	1.362142307687195	1.362142307687195	-0.15844487035911498	NFAT5-independent
Fubp1	ENSMUSG00000028034	-0.262674412963111	2.30895595391695e-16	-0.428279883659406	2.42375625450199e-40	TRUE	0.6133241905239835	0.6133241905239835	-0.165605470696295	Strongly NFAT5-dependent
Satb1	ENSMUSG00000023927	0.0533006266497194	0.168111246330834	0.48976294989248	4.3687460957931196e-60	TRUE	0.10882943812189294	0.10882943812189294	0.4364623232427606	Strongly NFAT5-dependent
Srgn	ENSMUSG00000020077	0.252038227908893	2.18652581338623e-12	0.273839744478518	3.0042339381210304e-14	TRUE	0.9203858570232663	0.9203858570232663	0.02180151656962498	Partially dependent
Celf2	ENSMUSG00000002107	-0.224189872009811	6.62571301579593e-13	-0.288114810165803	4.03967333455825e-20	TRUE	0.7781268581118591	0.7781268581118591	-0.06392493815599198	Partially dependent
Cbx5	ENSMUSG00000009575	-0.275309639976065	6.293697066630489e-19	-0.272175409605175	4.04680575994967e-18	TRUE	1.0115154795778083	1.0115154795778083	0.003134230370890001	NFAT5-independent
Eif2s3x	ENSMUSG00000035150	-0.358542120724646	4.52580276339591e-28	-0.410090175877266	2.0439630020525198e-35	TRUE	0.8743006826672981	0.8743006826672981	-0.05154805515262001	Partially dependent
Brd4	ENSMUSG00000024002	0.419100411666626	1.09791699111971e-37	0.300025212079206	4.1918891036143497e-19	TRUE	1.3968839777237934	1.3968839777237934	-0.11907519958741997	NFAT5-independent
Themis	ENSMUSG00000049109	-0.229183655369617	1.85155480669721e-11	0.392065286397863	6.58708360264058e-33	FALSE	-0.5845548262516775	0.5845548262516775	0.62124894176748	NFAT5-independent (Opposite direction)
Ezh2	ENSMUSG00000029687	0.345605486675113	1.5728439048215299e-22	0.311803204319256	3.6049151003034896e-18	TRUE	1.1084090281549728	1.1084090281549728	-0.03380228235585697	NFAT5-independent
Hectd1	ENSMUSG00000035247	0.366855183769182	4.01188593797701e-29	0.264682051064055	4.0729305777436704e-15	TRUE	1.3860221435279734	1.3860221435279734	-0.10217313270512701	NFAT5-independent
Stat3	ENSMUSG00000004040	0.857174203748479	5.241364915205409e-139	0.549748541318855	3.1290811125688097e-55	TRUE	1.5592114199923208	1.5592114199923208	-0.307425662429624	NFAT5-independent
Smarcc1	ENSMUSG00000032481	0.364668087353842	2.08540202126788e-26	0.354525803334856	1.32710574295969e-24	TRUE	1.028608027747437	1.028608027747437	-0.010142284018985981	NFAT5-independent
Ubr5	ENSMUSG00000037487	0.181408978255751	6.43992177935534e-8	0.368656451811693	1.23615704251447e-29	TRUE	0.49208138733026535	0.49208138733026535	0.18724747355594198	Strongly NFAT5-dependent
Ankrd11	ENSMUSG00000035569	0.518238589582423	8.160700866994389e-60	0.400591583752965	5.338024320242549e-35	TRUE	1.2936831690952548	1.2936831690952548	-0.11764700582945797	NFAT5-independent
Ep300	ENSMUSG00000055024	0.397070965903589	2.87441274642859e-26	0.403266609590486	1.0764192001457199e-26	TRUE	0.9846363583308109	0.9846363583308109	0.006195643686897012	Partially dependent
Hnrnpul2	ENSMUSG00000071659	-0.31929362367803	1.15658618706008e-19	-0.270884965943859	3.37824478011444e-14	TRUE	1.1787055902696486	1.1787055902696486	0.04840865773417097	NFAT5-independent
Mdm4	ENSMUSG00000054387	0.125381548974729	1.2676248081692e-4	0.327790652562078	1.58413074405131e-26	TRUE	0.3825049555096262	0.3825049555096262	0.202409103587349	Strongly NFAT5-dependent
Rnf19b	ENSMUSG00000028793	0.532255442284006	1.75175409847348e-53	0.265656499722345	1.6477948819354e-13	TRUE	2.0035475994011103	2.0035475994011103	-0.266598942561661	NFAT5-independent
Asxl1	ENSMUSG00000042548	0.290378462338639	2.20850117322233e-21	0.309901419675899	9.01838523425056e-24	TRUE	0.9370026850548878	0.9370026850548878	0.019522957337260005	Partially dependent
Bclaf1	ENSMUSG00000037608	0.546374349804035	1.01517790083493e-76	0.51448384853701	7.3410232060381e-67	TRUE	1.061985427448712	1.061985427448712	-0.03189050126702497	NFAT5-independent
Gart	ENSMUSG00000022962	-0.477170528739768	1.1287114842819598e-55	-0.390213600432787	3.24134189808515e-37	TRUE	1.2228444324096772	1.2228444324096772	0.08695692830698099	NFAT5-independent
Kcnab2	ENSMUSG00000028931	-0.649536147606878	7.34276357021882e-88	-0.683290266512266	1.2138536022394397e-94	TRUE	0.950600615053863	0.950600615053863	-0.03375411890538804	Partially dependent
Serinc3	ENSMUSG00000017707	0.0177748042525787	0.738716895653464	0.455787347412095	1.06769744589952e-46	TRUE	0.038998020356426896	0.038998020356426896	0.43801254315951627	Strongly NFAT5-dependent
Wipf1	ENSMUSG00000075284	0.302255842177506	1.7793175040332797e-23	0.254628272793311	2.17141299619207e-16	TRUE	1.1870474510222815	1.1870474510222815	-0.04762756938419499	NFAT5-independent
Tnfrsf9	ENSMUSG00000028965	-0.164840363565494	8.63023046003404e-5	-0.565693784093813	4.4404650121893095e-44	TRUE	0.2913950412758245	0.2913950412758245	-0.40085342052831896	Strongly NFAT5-dependent
Ogt	ENSMUSG00000034160	0.292106464358321	1.9719809130370299e-19	0.422749242360403	1.83415615954842e-39	TRUE	0.6909686288906316	0.6909686288906316	0.13064277800208202	Partially dependent
Zfp36l2	ENSMUSG00000045817	0.358301444321917	6.5834393190592495e-22	0.282689595866861	1.06743027974567e-13	TRUE	1.2674730501601732	1.2674730501601732	-0.07561184845505603	NFAT5-independent
Cblb	ENSMUSG00000022637	1.0506243848704	1.26038012568916e-232	0.780948865097921	2.87526963672225e-124	TRUE	1.345317768966429	1.345317768966429	-0.26967551977247894	NFAT5-independent
Mcm2	ENSMUSG00000002870	-0.444211867271669	2.12524754405095e-50	-0.405840321253459	1.95315237865261e-41	TRUE	1.0945483827227849	1.0945483827227849	0.03837154601821002	NFAT5-independent
Lnpep	ENSMUSG00000023845	0.434586187204525	1.01334563470345e-40	0.311410036820335	1.0064436478531599e-20	TRUE	1.3955432896186812	1.3955432896186812	-0.12317615038419	NFAT5-independent
Arhgdib	ENSMUSG00000030220	-0.636688372742312	8.201582672329489e-92	-0.269923592245594	1.29225059922557e-17	TRUE	2.358772597257863	2.358772597257863	0.36676478049671807	NFAT5-independent
Aco2	ENSMUSG00000022477	-0.496566200668342	2.5920415394374298e-54	-0.336286729222236	2.44074741568811e-25	TRUE	1.4766155114619015	1.4766155114619015	0.160279471446106	NFAT5-independent
Nsd1	ENSMUSG00000021488	0.694663759144865	8.51811691021204e-101	0.64840140349897	5.35793157133241e-86	TRUE	1.0713483274345943	1.0713483274345943	-0.04626235564589498	NFAT5-independent
Ptp4a3	ENSMUSG00000059895	-0.331776987358047	1.17457114076121e-24	-0.301701955234488	3.62124199326095e-20	TRUE	1.09968457811347	1.09968457811347	0.030075032123558998	NFAT5-independent
Cab39	ENSMUSG00000036707	0.323193260938074	7.96835105120115e-28	0.347023612383863	1.9230505526564098e-31	TRUE	0.9313293084522766	0.9313293084522766	0.02383035144578899	Partially dependent
Spen	ENSMUSG00000040761	1.13241043061014	2.45700674406517e-180	0.818963883587718	4.2874537480988796e-92	TRUE	1.3827354945730634	1.3827354945730634	-0.3134465470224219	NFAT5-independent
Tuba4a	ENSMUSG00000026202	-0.362676302703187	1.1825902753552699e-23	-0.294057624396572	1.15017844414035e-15	TRUE	1.2333511278526637	1.2333511278526637	0.068618678306615	NFAT5-independent
Apobec3	ENSMUSG00000009585	-0.622245060296592	1.91905095366088e-93	-0.29329891373349	3.76621428482008e-22	TRUE	2.1215389186950873	2.1215389186950873	0.328946146563102	NFAT5-independent
Cdk4	ENSMUSG00000006728	-0.512758876930512	6.34958410648715e-47	-0.386539330167808	6.18045620633978e-27	TRUE	1.326537397133452	1.326537397133452	0.12621954676270403	NFAT5-independent
Pclaf	ENSMUSG00000040204	-0.569439478396891	1.28047463695443e-69	-0.527287904556747	5.76794303506344e-59	TRUE	1.0799403389986308	1.0799403389986308	0.04215157384014401	NFAT5-independent
Celf1	ENSMUSG00000005506	0.474768372583303	9.92312060400639e-56	0.292152331261594	6.222445631017099e-21	TRUE	1.625071313082195	1.625071313082195	-0.182616041321709	NFAT5-independent
Mcm4	ENSMUSG00000022673	-0.59912966815113	1.8821089831845197e-76	-0.476577704801752	1.6793745441930002e-48	TRUE	1.257150013763983	1.257150013763983	0.12255196334937801	NFAT5-independent
Zmiz2	ENSMUSG00000041164	-0.1469837002852	1.7054979389741e-4	-0.420449513113484	6.9275199555418e-29	TRUE	0.3495870388736244	0.3495870388736244	-0.27346581282828397	Strongly NFAT5-dependent
S100a6	ENSMUSG00000001025	0.443566639583498	1.64471705121585e-24	0.381631111768898	4.21553803055825e-18	TRUE	1.1622916106800691	1.1622916106800691	-0.06193552781459999	NFAT5-independent
Irf8	ENSMUSG00000041515	0.869932972264268	1.5256159993904396e-170	0.352665331478242	7.54979649394336e-27	TRUE	2.4667379938306735	2.4667379938306735	-0.517267640786026	NFAT5-independent
Hnrnpd	ENSMUSG00000000568	-0.587752036329902	1.46152074763925e-64	-0.511660735717387	1.18703707471247e-48	TRUE	1.148714363445984	1.148714363445984	0.07609130061251501	NFAT5-independent
Atp2a3	ENSMUSG00000020788	-0.49106480738217	4.23565295052396e-48	-0.480981629331518	2.6673420515586697e-45	TRUE	1.020963748791541	1.020963748791541	0.010083178050652009	NFAT5-independent
Ldb1	ENSMUSG00000025223	0.159787238374868	1.00350094872059e-6	0.263117331497258	1.5396263284360001e-16	TRUE	0.6072851129403202	0.6072851129403202	0.10333009312239003	Strongly NFAT5-dependent
Kdm5c	ENSMUSG00000025332	0.365351473381594	4.4490549069468196e-23	0.358791816850763	6.4989386406636e-22	TRUE	1.018282625809048	1.018282625809048	-0.006559656530831015	NFAT5-independent
Rap1b	ENSMUSG00000052681	-0.269298680355261	2.4023647147788597e-12	-0.354843556235669	3.53150195895049e-20	TRUE	0.7589222789110098	0.7589222789110098	-0.08554487588040799	Partially dependent
Furin	ENSMUSG00000030530	0.62850822498992	3.07697590771033e-64	0.432037336434619	6.921493534886649e-30	TRUE	1.454754420478271	1.454754420478271	-0.19647088855530098	NFAT5-independent
Dock2	ENSMUSG00000020143	-0.394359826055466	2.6039189402222598e-36	-0.256046169005495	1.00124758085955e-15	TRUE	1.5401903007851785	1.5401903007851785	0.138313657049971	NFAT5-independent
Eif1	ENSMUSG00000035530	-0.25853559750882	6.509929458865351e-14	-0.489953813790715	3.7775791938482494e-45	TRUE	0.5276734055982961	0.5276734055982961	-0.23141821628189502	Strongly NFAT5-dependent
Gas5	ENSMUSG00000053332	-0.160319214716248	1.4881322720248e-4	-0.327076862972834	1.6169822273525101e-15	TRUE	0.4901576138987355	0.4901576138987355	-0.166757648256586	Strongly NFAT5-dependent
Stat5b	ENSMUSG00000020919	0.353562320366138	4.31512601739196e-27	0.423950145641135	3.23800453341938e-38	TRUE	0.8339714563169915	0.8339714563169915	0.07038782527499698	Partially dependent
Vdac2	ENSMUSG00000021771	-0.307158673961769	5.46104915042186e-18	-0.453651367559741	1.1702015858709099e-36	TRUE	0.6770808949921648	0.6770808949921648	-0.146492693597972	Strongly NFAT5-dependent
Tra2b	ENSMUSG00000022858	-0.451840946184521	2.44132163729762e-41	-0.497576546879383	1.7808654184090198e-48	TRUE	0.9080832869199746	0.9080832869199746	-0.045735600694862044	Partially dependent
B4galt5	ENSMUSG00000017929	0.186749767494262	5.2643628543868e-8	-0.312098529669767	6.154227397651149e-19	FALSE	-0.5983679823543637	0.5983679823543637	-0.498848297164029	NFAT5-independent (Opposite direction)
Baz1a	ENSMUSG00000035021	0.642292049524183	1.8640392398159e-77	0.335662192495136	6.2615258468957e-21	TRUE	1.9135072816801977	1.9135072816801977	-0.30662985702904694	NFAT5-independent
Adam19	ENSMUSG00000011256	0.541600365013999	7.90238953512316e-60	0.624975088033661	7.41306632734261e-80	TRUE	0.8665951257641625	0.8665951257641625	0.08337472301966198	Partially dependent
Srsf7	ENSMUSG00000024097	-0.687541553241291	2.4808844963803895e-89	-0.581535694174438	1.0378534799812e-63	TRUE	1.1822860748338784	1.1822860748338784	0.106005859066853	NFAT5-independent
Nup205	ENSMUSG00000038759	-0.360842144520009	5.61139277202487e-28	-0.361105937639007	2.52052137669705e-27	TRUE	0.9992694855124158	0.9992694855124158	-2.637931189979903e-4	Partially dependent
Rnf187	ENSMUSG00000020496	-0.303452363626948	3.18002830606534e-18	-0.31296569528726	7.7806471603831e-19	TRUE	0.969602637593938	0.969602637593938	-0.009513331660311986	Partially dependent
Luc7l2	ENSMUSG00000029823	-0.259447793305229	6.19269880897229e-14	-0.305599228997368	2.37671377341815e-18	TRUE	0.8489805231395512	0.8489805231395512	-0.04615143569213903	Partially dependent
Cnn2	ENSMUSG00000004665	-0.179586362028864	4.88667061174014e-6	-0.278428095232445	7.97593343650641e-13	TRUE	0.645000864151072	0.645000864151072	-0.098841733203581	Strongly NFAT5-dependent
Abca2	ENSMUSG00000026944	-0.558237242395579	9.80531515959104e-39	-0.493398396387533	3.76060325795922e-30	TRUE	1.1314127619440402	1.1314127619440402	0.06483884600804601	NFAT5-independent
Pold1	ENSMUSG00000038644	-0.566459518141097	1.2180781676664499e-60	-0.519883596579796	1.50491606375798e-50	TRUE	1.0895891346980633	1.0895891346980633	0.04657592156130097	NFAT5-independent
Stt3a	ENSMUSG00000032116	-0.295656316194641	4.83178381635962e-18	-0.323765693245547	9.370320568298e-21	TRUE	0.9131798778025948	0.9131798778025948	-0.028109377050905993	Partially dependent
Jak3	ENSMUSG00000031805	-0.739252676903905	8.542169063870461e-68	-0.619689626159416	1.03220474606225e-47	TRUE	1.1929402166782943	1.1929402166782943	0.11956305074448892	NFAT5-independent
Akr1a1	ENSMUSG00000028692	0.267069712395544	1.32856061004721e-13	0.250935636342302	6.7075537649802096e-12	TRUE	1.064295674733235	1.064295674733235	-0.01613407605324202	NFAT5-independent
Tab2	ENSMUSG00000015755	0.611936883611967	5.3143269493048e-60	0.59650114064229	4.70651426968546e-56	TRUE	1.0258771390664172	1.0258771390664172	-0.01543574296967698	NFAT5-independent
C1qbp	ENSMUSG00000018446	-0.136071125448068	2.1303400343342e-4	-0.286351763814939	1.0661583009134e-15	TRUE	0.4751887106796621	0.4751887106796621	-0.150280638366871	Strongly NFAT5-dependent
Pdcd11	ENSMUSG00000025047	-0.227937745659952	1.44976381999819e-10	-0.279024183524192	7.1367400484286e-15	TRUE	0.8169103580234626	0.8169103580234626	-0.05108643786424	Partially dependent
Sbno1	ENSMUSG00000038095	0.172635401814941	3.18930702990333e-6	0.32741495811541	1.0640757731613899e-19	TRUE	0.5272679135022567	0.5272679135022567	0.154779556300469	Strongly NFAT5-dependent
Txlna	ENSMUSG00000053841	0.388072234277994	1.66836682952963e-22	0.300208887632928	1.56188791889527e-13	TRUE	1.2926740355285498	1.2926740355285498	-0.08786334664506595	NFAT5-independent
Atp1b3	ENSMUSG00000032412	0.329840277503623	4.986497035099589e-22	0.482422422070293	7.83716438997061e-46	TRUE	0.6837167229668327	0.6837167229668327	0.15258214456667002	Partially dependent
Cd28	ENSMUSG00000026012	0.574294520495533	3.7402794798674705e-52	0.814040002918301	1.1682424543732e-104	TRUE	0.7054868537623581	0.7054868537623581	0.23974548242276805	Partially dependent
Eif4enif1	ENSMUSG00000020454	0.757179007304285	1.84080112222899e-120	0.433266948636539	8.93262507130917e-38	TRUE	1.7476038956746522	1.7476038956746522	-0.32391205866774603	NFAT5-independent
Ankrd44	ENSMUSG00000052331	0.360971441098668	1.94163470260144e-20	0.536595610333469	2.8555741429388796e-44	TRUE	0.6727066605601585	0.6727066605601585	0.175624169234801	Strongly NFAT5-dependent
Fam168b	ENSMUSG00000037503	0.52603932048479	2.70905537014089e-58	0.273789442686698	1.28183761494783e-15	TRUE	1.9213279932299867	1.9213279932299867	-0.25224987779809194	NFAT5-independent
Pfas	ENSMUSG00000020899	-0.434316626774538	5.6050296551597e-34	-0.483217673378653	1.21137938743404e-40	TRUE	0.898801204305713	0.898801204305713	-0.04890104660411504	Partially dependent
Pdia6	ENSMUSG00000020571	-0.405166092585235	1.06682659812287e-30	-0.438890522384468	6.92756532297884e-35	TRUE	0.9231598130303429	0.9231598130303429	-0.03372442979923301	Partially dependent
Nf2	ENSMUSG00000009073	0.186270261615147	2.49948522828674e-6	0.319031264956164	9.81425094184339e-17	TRUE	0.5838620915123826	0.5838620915123826	0.132761003341017	Strongly NFAT5-dependent
Hjurp	ENSMUSG00000044783	-0.379250003139104	6.100610767626629e-29	-0.304727753341439	1.08810014768579e-18	TRUE	1.244553536658556	1.244553536658556	0.07452224979766503	NFAT5-independent
Plagl2	ENSMUSG00000051413	0.647255600815858	3.6151982471062196e-82	0.333257262513208	2.60811918068813e-21	TRUE	1.9422100389791366	1.9422100389791366	-0.31399833830265	NFAT5-independent
Nabp1	ENSMUSG00000026107	0.26733900138936	1.23176165615874e-13	0.29099705504239	1.07635887911096e-15	TRUE	0.9187000237868947	0.9187000237868947	0.023658053653029976	Partially dependent
Arpc5	ENSMUSG00000008475	-0.112224576434766	0.00616812446755283	-0.258585155208021	2.23101005850157e-11	TRUE	0.43399465968758333	0.43399465968758333	-0.146360578773255	Strongly NFAT5-dependent
Prf1	ENSMUSG00000037202	-0.424367047305029	1.8554059904672097e-25	-1.30081818678964	4.3527784889596997e-197	TRUE	0.3262308688598116	0.3262308688598116	-0.8764511394846111	Strongly NFAT5-dependent
Slc44a2	ENSMUSG00000057193	0.510874025496918	2.04919060486783e-51	0.442131010272964	2.71594008427978e-37	TRUE	1.1554810986488218	1.1554810986488218	-0.06874301522395398	NFAT5-independent
Nfat5	ENSMUSG00000003847	0.416120012109166	4.9322309342937595e-23	0.613520424977063	5.54671447148222e-49	TRUE	0.6782496477191008	0.6782496477191008	0.19740041286789706	Strongly NFAT5-dependent
Slco4a1	ENSMUSG00000038963	1.33218315020732	9.84242360934833e-233	2.27176184146407	0	TRUE	0.58640968691893125	0.58640968691893125	0.9395786912567501	Strongly NFAT5-dependent
Rpa1	ENSMUSG00000000751	-0.374997714234366	2.93754713082421e-23	-0.418090944027317	6.32729226120843e-28	TRUE	0.8969285740134678	0.8969285740134678	-0.04309322979295099	Partially dependent
Atrx	ENSMUSG00000031229	0.194058414893793	1.62467285312249e-7	0.272237793048502	1.00541932755771e-13	TRUE	0.712826873597302	0.712826873597302	0.07817937815470899	Partially dependent
Lig1	ENSMUSG00000056394	-0.499987100712532	2.1353897714817703e-46	-0.411928734847148	1.9230505526564098e-31	TRUE	1.2137708744646312	1.2137708744646312	0.08805836586538401	NFAT5-independent
Eif4ebp2	ENSMUSG00000020091	-0.576058436800209	3.24319226627773e-51	-0.633446828385207	4.7549743782089195e-60	TRUE	0.9094029853598076	0.9094029853598076	-0.05738839158499809	Partially dependent
Ddx27	ENSMUSG00000017999	-0.32296074843958	1.00865712102753e-15	-0.389668276746022	7.325171843059019e-22	TRUE	0.8288094456559505	0.8288094456559505	-0.066707528306442	Partially dependent
Inpp5b	ENSMUSG00000028894	0.799133425955028	1.59400691496e-111	0.830429038819504	7.177211127911539e-118	TRUE	0.9623139228019238	0.9623139228019238	0.03129561286447602	Partially dependent
Acsl5	ENSMUSG00000024981	-0.418212809566056	6.74053212587725e-36	-0.391416143930541	1.2320719207058298e-30	TRUE	1.0684608084031153	1.0684608084031153	0.02679666563551497	NFAT5-independent
Git1	ENSMUSG00000011877	1.13870185558991	8.0703658305450995e-230	0.830767943813553	1.1589224054421799e-117	TRUE	1.3706617642982453	1.3706617642982453	-0.307933911776357	NFAT5-independent
Nucks1	ENSMUSG00000026434	-0.492010750295707	2.59237023109677e-35	-0.402262252865949	1.01298474104021e-23	TRUE	1.2231094187693172	1.2231094187693172	0.08974849742975799	NFAT5-independent
Prex1	ENSMUSG00000039621	-0.332381805099332	7.151210800274081e-15	-0.264435715314554	1.19302915916836e-9	TRUE	1.2569474766445756	1.2569474766445756	0.06794608978477801	NFAT5-independent
Puf60	ENSMUSG00000002524	0.432849348598598	3.33955653844738e-31	0.32620231031882	1.0244224403477301e-17	TRUE	1.3269352635042484	1.3269352635042484	-0.106647038279778	NFAT5-independent
Uba2	ENSMUSG00000052997	-0.309773830013353	3.7521880312660296e-19	-0.297783129697264	3.3593328937604e-17	TRUE	1.0402665534756088	1.0402665534756088	0.011990700316089009	NFAT5-independent
Usp19	ENSMUSG00000006676	0.339655407124332	9.39336758038733e-21	0.351620040044463	7.989783344680319e-22	TRUE	0.9659728355681375	0.9659728355681375	0.011964632920131002	Partially dependent
Gimap4	ENSMUSG00000054435	-0.202860822112381	7.53939683459981e-8	-0.30763930482553	3.88270322505515e-16	TRUE	0.6594112615988015	0.6594112615988015	-0.10477848271314899	Strongly NFAT5-dependent
Trpc4ap	ENSMUSG00000038324	0.185725088230595	1.84278580426341e-7	0.39772965856082	2.97801697408905e-32	TRUE	0.4669631349661954	0.4669631349661954	0.212004570330225	Strongly NFAT5-dependent
Gm16286	ENSMUSG00000024571	0.293575556779369	1.9368638512590403e-15	0.300513791864989	8.05405498907496e-16	TRUE	0.9769120909807123	0.9769120909807123	0.006938235085620026	Partially dependent
Slc38a2	ENSMUSG00000022462	0.939227082544308	2.8136138838289196e-147	1.23411249684655	3.75046772580748e-257	TRUE	0.7610546728472938	0.7610546728472938	0.294885414302242	Partially dependent
Rbck1	ENSMUSG00000027466	-0.476703878740862	7.25293489118297e-33	-0.363333053456926	2.3441664673723197e-19	TRUE	1.3120300347168288	1.3120300347168288	0.113370825283936	NFAT5-independent
Mtmr3	ENSMUSG00000034354	0.831820537750213	3.91650313258309e-90	0.912878766571448	9.08830008707947e-108	TRUE	0.9112059215423861	0.9112059215423861	0.08105822882123492	Partially dependent
Matr3	ENSMUSG00000037236	0.360022232915065	9.17790000504426e-20	0.311138716945148	1.18109543415432e-14	TRUE	1.1571116460525062	1.1571116460525062	-0.048883515969917024	NFAT5-independent
Dusp2	ENSMUSG00000027368	0.897484608079448	3.803690877651279e-156	0.369775608400076	3.6455708747591197e-25	TRUE	2.4271060277951624	2.4271060277951624	-0.527708999679372	NFAT5-independent
Ube2s	ENSMUSG00000060860	-0.356035757363727	2.62597003288971e-17	-0.352107188412477	1.24043434738033e-16	TRUE	1.0111573097072015	1.0111573097072015	0.003928568951249989	NFAT5-independent
Ppt1	ENSMUSG00000028657	-0.0750434618663046	0.0646772681567308	0.640026213524162	4.36848413580729e-83	FALSE	-0.11725060674170588	0.11725060674170588	0.7150696753904666	Strongly NFAT5-dependent
Hipk1	ENSMUSG00000008730	0.796804367659678	1.79993959289531e-105	0.818132984988403	7.69062382835266e-110	TRUE	0.9739301339512336	0.9739301339512336	0.02132861732872504	Partially dependent
Dut	ENSMUSG00000027203	-0.409421403212461	5.81401782831208e-24	-0.32245817622232	5.791764519651241e-15	TRUE	1.2696883918681718	1.2696883918681718	0.08696322699014103	NFAT5-independent
Vdac1	ENSMUSG00000020402	-0.148648255850709	6.46360590528459e-5	-0.322664099847831	1.4131299649411099e-18	TRUE	0.46069040813902695	0.46069040813902695	-0.174015843997122	Strongly NFAT5-dependent
Map4	ENSMUSG00000032479	0.58127587913266	7.84312272172069e-67	0.428457061924627	2.58136511131149e-35	TRUE	1.3566724201523757	1.3566724201523757	-0.15281881720803298	NFAT5-independent
Bcl2	ENSMUSG00000057329	-0.341884745291146	7.224417976598349e-23	-0.28588785778349	6.08169620496375e-16	TRUE	1.1958701147429067	1.1958701147429067	0.05599688750765597	NFAT5-independent
Ssr1	ENSMUSG00000021427	-0.107094335410975	0.00794090442277808	-0.254456533048379	2.7180134557570297e-11	TRUE	0.42087477231568465	0.42087477231568465	-0.147362197637404	Strongly NFAT5-dependent
Nudc	ENSMUSG00000028851	-0.250543285934009	4.82967251030919e-10	-0.28077709628982	4.28683504594549e-12	TRUE	0.8923209522595693	0.8923209522595693	-0.03023381035581102	Partially dependent
Naa50	ENSMUSG00000022698	-0.266077708612094	1.30946032917464e-12	-0.433427333188918	2.9602998880373296e-30	TRUE	0.6138923142074169	0.6138923142074169	-0.167349624576824	Strongly NFAT5-dependent
Nol9	ENSMUSG00000028948	0.51951608634189	1.5139269483103001e-47	0.440850084193433	2.07772893876311e-33	TRUE	1.178441617613348	1.178441617613348	-0.07866600214845693	NFAT5-independent
Mbd3	ENSMUSG00000035478	0.349507307756045	1.38944229678299e-17	0.302219059573388	4.21764792876806e-13	TRUE	1.156470105655841	1.156470105655841	-0.04728824818265698	NFAT5-independent
Snu13	ENSMUSG00000063480	-0.371570076214871	1.1279521193927399e-20	-0.464454200671175	1.92073867651442e-30	TRUE	0.8000144592898961	0.8000144592898961	-0.092884124456304007	Partially dependent
Mgat1	ENSMUSG00000020346	0.260030298127378	3.7578940933567e-11	0.299017412524704	3.11719762943087e-14	TRUE	0.869615906083379	0.869615906083379	0.038987114397325995	Partially dependent
Nup50	ENSMUSG00000016619	0.356161541666838	7.2127645009593e-25	0.271249234010821	3.82394611128084e-14	TRUE	1.3130416495577257	1.3130416495577257	-0.08491230765601698	NFAT5-independent
Ccna2	ENSMUSG00000027715	-0.684261090235472	2.56063349310365e-73	-0.647774647013605	8.67418180271253e-65	TRUE	1.056325827801502	1.056325827801502	0.036486443221867004	NFAT5-independent
Hspe1	ENSMUSG00000073676	-0.362371734552843	6.064180362669069e-20	-0.310396910206221	1.2090752424237e-14	TRUE	1.1674463328648828	1.1674463328648828	0.051974824346621984	NFAT5-independent
Ifng	ENSMUSG00000055170	-1.22335617184681	1.11605382460441e-143	-2.49549696863496	0	TRUE	0.4902254690038704	0.4902254690038704	-1.27214079678815	Strongly NFAT5-dependent
Hip1r	ENSMUSG00000000915	0.546798187613519	5.906453610648089e-42	0.423213526682026	8.090040390058169e-25	TRUE	1.2920149124258642	1.2920149124258642	-0.12358466093149295	NFAT5-independent
Cntrl	ENSMUSG00000057110	-0.435596191667899	2.41385798263223e-27	-0.327942044588347	9.88096100797655e-16	TRUE	1.3282718664960635	1.3282718664960635	0.10765414707955195	NFAT5-independent
Smc2	ENSMUSG00000028312	-0.591105562068163	1.2631064929776598e-45	-0.508585799479713	1.48900909023918e-33	TRUE	1.162253375286664	1.162253375286664	0.08251976258844995	NFAT5-independent
Pgd	ENSMUSG00000028961	0.309530470384499	1.83160322635682e-15	0.302119768261594	1.56836405788059e-14	TRUE	1.024529020942742	1.024529020942742	-0.007410702122905011	NFAT5-independent
Wdr26	ENSMUSG00000038733	0.449537133736401	2.7990877851941497e-35	0.311692148085087	9.80092621319881e-17	TRUE	1.4422472189247593	1.4422472189247593	-0.13784498565131398	NFAT5-independent
Slc25a4	ENSMUSG00000031633	-0.341774246459568	8.75513847337607e-19	-0.300881302476644	1.61027969229997e-14	TRUE	1.1359105522553974	1.1359105522553974	0.04089294398292398	NFAT5-independent
Ampd2	ENSMUSG00000027889	0.190132713149385	4.15627757733578e-7	0.517298061482467	1.5221135368510202e-47	TRUE	0.36754963396635354	0.36754963396635354	0.32716534833308203	Strongly NFAT5-dependent
Prpf4b	ENSMUSG00000021413	0.300647146139632	2.87736628280061e-16	0.330231998374214	3.9170661085746197e-19	TRUE	0.9104119153194328	0.9104119153194328	0.029584852234582015	Partially dependent
Ccnl2	ENSMUSG00000029068	0.534864334316871	7.03412834098722e-38	0.328095245367229	2.41654201270508e-14	TRUE	1.6302105619306075	1.6302105619306075	-0.20676908894964197	NFAT5-independent
Cotl1	ENSMUSG00000031827	-0.00406497860624571	0.963814044122001	-0.30468355830581	7.925646843836749e-11	TRUE	0.013341640844845664	0.013341640844845664	-0.3006185796995643	Strongly NFAT5-dependent
Uggt1	ENSMUSG00000037470	-0.285162782282424	2.6843819892299003e-15	-0.256171142097046	2.9309778476180002e-12	TRUE	1.1131729356712436	1.1131729356712436	0.028991640185377976	NFAT5-independent
Tet3	ENSMUSG00000034832	0.666188029209665	4.8055256979410304e-58	0.460332242755171	2.75636462966606e-27	TRUE	1.4471895890290245	1.4471895890290245	-0.20585578645449404	NFAT5-independent
Cds2	ENSMUSG00000058793	0.391953072268027	2.60974401475361e-25	0.290157228423781	5.83618511429444e-14	TRUE	1.3508299427769932	1.3508299427769932	-0.101795843844246	NFAT5-independent
Osbpl8	ENSMUSG00000020189	0.243550609777097	1.16050000950183e-10	0.362009047322128	1.2199900400796e-22	TRUE	0.6727749253194143	0.6727749253194143	0.11845843754503102	Strongly NFAT5-dependent
Oxsr1	ENSMUSG00000036737	0.562944528512269	5.932775765589939e-54	0.323388315734773	1.34175430961902e-17	TRUE	1.740769536565347	1.740769536565347	-0.23955621277749595	NFAT5-independent
Fcho1	ENSMUSG00000070000	-0.708660975376959	1.3164382811444098e-62	-0.494453358059713	3.8856274181037897e-31	TRUE	1.4332210790474136	1.4332210790474136	0.21420761731724602	NFAT5-independent
Ruvbl2	ENSMUSG00000003868	-0.440156543201845	5.36630105878552e-33	-0.363024463960156	1.9671948621303e-22	TRUE	1.2124707475641496	1.2124707475641496	0.07713207924168902	NFAT5-independent
Ubqln4	ENSMUSG00000008604	0.579085034159843	3.0833566491583e-53	0.347824915387759	9.81925914040277e-19	TRUE	1.6648750809420099	1.6648750809420099	-0.23126011877208402	NFAT5-independent
Pcnt	ENSMUSG00000001151	0.195781348003523	3.0414548894731e-6	0.280342657676885	1.0892776002867099e-11	TRUE	0.6983644573605172	0.6983644573605172	0.08456130967336198	Partially dependent
Calm2	ENSMUSG00000036438	-0.397953812442369	1.25263447942825e-24	-0.279169340012204	1.5825970601650398e-12	TRUE	1.4254925430742942	1.4254925430742942	0.11878447243016499	NFAT5-independent
Tomm40	ENSMUSG00000002984	-0.265681869439979	8.28587304380268e-9	-0.327866561126426	1.4275999382162e-12	TRUE	0.8103353648728197	0.8103353648728197	-0.06218469168644697	Partially dependent
Mga	ENSMUSG00000033943	0.558902061258028	1.39858046729946e-47	0.350957724769778	2.08440310166311e-18	TRUE	1.5925053697697003	1.5925053697697003	-0.20794433648825	NFAT5-independent
Zc3h4	ENSMUSG00000059273	-0.502074688006577	3.07277591888092e-34	-0.432726354757102	2.3110070497514896e-25	TRUE	1.1602590932747823	1.1602590932747823	0.06934833324947492	NFAT5-independent
Usp1	ENSMUSG00000028560	-0.236878585607781	4.5137781049757004e-10	-0.317560031561365	1.20910528612369e-16	TRUE	0.7459332474653909	0.7459332474653909	-0.08068144595358398	Partially dependent
Hells	ENSMUSG00000025001	-0.769694410961806	7.35578853049556e-88	-0.665096333007691	2.55144566979362e-65	TRUE	1.1572675607473324	1.1572675607473324	0.10459807795411502	NFAT5-independent
Tap1	ENSMUSG00000037321	-0.400580211779263	4.2396902879434e-24	-0.446750326715491	8.09885854574846e-29	TRUE	0.8966534277083338	0.8966534277083338	-0.04617011493622797	Partially dependent
Nfx1	ENSMUSG00000028423	0.200159205010857	2.41326863355454e-7	0.274772653388819	6.24165759248592e-13	TRUE	0.7284538782963248	0.7284538782963248	0.07461344837796202	Partially dependent
Rsrp1	ENSMUSG00000037266	0.220779056815042	7.44922889700764e-8	0.372114633570783	1.78110806483389e-20	TRUE	0.5933092571406381	0.5933092571406381	0.151335576755741	Strongly NFAT5-dependent
Sun2	ENSMUSG00000042524	0.402990722349963	8.84645193124276e-27	0.551402315236092	3.3339212018490797e-49	TRUE	0.7308469899648787	0.7308469899648787	0.14841159288612893	Partially dependent
Batf3	ENSMUSG00000026630	-0.118858239805972	0.0124119574312084	-0.279713045615372	3.24228537766342e-10	TRUE	0.4249291967933868	0.4249291967933868	-0.16085480580940004	Strongly NFAT5-dependent
Chd1	ENSMUSG00000023852	0.454970875255922	6.20375185693098e-26	0.325916308036791	2.31989719687969e-13	TRUE	1.3959745616796895	1.3959745616796895	-0.129054567219131	NFAT5-independent
Trp53i11	ENSMUSG00000068735	-0.385774042011314	1.71485103670186e-24	-0.348399081222997	9.24192275369992e-20	TRUE	1.1072762897569028	1.1072762897569028	0.03737496078831698	NFAT5-independent
Dusp4	ENSMUSG00000031530	0.0613624929075904	0.21091940769019701	-0.377706218309701	3.6267061771349695e-20	FALSE	-0.1624609019734912	0.1624609019734912	-0.4390687112172914	Strongly NFAT5-dependent
Fam49b	ENSMUSG00000022378	-0.281845368709705	3.8301750340090996e-13	-0.277636199388501	1.7874281041187899e-12	TRUE	1.0151607367139976	1.0151607367139976	0.00420916932120402	NFAT5-independent
Slc35a4	ENSMUSG00000033272	-0.301596741023848	3.90087145214217e-15	-0.352308165694641	1.49397894778121e-19	TRUE	0.8560594683611547	0.8560594683611547	-0.05071142467079304	Partially dependent
Ranbp3	ENSMUSG00000002372	0.378585024856614	1.16079456844637e-22	0.250031878734068	4.78014633645096e-10	TRUE	1.5141470230653034	1.5141470230653034	-0.12855314612254598	NFAT5-independent
Man2a2	ENSMUSG00000038886	0.332350321298795	1.89505894678887e-14	0.262049534495093	4.02370465319926e-9	TRUE	1.2682728932877323	1.2682728932877323	-0.070300786803702	NFAT5-independent
Baz2a	ENSMUSG00000040054	0.438005053160507	9.59381063567633e-29	0.307126669979563	4.3890712973629996e-14	TRUE	1.426138124669059	1.426138124669059	-0.13087838318094397	NFAT5-independent
Mtpn	ENSMUSG00000029840	-0.100263473044696	0.0149376560574465	-0.281537155554883	3.6198600960139e-13	TRUE	0.35612874203792466	0.35612874203792466	-0.181273682510187	Strongly NFAT5-dependent
Ube2z	ENSMUSG00000014349	0.548775925264219	1.4409477002573e-38	0.344253336905782	3.3120023679184404e-15	TRUE	1.594104882749219	1.594104882749219	-0.204522588358437	NFAT5-independent
Ckap5	ENSMUSG00000040549	-0.381066193194798	5.554425902535539e-23	-0.300348313862847	1.94333996415319e-14	TRUE	1.268747569426378	1.268747569426378	0.08071787933195101	NFAT5-independent
Bms1	ENSMUSG00000030138	-0.347019851625515	1.09133555750809e-20	-0.331320370337474	2.50214942229608e-18	TRUE	1.047384594168025	1.047384594168025	0.015699481288040995	NFAT5-independent
Nup93	ENSMUSG00000032939	-0.18253228455554	4.97791528399518e-5	-0.255434580333534	1.01763219284475e-8	TRUE	0.7145950415844177	0.7145950415844177	-0.07290229577799401	Partially dependent
Herc1	ENSMUSG00000038664	0.527206087151677	1.18826345194452e-48	0.447094908810353	4.956000474627139e-34	TRUE	1.1791815938018326	1.1791815938018326	-0.08011117834132403	NFAT5-independent
Il21r	ENSMUSG00000030745	-0.150577216880723	0.00167253081459801	-0.450114232010594	1.3351831388986898e-22	TRUE	0.3345311171524543	0.3345311171524543	-0.29953701512987096	Strongly NFAT5-dependent
Sfxn1	ENSMUSG00000021474	-0.550254729065863	2.2847626109289797e-45	-0.582542461711944	3.86729928088967e-49	TRUE	0.944574456338864	0.944574456338864	-0.03228773264608098	Partially dependent
Pole	ENSMUSG00000007080	-0.254220054960427	6.07269778551824e-11	-0.267620956105154	1.14467875588628e-11	TRUE	0.9499258154527274	0.9499258154527274	-0.013400901144727029	Partially dependent
Adsl	ENSMUSG00000022407	-0.81675456336957	1.7403797497821498e-82	-0.753282520942512	2.8909596272516003e-69	TRUE	1.0842606069601102	1.0842606069601102	0.06347204242705795	NFAT5-independent
Leng8	ENSMUSG00000035545	0.490613034921455	3.90215438345512e-8	0.456084393727042	3.84637957523537e-7	TRUE	1.0757066930360213	1.0757066930360213	-0.03452864119441301	NFAT5-independent
Slc9a3r1	ENSMUSG00000020733	-0.478510856476641	3.28865810619744e-36	-0.281044609281293	3.89397918615405e-13	TRUE	1.702615316836436	1.702615316836436	0.197466247195348	NFAT5-independent
Kif21b	ENSMUSG00000041642	0.518637435375489	8.88029587910424e-28	0.535467524180676	3.70144845655254e-29	TRUE	0.9685693565992842	0.9685693565992842	0.016830088805186993	Partially dependent
Zfp598	ENSMUSG00000041130	0.669450680970014	3.40084518325707e-74	0.437636168186926	1.4767769679195799e-30	TRUE	1.5296968798156414	1.5296968798156414	-0.231814512783088	NFAT5-independent
Dek	ENSMUSG00000021377	-0.32998850038079103	1.8132286738065998e-17	-0.264962253873931	1.9775450738756697e-11	TRUE	1.245417019051323	1.245417019051323	0.06502624650686001	NFAT5-independent
Gramd1a	ENSMUSG00000001248	0.605818665884517	3.899301147766189e-43	0.505880683935318	1.64685736429471e-29	TRUE	1.1975524765479622	1.1975524765479622	-0.099937981949199	NFAT5-independent
Ccr7	ENSMUSG00000037944	-0.285866398000525	3.26085868886256e-14	0.397864084839686	1.34262964618296e-28	FALSE	-0.7185026467410625	0.7185026467410625	0.683730482840211	NFAT5-independent (Opposite direction)
Cdk2ap1	ENSMUSG00000029394	0.825055440721314	1.46537826437588e-5	0.812234438561689	1.98761399140187e-5	TRUE	1.015784854163939	1.015784854163939	-0.012821002159625006	NFAT5-independent
Def6	ENSMUSG00000002257	-0.423364836075748	2.89482080784964e-29	-0.411321630122063	6.65458360522204e-27	TRUE	1.0292792916096123	1.0292792916096123	0.012043205953684966	NFAT5-independent
Purb	ENSMUSG00000094483	-0.437241562200601	2.72780376796916e-30	-0.34631771179314	4.610718668083299e-19	TRUE	1.2625446152802342	1.2625446152802342	0.09092385040746098	NFAT5-independent
Fxr2	ENSMUSG00000018765	0.606291702349334	1.61890819995341e-56	0.359033047046003	2.32257452021345e-19	TRUE	1.688679377393496	1.688679377393496	-0.24725865530333108	NFAT5-independent
Foxp1	ENSMUSG00000030067	0.757489912756363	1.2297600655196898e-94	0.498539437920238	1.98755429217677e-39	TRUE	1.5194182348269	1.5194182348269	-0.258950474836125	NFAT5-independent
Npepps	ENSMUSG00000001441	0.806150633191204	3.05519693378459e-95	0.944204196972732	1.86029083300908e-129	TRUE	0.8537884451010178	0.8537884451010178	0.138053563781528	Partially dependent
Fam78a	ENSMUSG00000050592	0.219285970795205	3.91070720186247e-8	0.288735593448454	2.49812441114393e-13	TRUE	0.7594698255805883	0.7594698255805883	0.069449622653249	Partially dependent
Rars	ENSMUSG00000018848	-0.267360368330743	2.9455696836002e-12	-0.305365544102282	5.9001641805009204e-15	TRUE	0.8755420298538685	0.8755420298538685	-0.038005175771539	Partially dependent
Gnptab	ENSMUSG00000035311	-0.013752346133776	0.832052192348464	-0.342196185285286	3.31189259838706e-16	TRUE	0.04018848463290375	0.04018848463290375	-0.32844383915151	Strongly NFAT5-dependent
Rnf126	ENSMUSG00000035890	0.372392616581065	3.42348653276587e-16	0.276630594738655	3.81707213054028e-9	TRUE	1.3461729239778433	1.3461729239778433	-0.09576202184241	NFAT5-independent
Nup98	ENSMUSG00000063550	0.363526476221376	3.9640899411764405e-21	0.290417787521683	2.26000108642295e-13	TRUE	1.2517362635518137	1.2517362635518137	-0.073108688699693	NFAT5-independent
Psmd8	ENSMUSG00000030591	-0.050419080772921	0.448760243857503	-0.420351082325942	8.88654830208297e-17	TRUE	0.11994516701119337	0.11994516701119337	-0.369932001553021	Strongly NFAT5-dependent
Hk1	ENSMUSG00000037012	0.27202173158546	1.0706585775597099e-11	0.594704073428914	2.22676645480596e-53	TRUE	0.4574068746781087	0.4574068746781087	0.32268234184345396	Strongly NFAT5-dependent
Thap12	ENSMUSG00000030753	-0.265297251879031	5.842688132291819e-12	-0.580995948435022	3.86729928088967e-49	TRUE	0.4566249602835253	0.4566249602835253	-0.315698696555991	Strongly NFAT5-dependent
Gprin3	ENSMUSG00000045441	0.486626358611302	3.94107889046347e-38	0.908488097862494	1.20338449730293e-134	TRUE	0.5356441760285519	0.5356441760285519	0.42186173925119197	Strongly NFAT5-dependent
Hmgn2	ENSMUSG00000003038	0.0219386391236438	0.897256814405206	-0.378872252178157	3.1809921844422e-4	FALSE	-0.05790510916942949	0.05790510916942949	-0.4008108913018008	Strongly NFAT5-dependent
Rnf44	ENSMUSG00000034928	0.611259911114127	1.5344561590647498e-40	0.486025153189503	2.59876750775031e-25	TRUE	1.2576713511693387	1.2576713511693387	-0.12523475792462402	NFAT5-independent
Cdk9	ENSMUSG00000009555	0.468607584139811	7.068968738017149e-28	0.424262660735448	1.45948900053297e-22	TRUE	1.104522333705946	1.104522333705946	-0.044344923404363024	NFAT5-independent
Ctla4	ENSMUSG00000026011	0.325739955854559	3.3662239708407902e-15	0.934164860544444	5.05580063447836e-123	TRUE	0.3486964342297283	0.3486964342297283	0.6084249046898851	Strongly NFAT5-dependent
Nup188	ENSMUSG00000052533	-0.195188010717736	3.86600434017694e-7	-0.259668931295208	3.04576606232004e-11	TRUE	0.7516802635731341	0.7516802635731341	-0.06448092057747201	Partially dependent
Socs1	ENSMUSG00000038037	0.591383458965682	3.06626031782989e-30	0.363508565282946	9.42581585837855e-12	TRUE	1.6268762704542157	1.6268762704542157	-0.227874893682736	NFAT5-independent
Mllt1	ENSMUSG00000024212	0.803480805623267	4.139720436253449e-100	0.632469273243085	1.5145743913442e-60	TRUE	1.2703870996029476	1.2703870996029476	-0.17101153238018196	NFAT5-independent
Clptm1l	ENSMUSG00000021610	-0.440065409955697	1.15869656025899e-24	-0.399428460721066	3.87644560600675e-20	TRUE	1.1017377408742264	1.1017377408742264	0.04063694923463096	NFAT5-independent
Slc39a14	ENSMUSG00000022094	0.857809606255536	1.37081559830329e-102	0.305922451362676	7.05646409454753e-13	TRUE	2.804009978458851	2.804009978458851	-0.5518871548928601	NFAT5-independent
Adcy7	ENSMUSG00000031659	0.371219384152498	3.42249507269461e-18	0.502391789035748	2.63067395497384e-32	TRUE	0.7389041625560557	0.7389041625560557	0.13117240488325	Partially dependent
Dpp9	ENSMUSG00000001229	-0.381370311447855	3.22625414326479e-17	-0.463323447851858	4.54113802788883e-24	TRUE	0.8231189533273816	0.8231189533273816	-0.08195313640400298	Partially dependent
Rbm5	ENSMUSG00000032580	0.236429940371068	7.51678075890663e-8	0.556407498343136	4.30305608754688e-40	TRUE	0.4249222756255198	0.4249222756255198	0.31997755797206795	Strongly NFAT5-dependent
Ilf3	ENSMUSG00000032178	-0.209900299177842	4.8707851911201e-7	-0.252515401835118	1.8177302358363102e-9	TRUE	0.8312376102701969	0.8312376102701969	-0.042615102657276	Partially dependent
Serpine2	ENSMUSG00000026249	0.872746237626785	1.76098535656046e-83	0.751250745886029	1.2375640574139899e-60	TRUE	1.1617242876710407	1.1617242876710407	-0.12149549174075602	NFAT5-independent
Zbtb7a	ENSMUSG00000035011	0.444250537229477	7.75371023115196e-27	0.457842139437892	7.0501087750152e-28	TRUE	0.970313780585811	0.970313780585811	0.013591602208414988	Partially dependent
Ncaph2	ENSMUSG00000008690	-0.404693202268588	1.54032412759482e-22	-0.332985026924436	2.56702163354444e-15	TRUE	1.2153495489165784	1.2153495489165784	0.07170817534415203	NFAT5-independent
Ptms	ENSMUSG00000030122	0.811726133240288	2.32426734147922e-74	0.405175170421019	2.57723901013121e-18	TRUE	2.0033955496256604	2.0033955496256604	-0.40655096281926895	NFAT5-independent
Slc38a10	ENSMUSG00000061306	-0.284896085254344	1.34814338635075e-12	-0.340457645803235	9.92534622400461e-17	TRUE	0.8368033109733644	0.8368033109733644	-0.055561560548891	Partially dependent
Chd3	ENSMUSG00000018474	0.584157732583754	1.6574118334308697e-43	0.631412220846918	3.40089636125415e-50	TRUE	0.9251606372144949	0.9251606372144949	0.04725448826316392	Partially dependent
Azin1	ENSMUSG00000037458	-1.0397966558307	3.53206456598648e-151	-0.865822081879856	1.0377463731262201e-105	TRUE	1.2009357090698285	1.2009357090698285	0.17397457395084392	NFAT5-independent
Mta1	ENSMUSG00000021144	-0.701842623375452	5.81409529959665e-57	-0.684295357015656	4.45967912149444e-53	TRUE	1.0256428253968037	1.0256428253968037	0.017547266359795977	NFAT5-independent
Zfp280b	ENSMUSG00000049764	1.21587279919729	2.8018767782303397e-188	0.755312757500306	3.20643806233016e-69	TRUE	1.60976070789695	1.60976070789695	-0.46056004169698395	NFAT5-independent
Dctn1	ENSMUSG00000031865	-0.35474319289383	4.78368431599998e-16	-0.353802064820925	1.3428630095658e-15	TRUE	1.0026600412108428	1.0026600412108428	9.411280729049731e-4	NFAT5-independent
Tent5a	ENSMUSG00000032265	0.592322117988728	6.67765655531098e-46	1.09723958964324	3.91985899838875e-160	TRUE	0.5398293349780766	0.5398293349780766	0.5049174716545121	Strongly NFAT5-dependent
Szrd1	ENSMUSG00000040842	0.614074203702183	4.26829484457988e-53	0.373346309079292	2.52963262726026e-19	TRUE	1.644784450170538	1.644784450170538	-0.24072789462289101	NFAT5-independent
Arpc4	ENSMUSG00000079426	-0.4474562192295	5.63527487385611e-32	-0.350354572062549	1.3291144297037998e-19	TRUE	1.2771525046620924	1.2771525046620924	0.09710164716695102	NFAT5-independent
Zfc3h1	ENSMUSG00000034163	1.16104092289801	2.8144130469734595e-149	1.15438238366372	8.085045686013258e-146	TRUE	1.0057680534011249	1.0057680534011249	-0.006658539234290162	NFAT5-independent
Qrich1	ENSMUSG00000006673	0.37777822353101	1.7181931338376602e-17	0.278759722656564	1.1130571537366102e-9	TRUE	1.3552109319481502	1.3552109319481502	-0.09901850087444597	NFAT5-independent
Mt1	ENSMUSG00000031765	-0.373664459835491	7.12352911658498e-16	-0.734551310818793	4.80298853119722e-54	TRUE	0.5086975604454004	0.5086975604454004	-0.360886850983302	Strongly NFAT5-dependent
Mink1	ENSMUSG00000020827	0.633712506620084	6.65560903439871e-46	0.384972386511175	6.74266638296298e-17	TRUE	1.6461245762666892	1.6461245762666892	-0.24874012010890906	NFAT5-independent
Shmt1	ENSMUSG00000020534	-0.333183052851787	4.15573503707928e-16	-0.283455505821044	1.4653896125123e-11	TRUE	1.1754333431862771	1.1754333431862771	0.049727547030743	NFAT5-independent
Dnajc2	ENSMUSG00000029014	-0.519486636682956	3.50286871457115e-36	-0.471659511350985	3.91128171462014e-29	TRUE	1.1014018040153133	1.1014018040153133	0.04782712533197103	NFAT5-independent
Ube2c	ENSMUSG00000001403	-0.573807007226834	2.76077276970816e-39	-0.445722863561722	5.1210672451392705e-24	TRUE	1.2873627406985717	1.2873627406985717	0.12808414366511195	NFAT5-independent
Tra2a	ENSMUSG00000029817	-0.307672785551543	4.80712733980428e-14	-0.254928031140999	9.3645034410554e-10	TRUE	1.2069005678758458	1.2069005678758458	0.05274475441054399	NFAT5-independent
Abtb2	ENSMUSG00000032724	0.783201719757564	1.3539556710630798e-62	0.487301923209745	6.51162839904932e-24	TRUE	1.6072206622924767	1.6072206622924767	-0.295899796547819	NFAT5-independent
Pim2	ENSMUSG00000031155	0.329975265994538	5.506735383922319e-16	0.604315679318251	3.76415402007044e-52	TRUE	0.5460312834623028	0.5460312834623028	0.274340413323713	Strongly NFAT5-dependent
Map1s	ENSMUSG00000019261	0.564811891804566	8.22410138739295e-36	0.330927785593365	1.90303973975041e-12	TRUE	1.7067527007193992	1.7067527007193992	-0.23388410621120104	NFAT5-independent
Tnfrsf1b	ENSMUSG00000028599	0.276374686752443	4.32506166674971e-12	0.269555375456526	3.16154981037069e-11	TRUE	1.0252983687836594	1.0252983687836594	-0.006819311295916952	NFAT5-independent
Ikzf3	ENSMUSG00000018168	0.651060553418468	2.60338659417961e-46	0.498341932816452	9.9058132435565e-27	TRUE	1.3064534821280331	1.3064534821280331	-0.15271862060201602	NFAT5-independent
Ttll4	ENSMUSG00000033257	0.642789441351051	5.62670713612256e-54	0.475523291308812	1.06173320423814e-28	TRUE	1.351751750333537	1.351751750333537	-0.167266150042239	NFAT5-independent
Myo1f	ENSMUSG00000024300	-0.935216984360957	5.2656007105719296e-120	-0.550407238924528	5.720901761852259e-44	TRUE	1.699136417951789	1.699136417951789	0.384809745436429	NFAT5-independent
Tomm20	ENSMUSG00000093904	-0.198657000116083	3.60257929818649e-6	-0.263414557962741	9.07217509597206e-10	TRUE	0.7541610518890999	0.7541610518890999	-0.06475755784665799	Partially dependent
Tle3	ENSMUSG00000032280	-0.339131058905403	6.39984006149085e-15	-0.490431783167848	8.66627016152097e-29	TRUE	0.6914948633933397	0.6914948633933397	-0.151300724262445	Partially dependent
Tatdn2	ENSMUSG00000056952	0.486777235221906	2.92239401130209e-26	0.283104648118643	3.38300331476767e-9	TRUE	1.7194250905336894	1.7194250905336894	-0.20367258710326303	NFAT5-independent
Lgals3	ENSMUSG00000050335	0.309773998746909	5.08215764691004e-5	0.458199514519783	9.13347097862296e-10	TRUE	0.6760679331394933	0.6760679331394933	0.14842551577287405	Strongly NFAT5-dependent
Hnrnpr	ENSMUSG00000066037	-0.48704374707483	1.20285708533206e-28	-0.356651174149346	9.466976859296302e-16	TRUE	1.365602533726365	1.365602533726365	0.130392572925484	NFAT5-independent
Rbm10	ENSMUSG00000031060	-0.317737428239525	1.28132970536154e-14	-0.320973035444334	1.7113891642838302e-14	TRUE	0.9899193799867649	0.9899193799867649	-0.003235607204808977	Partially dependent
Rap1a	ENSMUSG00000068798	-0.333011551611195	1.47772784663141e-14	-0.28711187028024	7.04977306621681e-11	TRUE	1.1598668884228085	1.1598668884228085	0.04589968133095501	NFAT5-independent
Flnb	ENSMUSG00000025278	-0.0456590136542322	0.514283702956263	-0.317871288998375	1.1367492896083302e-9	TRUE	0.14363994243741093	0.14363994243741093	-0.27221227534414283	Strongly NFAT5-dependent
Nsd3	ENSMUSG00000054823	0.164391496105628	1.4858099413202e-4	0.323766467524437	3.42197581373706e-15	TRUE	0.5077471344163218	0.5077471344163218	0.159374971418809	Strongly NFAT5-dependent
Pfkl	ENSMUSG00000020277	-0.552632526247731	8.27894472103739e-38	-0.46737368084567	4.565696155512e-27	TRUE	1.1824211522732577	1.1824211522732577	0.08525884540206097	NFAT5-independent
Pik3cg	ENSMUSG00000020573	0.425819071547038	7.07403620621491e-26	0.41954801437514	1.30102960519284e-24	TRUE	1.0149471739992333	1.0149471739992333	-0.00627105717189802	NFAT5-independent
Ski	ENSMUSG00000029050	0.989165952263751	8.855179687636409e-131	0.410390206862728	1.84825722982954e-21	TRUE	2.410305937428518	2.410305937428518	-0.5787757454010231	NFAT5-independent
Manf	ENSMUSG00000032575	-0.263656550912943	1.15154170952107e-10	-0.30958349841639	7.54518463918492e-14	TRUE	0.8516492392573353	0.8516492392573353	-0.045926947503447	Partially dependent
Rrp9	ENSMUSG00000041506	-0.271067677067156	1.22774994861141e-9	-0.376962413463785	4.4485405069630704e-17	TRUE	0.7190840980043695	0.7190840980043695	-0.105894736396629	Partially dependent
Pitrm1	ENSMUSG00000021193	-0.110149676457719	0.0170311393276138	-0.300158930150574	3.7500614114911194e-12	TRUE	0.3669711789099951	0.3669711789099951	-0.19000925369285498	Strongly NFAT5-dependent
Ggnbp2	ENSMUSG00000020530	0.199262321828464	3.86520900864075e-6	0.296324233986251	3.0362103567104198e-12	TRUE	0.6724469313492243	0.6724469313492243	0.097061912157787	Strongly NFAT5-dependent
Sema4a	ENSMUSG00000028064	-0.86299636758925	5.688882046474469e-104	-0.497734745829567	1.6047539300686997e-36	TRUE	1.7338479477676547	1.7338479477676547	0.365261621759683	NFAT5-independent
Kdm3a	ENSMUSG00000053470	-0.126547607219217	0.00560755361001869	0.505500746766491	1.4651450474924699e-35	FALSE	-0.25034108857147525	0.25034108857147525	0.632048353985708	NFAT5-independent (Opposite direction)
Tubb6	ENSMUSG00000001473	0.794119960095865	1.2581109741195e-68	0.44561759892955	3.22422176143725e-21	TRUE	1.782065973165058	1.782065973165058	-0.34850236116631506	NFAT5-independent
Slc29a1	ENSMUSG00000023942	-0.216544658109189	2.11566703055032e-7	-0.261193010209793	7.31258265293905e-10	TRUE	0.8290599275044076	0.8290599275044076	-0.04464835210060403	Partially dependent
Rbm17	ENSMUSG00000037197	-0.315651202860168	5.6446825082901895e-11	-0.348748678246498	7.39829083128483e-13	TRUE	0.9050964850885069	0.9050964850885069	-0.03309747538633001	Partially dependent
Exosc10	ENSMUSG00000017264	-0.188275024101626	5.2140817850604e-6	-0.306270237209621	1.6062829884464699e-13	TRUE	0.6147349667958909	0.6147349667958909	-0.11799521310799499	Strongly NFAT5-dependent
Atxn7l3	ENSMUSG00000059995	0.282482147803858	8.885673802449529e-12	0.25495845311985	1.6748643104282702e-9	TRUE	1.1079536463577058	1.1079536463577058	-0.027523694684008004	NFAT5-independent
Traf1	ENSMUSG00000026875	0.239015783900066	3.73571935597187e-8	0.262302968528663	1.7988874508465902e-9	TRUE	0.911220277989144	0.911220277989144	0.023287184628597024	Partially dependent
Serp1	ENSMUSG00000027808	-0.16067329091484	2.5291437321399e-4	-0.29574598932265	8.00422067878887e-12	TRUE	0.5432813857690231	0.5432813857690231	-0.13507269840781	Strongly NFAT5-dependent
Kdm2a	ENSMUSG00000054611	0.41988719580851	2.5847046377014e-25	0.285013671557255	1.08599434418173e-11	TRUE	1.4732177355364546	1.4732177355364546	-0.13487352425125504	NFAT5-independent
Ebna1bp2	ENSMUSG00000028729	-0.27895235727485	3.52213615893945e-11	-0.31781058952242	9.76308163661598e-14	TRUE	0.8777314742533817	0.8777314742533817	-0.03885823224756996	Partially dependent
Gpr68	ENSMUSG00000047415	0.755400228952366	2.60078744953655e-69	0.252781392701512	4.30088100659781e-8	TRUE	2.988353774299969	2.988353774299969	-0.502618836250854	NFAT5-independent
Socs2	ENSMUSG00000020027	0.342056030518011	1.6926979129035099e-13	0.384131610551465	1.64182526236001e-16	TRUE	0.8904657183170901	0.8904657183170901	0.04207558003345402	Partially dependent
Zfp609	ENSMUSG00000040524	0.646672324052545	1.76423615920307e-59	0.356161516838441	1.03823940028221e-17	TRUE	1.8156715239560346	1.8156715239560346	-0.29051080721410405	NFAT5-independent
Idh3a	ENSMUSG00000032279	-0.22869640019376	1.48469932835755e-6	-0.346541904720081	2.87565382987681e-13	TRUE	0.659938659881521	0.659938659881521	-0.117845504526321	Strongly NFAT5-dependent
Cenpe	ENSMUSG00000045328	-0.420405659942344	1.9333456547149702e-24	-0.386321532886033	3.7510491723583697e-20	TRUE	1.088227355078253	1.088227355078253	0.03408412705631103	NFAT5-independent
Parvg	ENSMUSG00000022439	-0.504303887121854	2.20729784569795e-32	-0.331920572333687	1.2750952630630301e-14	TRUE	1.5193511013076537	1.5193511013076537	0.17238331478816704	NFAT5-independent
Umps	ENSMUSG00000022814	-0.516853581039931	1.67732303921783e-37	-0.438285737009614	1.47520283839132e-26	TRUE	1.1792616948166705	1.1792616948166705	0.07856784403031697	NFAT5-independent
Pmpca	ENSMUSG00000026926	-0.324228822467203	6.49028254499577e-13	-0.31318386868225	7.11266597979381e-12	TRUE	1.0352666752327495	1.0352666752327495	0.011044953784953015	NFAT5-independent
Ap2a2	ENSMUSG00000002957	0.568198260983945	2.25927680637387e-46	0.374708124097964	9.314744070774659e-20	TRUE	1.5163756119560268	1.5163756119560268	-0.193490136885981	NFAT5-independent
Ppp1r12c	ENSMUSG00000019254	0.288566455687596	6.3687856716677e-11	0.265008545954549	3.8467222884384805e-9	TRUE	1.088894905815933	1.088894905815933	-0.023557909733047	NFAT5-independent
Ctps	ENSMUSG00000028633	-0.0318679820749282	0.57683129471256	-0.282635119778022	4.4426614511797595e-11	TRUE	0.11275308638203525	0.11275308638203525	-0.25076713770309383	Strongly NFAT5-dependent
Msl1	ENSMUSG00000052915	0.519366236366944	4.83808133462056e-39	0.401154728169875	6.63266285987357e-23	TRUE	1.2946780877701896	1.2946780877701896	-0.11821150819706899	NFAT5-independent
Atp10a	ENSMUSG00000025324	-0.287044133927231	9.390480930361298e-12	-0.339993465946011	2.3725949664666802e-15	TRUE	0.8442636776225928	0.8442636776225928	-0.05294933201877999	Partially dependent
Znrf1	ENSMUSG00000033545	0.141262136530107	0.00329105959639037	0.581105845119627	5.64630175490429e-41	TRUE	0.24309192157760284	0.24309192157760284	0.43984370858952004	Strongly NFAT5-dependent
Rbm33	ENSMUSG00000048271	0.49522631389808	1.7150290048369699e-31	0.404177109228207	1.49414768102898e-20	TRUE	1.22527056231298	1.22527056231298	-0.09104920466987299	NFAT5-independent
Igtp	ENSMUSG00000078853	0.143321370178896	0.00178202494349645	0.579915459723491	4.31947232338063e-45	TRUE	0.24714183382390417	0.24714183382390417	0.436594089544595	Strongly NFAT5-dependent
Slc39a10	ENSMUSG00000025986	2.26889867261994	0	1.71246488201519	1.6769733953395701e-254	TRUE	1.3249315045514691	1.3249315045514691	-0.5564337906047498	NFAT5-independent
Arhgap11a	ENSMUSG00000041219	-0.27567596997712	1.03590821925557e-8	-0.282041004926456	6.70608496250776e-9	TRUE	0.9774322356034871	0.9774322356034871	-0.00636503494933599	Partially dependent
Hmgb1	ENSMUSG00000066551	-0.571597841305571	1.53983148684312e-38	-0.51538932319296	5.256105783958239e-31	TRUE	1.1090603075833736	1.1090603075833736	0.05620851811261096	NFAT5-independent
Limd2	ENSMUSG00000040699	-0.53874255473111	7.32266397414772e-31	-0.507138178141842	5.4664086265092e-27	TRUE	1.0623190640173583	1.0623190640173583	0.03160437658926796	NFAT5-independent
Rfx7	ENSMUSG00000037674	0.350799229388573	9.12104789005628e-16	0.294095322982689	4.4507839543357596e-11	TRUE	1.1928079162592522	1.1928079162592522	-0.05670390640588402	NFAT5-independent
Ythdc1	ENSMUSG00000035851	0.522240554655034	3.9908796751375594e-36	0.274624633491899	3.65979245582849e-10	TRUE	1.9016522589931446	1.9016522589931446	-0.24761592116313508	NFAT5-independent
Malt1	ENSMUSG00000032688	-0.25151200399593	4.90234839259045e-9	-0.289697128074621	3.12995067693234e-11	TRUE	0.8681894973123269	0.8681894973123269	-0.03818512407869101	Partially dependent
Mast3	ENSMUSG00000031833	-0.248141383363469	5.27537498680481e-7	-0.25867303184843	2.15819883205347e-7	TRUE	0.9592858659841585	0.9592858659841585	-0.010531648484960993	Partially dependent
Rasgrp1	ENSMUSG00000027347	0.0524198817089711	0.319513456972998	0.459947227118726	1.74933821974822e-29	TRUE	0.11396933956390605	0.11396933956390605	0.4075273454097549	Strongly NFAT5-dependent
Epop	ENSMUSG00000043439	0.705244110851377	4.29250676825283e-62	0.409791115967553	1.77427393469917e-20	TRUE	1.7209843829489404	1.7209843829489404	-0.2954529948838239	NFAT5-independent
Rbm27	ENSMUSG00000024491	0.557066323136161	1.57192976850469e-38	0.453222718124279	5.02954914813138e-25	TRUE	1.2291226826440922	1.2291226826440922	-0.103843605011882	NFAT5-independent
Thop1	ENSMUSG00000004929	-0.162162550314231	9.7062222762148e-4	-0.29128306728355	1.1130571537366102e-9	TRUE	0.5567180812346142	0.5567180812346142	-0.12912051696931903	Strongly NFAT5-dependent
Dbnl	ENSMUSG00000020476	-0.548941998962075	3.07516790312447e-31	-0.415862780424415	2.64217832220672e-18	TRUE	1.3200075236399949	1.3200075236399949	0.13307921853765997	NFAT5-independent
Gm6793	ENSMUSG00000092086	-0.759234274997053	1.80710076606576e-71	-0.52025270579441	1.20783946280273e-34	TRUE	1.4593567059641246	1.4593567059641246	0.23898156920264302	NFAT5-independent
Snhg1	ENSMUSG00000108414	-0.378198437103887	3.93771113654505e-18	-0.514044721524139	5.979986641376049e-31	TRUE	0.7357306111081761	0.7357306111081761	-0.13584628442025204	Partially dependent
Nras	ENSMUSG00000027852	-0.313104235348927	4.94253073278905e-15	-0.473863123005587	1.2315259502094e-30	TRUE	0.6607482628379914	0.6607482628379914	-0.16075888765665997	Strongly NFAT5-dependent
Cdk12	ENSMUSG00000003119	0.50983203378001	1.6484754553217498e-36	0.458778374956644	5.86469864498952e-29	TRUE	1.1112817465038336	1.1112817465038336	-0.05105365882336599	NFAT5-independent
Tecr	ENSMUSG00000031708	0.282459212241792	5.27020084768481e-10	0.260986137022091	1.70338816803296e-8	TRUE	1.082276688964071	1.082276688964071	-0.021473075219700988	NFAT5-independent
Map4k1	ENSMUSG00000037337	-0.889757189946861	1.87315296901334e-71	-0.689700277968332	1.2597983751386897e-43	TRUE	1.2900635513267327	1.2900635513267327	0.20005691197852904	NFAT5-independent
Lars	ENSMUSG00000024493	-0.394660053666188	1.88305938573044e-21	-0.303199636705998	9.21210651627958e-13	TRUE	1.301650813153434	1.301650813153434	0.09146041696019003	NFAT5-independent
Atp8b4	ENSMUSG00000060131	-0.713384138997642	1.85349488975274e-58	-0.759638716949918	6.78703064504653e-64	TRUE	0.9391097676827266	0.9391097676827266	-0.046254577952276055	Partially dependent
Phf3	ENSMUSG00000048874	0.641951360932407	1.9004347009521698e-49	0.668391865897131	1.1158235949662601e-52	TRUE	0.9604416117044828	0.9604416117044828	0.026440504964723943	Partially dependent
Rab8a	ENSMUSG00000003037	-0.480320429679149	2.0180670854691098e-25	-0.253245658463861	7.7320894073823e-8	TRUE	1.8966581010418087	1.8966581010418087	0.22707477121528802	NFAT5-independent
Srf	ENSMUSG00000015605	-0.341668239531311	3.57587125049759e-16	-0.345849729141484	4.1344586073391797e-16	TRUE	0.9879095189099819	0.9879095189099819	-0.004181489610173006	Partially dependent
Afg3l1	ENSMUSG00000031967	-0.361185807174695	9.843221047560731e-15	-0.317285644224472	2.2175157811937597e-11	TRUE	1.1383616427321392	1.1383616427321392	0.04390016295022303	NFAT5-independent
Ap3d1	ENSMUSG00000020198	-0.203548649990818	1.2470639274643e-5	-0.281075212704888	1.6039092557755302e-9	TRUE	0.7241785856248085	0.7241785856248085	-0.07752656271406999	Partially dependent
Il2rg	ENSMUSG00000031304	-0.367087699600066	1.75117909532734e-16	-0.256563134266293	1.72388503964116e-8	TRUE	1.4307889582415878	1.4307889582415878	0.11052456533377297	NFAT5-independent
Saraf	ENSMUSG00000031532	0.682127804386756	1.7874288809251e-61	0.526779757975247	1.1934369565208498e-35	TRUE	1.2949013208263949	1.2949013208263949	-0.155348046411509	NFAT5-independent
Cd3e	ENSMUSG00000032093	-0.532484705282862	7.48566405684631e-27	-0.518891714234303	4.4964018872684195e-25	TRUE	1.0261961998537927	1.0261961998537927	0.013592991048558933	NFAT5-independent
Npepl1	ENSMUSG00000039263	-0.593437423185854	6.24992647905066e-46	-0.642112844723768	8.98057485412653e-52	TRUE	0.9241949106954032	0.9241949106954032	-0.04867542153791393	Partially dependent
Wdr18	ENSMUSG00000035754	-0.273538758825715	2.36620835569131e-8	-0.456479701028821	1.61814491520001e-20	TRUE	0.5992353180419833	0.5992353180419833	-0.18294094220310603	Strongly NFAT5-dependent
Stat6	ENSMUSG00000002147	-0.564180000693453	2.2676317792015998e-41	-0.506631823544253	5.1440675518946696e-33	TRUE	1.113589740073194	1.113589740073194	0.05754817714920002	NFAT5-independent
Cdca7	ENSMUSG00000055612	-0.774934473515161	1.4679259827284901e-52	-0.584517005866072	1.8888807840651897e-30	TRUE	1.32576890960931	1.32576890960931	0.19041746764908896	NFAT5-independent
Ints3	ENSMUSG00000027933	-0.447184167739163	1.35889128884653e-26	-0.2711893298639	2.44629169129909e-10	TRUE	1.6489740505778319	1.6489740505778319	0.175994837875263	NFAT5-independent
Xpo4	ENSMUSG00000021952	-0.407874025216992	4.41356699070808e-18	-0.501236635454579	7.99966796273749e-26	TRUE	0.8137354621876052	0.8137354621876052	-0.09336261023758696	Partially dependent
Wars	ENSMUSG00000021266	-0.196881143358722	1.46205266887878e-5	-0.250746322871332	3.94567720640707e-8	TRUE	0.7851805805333769	0.7851805805333769	-0.05386517951260997	Partially dependent
Dpp8	ENSMUSG00000032393	-0.453610572056289	2.2508227339455e-23	-0.391124888339764	2.31257912907125e-17	TRUE	1.1597589045835526	1.1597589045835526	0.06248568371652502	NFAT5-independent
Sec16a	ENSMUSG00000026924	-0.347754608681843	2.24701473053228e-14	-0.269452215424412	6.50734975700947e-9	TRUE	1.2905984392598053	1.2905984392598053	0.07830239325743099	NFAT5-independent
Brd1	ENSMUSG00000022387	0.479993194854678	1.04107647497515e-29	0.47697309409097	8.215846239631429e-29	TRUE	1.0063318052970343	1.0063318052970343	-0.0030201007637080113	NFAT5-independent
Pdia4	ENSMUSG00000025823	-0.705024442485793	5.82276388687742e-63	-0.582584804314709	5.221952237088639e-43	TRUE	1.210166206300401	1.210166206300401	0.12243963817108394	NFAT5-independent
Ehd1	ENSMUSG00000024772	0.649478622535168	5.96679540750804e-47	0.258932116676111	7.26624219838779e-8	TRUE	2.5082968882827994	2.5082968882827994	-0.390546505859057	NFAT5-independent
Zfp706	ENSMUSG00000062397	-0.404500557298207	1.4170072368657698e-20	-0.489740652002863	2.5191428903198298e-28	TRUE	0.8259485007910724	0.8259485007910724	-0.08524009470465599	Partially dependent
Zc3h7b	ENSMUSG00000022390	-0.242377116670666	4.58748343657629e-7	-0.26157892754732	7.59962182817232e-8	TRUE	0.9265926691545887	0.9265926691545887	-0.019201810876653985	Partially dependent
Rnf213	ENSMUSG00000070327	-0.401600103474305	6.10157178255583e-15	-0.487289150841054	7.53373845854817e-21	TRUE	0.8241515387345462	0.8241515387345462	-0.08568904736674898	Partially dependent
Mxi1	ENSMUSG00000025025	0.799430156046322	6.1431768471500295e-77	0.813204257559666	9.065586483577481e-79	TRUE	0.9830619412216575	0.9830619412216575	0.013774101513344017	Partially dependent
Map4k2	ENSMUSG00000024948	-0.48024586849624	1.66754999595161e-22	-0.258258091071476	3.08993962193979e-7	TRUE	1.8595578806602664	1.8595578806602664	0.221987777424764	NFAT5-independent
Nup107	ENSMUSG00000052798	-0.252105642881646	2.17129533912509e-8	-0.256994273015848	2.18692109041954e-8	TRUE	0.9809776689696874	0.9809776689696874	-0.004888630134201988	Partially dependent
Mcm10	ENSMUSG00000026669	-0.76194638350621	9.76564554279684e-63	-0.734897239784034	4.0005326870988496e-57	TRUE	1.036806702022891	1.036806702022891	0.02704914372217604	NFAT5-independent
Scrib	ENSMUSG00000022568	0.584822024827534	2.19743832226528e-31	0.589710414099081	2.52556303638238e-31	TRUE	0.9917105257857535	0.9917105257857535	0.004888389271547	Partially dependent
Pgs1	ENSMUSG00000017715	0.39034195409558903	1.2060995570445301e-14	0.383092842736212	6.99267334790064e-14	TRUE	1.0189225966937956	1.0189225966937956	-0.007249111359377003	NFAT5-independent
Med1	ENSMUSG00000018160	0.309639144875634	4.04905326678222e-11	0.25492665593501	1.19959562931849e-7	TRUE	1.214620510122614	1.214620510122614	-0.05471248894062397	NFAT5-independent
Tacc3	ENSMUSG00000037313	-0.422040140032007	2.31280493141824e-20	-0.304581794511554	5.3943886997370003e-11	TRUE	1.3856381032517602	1.3856381032517602	0.11745834552045303	NFAT5-independent
Naa25	ENSMUSG00000042719	0.439916290813198	1.7129857723106898e-23	0.257897412755934	2.38365019899191e-8	TRUE	1.7057801631748861	1.7057801631748861	-0.18201887805726402	NFAT5-independent
Cnot6l	ENSMUSG00000034724	0.292951931574749	1.12107108644971e-10	0.331957088958381	3.36053053380412e-13	TRUE	0.8824993992264999	0.8824993992264999	0.03900515738363197	Partially dependent
Nmt1	ENSMUSG00000020936	-0.405474207113248	3.3515301308854e-20	-0.455235910477452	2.88302097125014e-24	TRUE	0.8906902943750332	0.8906902943750332	-0.04976170336420399	Partially dependent
Edem2	ENSMUSG00000038312	-0.746438958963254	2.6495843852832003e-62	-0.416330335793619	1.3409479351207299e-20	TRUE	1.7929007203867906	1.7929007203867906	0.33010862316963496	NFAT5-independent
Hectd4	ENSMUSG00000042744	0.356165297455735	1.28680427138154e-10	0.383178874834205	5.770045597315479e-12	TRUE	0.9295013917712497	0.9295013917712497	0.02701357737846999	Partially dependent
Smpd4	ENSMUSG00000005899	0.00171128736546109	0.991747756487347	-0.284765167178473	1.6928799545210702e-9	FALSE	-0.006009468722656525	0.006009468722656525	-0.2864764545439341	Strongly NFAT5-dependent
Man1a	ENSMUSG00000003746	0.49249961537178	7.249600979700069e-30	0.457987619038416	2.8423550156370596e-25	TRUE	1.0753557408513026	1.0753557408513026	-0.03451199633336399	NFAT5-independent
Pbrm1	ENSMUSG00000042323	-0.256044346113391	2.96528585668894e-8	-0.342059114176345	2.26205756165102e-13	TRUE	0.7485382949959638	0.7485382949959638	-0.086014768062954	Partially dependent
Hmmr	ENSMUSG00000020330	-0.309658786040431	9.55058900426295e-13	-0.265013550680162	1.9591752866165502e-9	TRUE	1.1684639719202516	1.1684639719202516	0.04464523536026899	NFAT5-independent
Phf6	ENSMUSG00000025626	0.223274708045483	3.30336849109306e-7	0.336170182969521	5.4943532085268504e-15	TRUE	0.6641716587509675	0.6641716587509675	0.11289547492403801	Strongly NFAT5-dependent
Bcat1	ENSMUSG00000030268	-0.0548705691705279	0.336570363762863	-0.505805467189125	2.17710120760878e-28	TRUE	0.10848156599701467	0.10848156599701467	-0.4509348980185971	Strongly NFAT5-dependent
Ubn1	ENSMUSG00000039473	0.21354792254501	7.22485075829107e-7	0.344924274430967	2.37188470650508e-16	TRUE	0.6191153779979883	0.6191153779979883	0.131376351885957	Strongly NFAT5-dependent
Nrd1	ENSMUSG00000053510	-0.295937894419416	5.74678257594645e-12	-0.312701442216665	7.381655123249719e-13	TRUE	0.9463912040877832	0.9463912040877832	-0.016763547797249034	Partially dependent
Efhd2	ENSMUSG00000040659	-0.352754285637607	2.8357132960293904e-15	-0.420303406272457	2.07033212104346e-20	TRUE	0.839284860349045	0.839284860349045	-0.06754912063484997	Partially dependent
Psma6	ENSMUSG00000021024	-0.379531409112562	5.08690473586944e-16	-0.272600949786935	1.12685977763914e-8	TRUE	1.3922600394797007	1.3922600394797007	0.106930459325627	NFAT5-independent
Cdk13	ENSMUSG00000041297	0.461729433818873	1.28865382212641e-26	0.370263578039887	6.514788112706331e-17	TRUE	1.247029038781483	1.247029038781483	-0.09146585577898597	NFAT5-independent
Papd5	ENSMUSG00000036779	0.467988734765918	2.87215394553802e-27	0.280216008004773	5.94509218767171e-10	TRUE	1.6700999279025726	1.6700999279025726	-0.18777272676114504	NFAT5-independent
Spcs3	ENSMUSG00000054408	-0.482417068914308	2.83134670820808e-25	-0.567201933293004	3.87760609929827e-33	TRUE	0.8505208473348099	0.8505208473348099	-0.08478486437869592	Partially dependent
Cdk1	ENSMUSG00000019942	-0.48171454579295	3.2319698803662e-26	-0.406268524514839	1.1305508684199399e-18	TRUE	1.1857048152283214	1.1857048152283214	0.07544602127811095	NFAT5-independent
Tgoln1	ENSMUSG00000056429	0.259526779894701	1.54434042824027e-8	0.259995388909813	2.26156199222248e-8	TRUE	0.9981976256691439	0.9981976256691439	4.6860901511197595e-4	Partially dependent
Dhx16	ENSMUSG00000024422	-0.288205711693773	6.94583354243827e-11	-0.303658161061006	1.2389599814719e-11	TRUE	0.9491123528073775	0.9491123528073775	-0.015452449367233001	Partially dependent
Yars	ENSMUSG00000028811	-0.102766815934489	0.040353691213723	-0.251724672368537	3.11872310909238e-8	TRUE	0.40825086777363423	0.40825086777363423	-0.14895785643404802	Strongly NFAT5-dependent
Akap1	ENSMUSG00000018428	0.575790652103952	2.79687586489318e-37	0.446856406586199	4.63618951139249e-22	TRUE	1.288536191083749	1.288536191083749	-0.12893424551775295	NFAT5-independent
Limd1	ENSMUSG00000025239	0.504671312730686	2.91642198242771e-32	0.288867013596642	1.27684102251894e-10	TRUE	1.7470714514859118	1.7470714514859118	-0.21580429913404398	NFAT5-independent
Itpkb	ENSMUSG00000038855	0.272792340214034	2.85187762008458e-10	0.39036405187618	7.08443123796633e-20	TRUE	0.698815218519561	0.698815218519561	0.11757171166214603	Partially dependent
Casp8	ENSMUSG00000026029	-0.148601896863583	9.7185784580266e-4	-0.253582616327979	8.610008331263311e-9	TRUE	0.5860097944229113	0.5860097944229113	-0.10498071946439602	Strongly NFAT5-dependent
Cbx3	ENSMUSG00000029836	-0.586938472084599	1.38435763059163e-35	-0.533729110033433	3.88973755288436e-29	TRUE	1.0996935731083375	1.0996935731083375	0.053209362051166	NFAT5-independent
Rock2	ENSMUSG00000020580	0.73324877207076	3.57677766846488e-69	0.42067892428429	4.38284406556878e-22	TRUE	1.7430128531355635	1.7430128531355635	-0.31256984778647	NFAT5-independent
Bzw2	ENSMUSG00000020547	-0.246750806267393	6.15622944934735e-8	-0.458834483684703	1.8269809499662297e-23	TRUE	0.5377773795156875	0.5377773795156875	-0.21208367741730996	Strongly NFAT5-dependent
Plxnc1	ENSMUSG00000074785	-0.746538007776147	4.88822816029712e-51	-0.618659909518176	3.7021238771220696e-35	TRUE	1.2067017698909324	1.2067017698909324	0.12787809825797103	NFAT5-independent
Ythdf2	ENSMUSG00000040025	0.378619157550029	2.02790366723794e-17	0.302411965715673	3.9073981219915696e-11	TRUE	1.2519979381570032	1.2519979381570032	-0.07620719183435598	NFAT5-independent
Dnajb11	ENSMUSG00000004460	-0.311542236332674	9.87723526121713e-11	-0.28130102073337	9.2485420639725e-9	TRUE	1.107504819998389	1.107504819998389	0.03024121559930404	NFAT5-independent
Prdx2	ENSMUSG00000005161	0.196808519526092	3.42547539835621e-5	0.256438136249909	4.4641253331786e-8	TRUE	0.7674697781077865	0.7674697781077865	0.05962961672381703	Partially dependent
Maea	ENSMUSG00000079562	0.354596985617991	1.18946131525847e-15	0.329527439899809	1.93307980867471e-13	TRUE	1.0760772630218725	1.0760772630218725	-0.02506954571818204	NFAT5-independent
Ankrd13b	ENSMUSG00000037907	0.754454728367564	4.0171775412677596e-60	0.540580498549251	4.2525864414731095e-30	TRUE	1.3956380786807598	1.3956380786807598	-0.21387422981831294	NFAT5-independent
Pkn1	ENSMUSG00000057672	0.112381401806673	0.0259486976469738	0.309824163187213	6.684490351153069e-12	TRUE	0.3627263950319004	0.3627263950319004	0.19744276138054	Strongly NFAT5-dependent
Farsb	ENSMUSG00000026245	-0.263341080066258	1.21736783843094e-7	-0.314527641013832	3.80236548593201e-10	TRUE	0.8372589423855343	0.8372589423855343	-0.05118656094757401	Partially dependent
Gimap6	ENSMUSG00000047867	0.396247358606567	2.1627841259316002e-15	0.675284296095313	3.3052077478094693e-43	TRUE	0.5867859816936105	0.5867859816936105	0.27903693748874603	Strongly NFAT5-dependent
Mlxip	ENSMUSG00000038342	0.412312638910312	1.90803029007137e-20	0.327724885472644	7.381655123249719e-13	TRUE	1.2581059821431495	1.2581059821431495	-0.084587753437668	NFAT5-independent
Slc7a6	ENSMUSG00000031904	0.773179290023486	1.1330193891152399e-70	0.52133488056948	4.891502295842779e-31	TRUE	1.48307607804585	1.48307607804585	-0.251844409454006	NFAT5-independent
Foxk2	ENSMUSG00000039275	-0.332536886993519	7.24114373157304e-13	-0.463199863838005	6.71523045634998e-23	TRUE	0.7179123159453631	0.7179123159453631	-0.13066297684448597	Partially dependent
Lef1	ENSMUSG00000027985	-0.0989207823706573	0.0891826295434105	-0.303934050886986	3.2454634748109602e-9	TRUE	0.3254679167469779	0.3254679167469779	-0.2050132685163287	Strongly NFAT5-dependent
Birc5	ENSMUSG00000017716	-0.202993836747968	8.98435537350896e-6	-0.252776994095962	3.49244695767155e-8	TRUE	0.8030550306761906	0.8030550306761906	-0.04978315734799399	Partially dependent
Tbc1d10b	ENSMUSG00000042492	0.564982702601678	7.90381218404685e-42	0.392370550292104	7.07891777286213e-20	TRUE	1.4399212738598024	1.4399212738598024	-0.17261215230957405	NFAT5-independent
Psip1	ENSMUSG00000028484	0.490794792637426	7.20676185415228e-30	0.432623922239315	1.28290108042354e-22	TRUE	1.1344605959305518	1.1344605959305518	-0.058170870398110974	NFAT5-independent
Was	ENSMUSG00000031165	-0.437860878702488	1.28836873791896e-21	-0.285579362287779	1.0215680055592201e-9	TRUE	1.5332371190788447	1.5332371190788447	0.152281516414709	NFAT5-independent
Kif15	ENSMUSG00000036768	-0.689210492161703	1.07856962106442e-47	-0.546818357361889	2.42633033627438e-30	TRUE	1.2604011604269858	1.2604011604269858	0.14239213479981405	NFAT5-independent
Iqgap2	ENSMUSG00000021676	-0.875219576605739	1.13203062616933e-79	-0.373346021666152	2.98290813658463e-16	TRUE	2.344258478233806	2.344258478233806	0.501873554939587	NFAT5-independent
Nfe2l1	ENSMUSG00000038615	0.555004045666309	3.7209505393033997e-41	0.251664230516722	1.18857220326018e-8	TRUE	2.20533543653289	2.20533543653289	-0.303339815149587	NFAT5-independent
Znrf2	ENSMUSG00000058446	0.762970779863589	1.35894086402896e-57	0.893493674413892	1.93788879367708e-78	TRUE	0.8539185018451053	0.8539185018451053	0.13052289455030308	Partially dependent
Setdb1	ENSMUSG00000015697	0.506885915059612	5.7108717248697094e-30	0.515915130903126	2.33326495554178e-30	TRUE	0.9824986411472211	0.9824986411472211	0.009029215843514016	Partially dependent
Arl5a	ENSMUSG00000036093	0.201611558580967	3.49166367662851e-6	0.294558449507651	6.6985058886014095e-12	TRUE	0.6844534893429708	0.6844534893429708	0.09294689092668398	Partially dependent
Dynll1	ENSMUSG00000009013	-0.375237920545067	4.64128766752667e-13	-0.461443013071615	1.12842407493074e-18	TRUE	0.8131836649714985	0.8131836649714985	-0.08620509252654801	Partially dependent
Nufip2	ENSMUSG00000037857	0.618224474429628	2.81891758557473e-38	0.575701358935993	2.23608505666669e-32	TRUE	1.073863149415221	1.073863149415221	-0.04252311549363508	NFAT5-independent
Cdt1	ENSMUSG00000006585	-0.220280760630102	7.29169410975442e-7	-0.346083508633719	9.15155494922383e-15	TRUE	0.6364959760715971	0.6364959760715971	-0.12580274800361702	Strongly NFAT5-dependent
Dhx33	ENSMUSG00000040620	0.479272747840893	1.18171060226944e-28	0.361887453446011	4.11197702181437e-16	TRUE	1.3243696162359342	1.3243696162359342	-0.11738529439488204	NFAT5-independent
Rrp7a	ENSMUSG00000018040	-0.403286750171912	2.9566365018916897e-19	-0.366007475775753	1.10677564132035e-15	TRUE	1.1018538605451857	1.1018538605451857	0.03727927439615902	NFAT5-independent
Morc2a	ENSMUSG00000034543	0.78887134088817	7.15159956124056e-69	0.579781920208374	5.5063154557368494e-36	TRUE	1.3606345996519675	1.3606345996519675	-0.20908942067979597	NFAT5-independent
Rlim	ENSMUSG00000056537	0.486542904786209	1.76743483282548e-25	0.296531342725693	1.14147909525359e-9	TRUE	1.640780702349858	1.640780702349858	-0.190011562060516	NFAT5-independent
Ssbp3	ENSMUSG00000061887	-0.338348327189271	1.84344338745722e-13	-0.262853894071288	2.16465058258246e-8	TRUE	1.287210632297151	1.287210632297151	0.07549443311798298	NFAT5-independent
Clspn	ENSMUSG00000042489	-0.587281837649064	1.5052403514121e-40	-0.52279597720097	7.12540617860348e-32	TRUE	1.1233480425640399	1.1233480425640399	0.06448586044809401	NFAT5-independent
Pwp2	ENSMUSG00000032834	-0.240804202200281	2.10712948849092e-7	-0.250205825213953	9.52274965237161e-8	TRUE	0.9624244439327797	0.9624244439327797	-0.009401623013672006	Partially dependent
Selenot	ENSMUSG00000075700	0.0671149123616962	0.254134717140238	-0.297600157453154	5.53894280650864e-10	FALSE	-0.22552041953224078	0.22552041953224078	-0.3647150698148502	Strongly NFAT5-dependent
Slbp	ENSMUSG00000004642	-0.298529932560106	5.2723851231804e-11	-0.323335863851614	2.2897639635575e-12	TRUE	0.9232812252992387	0.9232812252992387	-0.024805931291507988	Partially dependent
Prpf31	ENSMUSG00000008373	-0.926522563561064	5.75993522933531e-88	-0.697659534993887	2.79579769152654e-51	TRUE	1.3280440058332785	1.3280440058332785	0.228863028567177	NFAT5-independent
Isg20l2	ENSMUSG00000048039	0.444445883906919	9.558600175445459e-22	0.325523712756645	1.0892776002867099e-11	TRUE	1.3653256782530552	1.3653256782530552	-0.11892217115027404	NFAT5-independent
Imp4	ENSMUSG00000026127	-0.286769669135317	1.3337436661653201e-10	-0.25306510907475	2.49205647648402e-8	TRUE	1.133185329987989	1.133185329987989	0.03370456006056699	NFAT5-independent
Nek6	ENSMUSG00000026749	0.466730305904817	3.2730895235829e-25	-0.390087369685023	1.83263566342346e-15	FALSE	-1.1964763337035995	1.1964763337035995	-0.85681767558984	NFAT5-independent (Opposite direction)
Ubp1	ENSMUSG00000009741	0.432166067817099	3.9640899411764405e-21	0.276443765718758	6.73254366502466e-9	TRUE	1.563305530488129	1.563305530488129	-0.15572230209834098	NFAT5-independent
Adipor2	ENSMUSG00000030168	0.40865366191188	3.1942115520923197e-19	0.407591863262126	1.00790938545284e-18	TRUE	1.0026050535976259	1.0026050535976259	-0.001061798649754031	NFAT5-independent
Rilpl2	ENSMUSG00000029401	0.109651454056006	0.0333583272330885	0.496567645426196	7.49243850154571e-29	TRUE	0.22081876470605313	0.22081876470605313	0.38691619137019	Strongly NFAT5-dependent
Dnmt3a	ENSMUSG00000020661	0.521320561088267	9.333835524058721e-32	-0.37525262182729	2.24405125024737e-14	FALSE	-1.389252281702124	1.389252281702124	-0.896573182915557	NFAT5-independent (Opposite direction)
Rbm15	ENSMUSG00000048109	0.91759964889572	1.1242277657626898e-98	0.792066712624171	1.80391692835754e-71	TRUE	1.1584878322378298	1.1584878322378298	-0.12553293627154893	NFAT5-independent
Cmtm7	ENSMUSG00000032436	-1.09671121778236	6.6152747911163e-128	-0.486885283643959	3.04034884444584e-28	TRUE	2.2525043467617802	2.2525043467617802	0.6098259341384009	NFAT5-independent
Dars	ENSMUSG00000026356	-1.08616026384992	1.98408868641487e-110	-0.998006078726043	2.3995304241543398e-92	TRUE	1.0883303088057399	1.0883303088057399	0.08815418512387696	NFAT5-independent
Cpsf7	ENSMUSG00000034820	0.404218866027772	4.4836189956088795e-18	0.34909337955127	2.43799567696481e-13	TRUE	1.157910432295683	1.157910432295683	-0.055125486476502006	NFAT5-independent
Rinl	ENSMUSG00000051735	-0.949094904599744	9.26380357597641e-85	-0.583586851171527	7.976858957498119e-34	TRUE	1.6263130375444108	1.6263130375444108	0.365508053428217	NFAT5-independent
Nop9	ENSMUSG00000019297	-0.178450603755391	2.3781251538209e-4	-0.279357453762413	5.5014527433320105e-9	TRUE	0.638789484053499	0.638789484053499	-0.10090685000702199	Strongly NFAT5-dependent
Arhgef6	ENSMUSG00000031133	-0.926304736485824	1.2346330539643798e-92	-0.641573408083856	3.18195391138712e-46	TRUE	1.4438016364368278	1.4438016364368278	0.284731328401968	NFAT5-independent
Eif1ax	ENSMUSG00000067194	-0.2611457677953	1.4441341571384e-8	-0.293715027115414	2.8906828547877403e-10	TRUE	0.889112723853533	0.889112723853533	-0.03256925932011395	Partially dependent
Noa1	ENSMUSG00000036285	0.64545430962959	5.9449355553550086e-43	0.45202997546623	1.10579699575622e-20	TRUE	1.427901565518657	1.427901565518657	-0.19342433416336002	NFAT5-independent
Stk38	ENSMUSG00000024006	0.385040879446084	2.71026074713521e-16	0.455784737276679	3.39852663796475e-22	TRUE	0.8447866897577776	0.8447866897577776	0.070743857830595	Partially dependent
Dpp3	ENSMUSG00000063904	-0.353165719720154	1.3044926635500199e-11	-0.291104310245709	4.38499048978647e-8	TRUE	1.2131930283755041	1.2131930283755041	0.062061409474444995	NFAT5-independent
Srek1	ENSMUSG00000032621	0.404828682893364	3.5159206418264e-18	0.320844372715216	2.13188998075517e-11	TRUE	1.2617602717087175	1.2617602717087175	-0.083984310178148	NFAT5-independent
Coa5	ENSMUSG00000026112	-0.630738872017918	1.7485348670358602e-46	-0.410968694845802	1.4192173140530798e-20	TRUE	1.5347613575641694	1.5347613575641694	0.219770177172116	NFAT5-independent
Rela	ENSMUSG00000024927	0.379820180761521	4.64253687616301e-18	0.258419355655937	2.03339332134851e-8	TRUE	1.4697822452092897	1.4697822452092897	-0.12140082510558403	NFAT5-independent
Carm1	ENSMUSG00000032185	-0.228957507389645	1.52074575418552e-6	-0.537162340994685	3.05213479984297e-29	TRUE	0.426235217766151	0.426235217766151	-0.30820483360504	Strongly NFAT5-dependent
Trappc10	ENSMUSG00000000374	0.157535831827066	0.00344906133546665	0.334254047765118	2.6306654094409e-11	TRUE	0.47130568165255904	0.47130568165255904	0.17671821593805204	Strongly NFAT5-dependent
Heatr3	ENSMUSG00000031657	-0.370176404893617	5.790636573002881e-15	-0.320163569076945	3.1074763431794696e-11	TRUE	1.15621026452467	1.15621026452467	0.050012835816671986	NFAT5-independent
Rbm6	ENSMUSG00000032582	0.217854086017491	2.6591213385466e-6	0.319915665523476	2.27436293117473e-12	TRUE	0.6809734861249065	0.6809734861249065	0.10206157950598499	Partially dependent
Trim8	ENSMUSG00000025034	0.62446043668788	4.206557430314309e-43	0.434549179804145	1.9405925922438298e-20	TRUE	1.4370305266007628	1.4370305266007628	-0.189911256883735	NFAT5-independent
Kansl1	ENSMUSG00000018412	0.432688665562163	1.88311052343725e-20	0.304497600238134	2.84712050825211e-10	TRUE	1.420992038110568	1.420992038110568	-0.12819106532402902	NFAT5-independent
Arap1	ENSMUSG00000032812	0.113434589522399	0.0417446653108379	0.280199822722021	1.53035753545478e-8	TRUE	0.4048346227361269	0.4048346227361269	0.166765233199622	Strongly NFAT5-dependent
Khdc4	ENSMUSG00000028060	0.610019068218727	3.5099211453398894e-36	0.495564424141286	2.19690433632917e-23	TRUE	1.230958152970258	1.230958152970258	-0.11445464407744099	NFAT5-independent
Mepce	ENSMUSG00000029726	0.725726798412692	1.22946430024646e-52	0.611495594294266	1.56591872870357e-36	TRUE	1.186806258596616	1.186806258596616	-0.11423120411842602	NFAT5-independent
Tnfrsf4	ENSMUSG00000029075	0.328175557080008	1.46326762066232e-10	0.299347267488719	9.19260456490918e-9	TRUE	1.096303834115925	1.096303834115925	-0.028828289591289025	NFAT5-independent
Pik3ca	ENSMUSG00000027665	0.450138656877808	9.38926106507635e-24	0.35101038351339	2.5135503329498102e-14	TRUE	1.2824083788411251	1.2824083788411251	-0.09912827336441804	NFAT5-independent
Cdc6	ENSMUSG00000017499	-0.249687831860142	2.17704693946044e-7	-0.427757116788296	1.0633758201979399e-18	TRUE	0.5837140331757861	0.5837140331757861	-0.17806928492815396	Strongly NFAT5-dependent
Drg1	ENSMUSG00000020457	-0.414863602846091	3.9443011965244304e-14	-0.416627333187762	5.39637749947297e-14	TRUE	0.9957666475500392	0.9957666475500392	-0.0017637303416710437	Partially dependent
Usp25	ENSMUSG00000022867	0.260148977709938	3.92183749997353e-8	0.266441019421252	2.56961678625953e-8	TRUE	0.9763848609910697	0.9763848609910697	0.006292041711313978	Partially dependent
Arid1b	ENSMUSG00000069729	0.149848190617489	0.00368768211954065	0.32050775257935	3.00976934058637e-11	TRUE	0.46753374734793723	0.46753374734793723	0.170659561961861	Strongly NFAT5-dependent
Dgcr8	ENSMUSG00000022718	0.676228959179304	5.948535037143959e-44	0.666901570029639	7.808608581671359e-42	TRUE	1.013986155632008	1.013986155632008	-0.009327389149665022	NFAT5-independent
Unc13d	ENSMUSG00000057948	-0.4277745278634	1.8826718968593698e-16	-0.335576134835273	2.03599707836045e-10	TRUE	1.2747465730046184	1.2747465730046184	0.09219839302812699	NFAT5-independent
Nol11	ENSMUSG00000018433	-0.202305009617948	1.94337443547903e-5	-0.256809054872807	4.87051462874157e-8	TRUE	0.7877643166365226	0.7877643166365226	-0.05450404525485897	Partially dependent
Degs1	ENSMUSG00000038633	0.55970096915016	1.08851370184773e-32	0.433277466616412	3.46469659755906e-19	TRUE	1.2917841620544577	1.2917841620544577	-0.126423502533748	NFAT5-independent
Apaf1	ENSMUSG00000019979	0.380049318252753	2.96249960407074e-16	0.259070624915481	1.07365753270217e-7	TRUE	1.466971866751547	1.466971866751547	-0.12097869333727201	NFAT5-independent
Odf2	ENSMUSG00000026790	-0.86109667500445	1.34044651976098e-69	-0.665033877711449	4.9330762023379693e-42	TRUE	1.2948162550270417	1.2948162550270417	0.19606279729300102	NFAT5-independent
Lamc1	ENSMUSG00000026478	0.375029236983191	1.41594081941531e-13	0.42949477423807503	2.89434559030514e-17	TRUE	0.8731869617005096	0.8731869617005096	0.05446553725488401	Partially dependent
Crkl	ENSMUSG00000006134	0.527505956138776	2.18743113263872e-31	0.361918858725978	1.18109543415432e-14	TRUE	1.4575254740681256	1.4575254740681256	-0.16558709741279803	NFAT5-independent
Ppp3cb	ENSMUSG00000021816	-0.559960516847799	1.17749219159287e-33	-0.3453375103694	1.74974862077486e-13	TRUE	1.6214876751987395	1.6214876751987395	0.214623006478399	NFAT5-independent
Pitpnm1	ENSMUSG00000024851	0.780366292382958	2.6769546571403794e-43	0.612473031370661	2.2982048412928098e-26	TRUE	1.2741235163229416	1.2741235163229416	-0.16789326101229696	NFAT5-independent
Pold2	ENSMUSG00000020471	-0.939107850596775	1.10307760007937e-81	-0.872719771282172	1.8761159814151e-69	TRUE	1.0760703280699917	1.0760703280699917	0.066388079314603	NFAT5-independent
Extl3	ENSMUSG00000021978	0.378235875528038	1.46506105390676e-16	0.309382289737932	4.91786500535174e-11	TRUE	1.2225518010369296	1.2225518010369296	-0.06885358579010598	NFAT5-independent
Ahcyl2	ENSMUSG00000029772	0.414427364932957	1.17912399344912e-21	0.263087234510311	6.4002837878255406e-9	TRUE	1.5752469545104995	1.5752469545104995	-0.151340130422646	NFAT5-independent
Traf6	ENSMUSG00000027164	0.277580126864186	1.8112316992205602e-9	0.274918938561585	4.427190859347971e-9	TRUE	1.0096799017067528	1.0096799017067528	-0.002661188302600981	NFAT5-independent
Rfc2	ENSMUSG00000023104	-0.798882028022694	2.50784197698377e-63	-0.718834168430034	1.08933611650866e-50	TRUE	1.111357894641386	1.111357894641386	0.08004785959266003	NFAT5-independent
Coro7	ENSMUSG00000039637	-0.945071783919617	9.57114539702195e-78	-0.559235078575146	8.78650266437927e-29	TRUE	1.6899365224505047	1.6899365224505047	0.385836705344471	NFAT5-independent
Mrto4	ENSMUSG00000028741	-0.3347759727214	1.47908561892158e-11	-0.325624743746637	9.90824611160403e-11	TRUE	1.0281036043805176	1.0281036043805176	0.009151228974762948	NFAT5-independent
Axin1	ENSMUSG00000024182	0.787056310419145	9.84401775828761e-47	0.636524983760878	4.2525864414731095e-30	TRUE	1.2364892667195242	1.2364892667195242	-0.15053132665826707	NFAT5-independent
Tmed5	ENSMUSG00000063406	-0.288891889449684	3.32017489095522e-9	-0.344843121512802	2.7711105010501997e-12	TRUE	0.8377487368236781	0.8377487368236781	-0.05595123206311797	Partially dependent
Dtl	ENSMUSG00000037474	-0.669464999774394	4.82631917880971e-51	-0.662065396466216	1.35616706412723e-48	TRUE	1.011176544413397	1.011176544413397	0.0073996033081780155	NFAT5-independent
Skil	ENSMUSG00000027660	0.702810774158952	1.4846080135634899e-50	0.258357288565119	2.93977827905498e-7	TRUE	2.7203055817092165	2.7203055817092165	-0.44445348559383296	NFAT5-independent
Med22	ENSMUSG00000015776	0.433673702606992	1.27916681068652e-21	0.377661952482682	4.10956623477641e-16	TRUE	1.148311869268532	1.148311869268532	-0.056011750124310034	NFAT5-independent
Ubn2	ENSMUSG00000038538	0.429387530196922	3.95351051044873e-19	0.319759959760388	1.04576146140886e-10	TRUE	1.3428433332262217	1.3428433332262217	-0.10962757043653398	NFAT5-independent
Fli1	ENSMUSG00000016087	0.403054472920964	2.22653066259187e-17	0.380417642083119	3.18206295313097e-15	TRUE	1.0595052077866016	1.0595052077866016	-0.022636830837845012	NFAT5-independent
Sla	ENSMUSG00000022372	0.213574670506838	4.24559244405241e-5	1.23793988451522	1.4684369581034698e-153	TRUE	0.1725242664674903	0.1725242664674903	1.024365214008382	Strongly NFAT5-dependent
Rhog	ENSMUSG00000073982	0.397622088154203	6.7567944693954106e-15	0.344651960345145	3.7729959358465896e-11	TRUE	1.153691648107883	1.153691648107883	-0.05297012780905802	NFAT5-independent
Peak1	ENSMUSG00000074305	0.904979935993723	2.76286835313022e-82	1.07991126967259	3.7940999271851296e-117	TRUE	0.8380132344281367	0.8380132344281367	0.17493133367886715	Partially dependent
Ddx56	ENSMUSG00000004393	-0.377591542943259	1.83591189309564e-15	-0.300892027986548	5.461165310664861e-10	TRUE	1.2549071022916565	1.2549071022916565	0.07669951495671096	NFAT5-independent
Ptcd3	ENSMUSG00000063884	-0.356755836568174	2.62178081386364e-13	-0.297535248026127	2.10733156015956e-9	TRUE	1.1990372197409254	1.1990372197409254	0.05922058854204698	NFAT5-independent
Psmd14	ENSMUSG00000026914	-0.288357195272014	1.81340515133e-9	-0.350094009632177	6.5867086924853e-13	TRUE	0.8236564675156075	0.8236564675156075	-0.06173681436016304	Partially dependent
Rasgrp2	ENSMUSG00000032946	-1.00939715166929	1.5530914101597899e-80	-0.526435289834	1.2221210062881299e-23	TRUE	1.9174192368212652	1.9174192368212652	0.4829618618352899	NFAT5-independent
Crlf3	ENSMUSG00000017561	0.466174539642932	8.856048891055729e-25	0.290852410070106	7.828712415756921e-10	TRUE	1.6027872677093067	1.6027872677093067	-0.175322129572826	NFAT5-independent
Slc4a11	ENSMUSG00000074796	2.00067769617441	0	1.27222390535834	1.8439452768412397e-132	TRUE	1.572583008185883	1.572583008185883	-0.7284537908160702	NFAT5-independent
Rad51	ENSMUSG00000027323	-0.331934373609907	3.79205652815017e-11	-0.44078770034153	3.95646859058346e-18	TRUE	0.7530481756925579	0.7530481756925579	-0.10885332673162296	Partially dependent
Tmed7	ENSMUSG00000033184	-0.363295071454059	9.8706661161441e-14	-0.310868364890789	3.8009998608438203e-10	TRUE	1.1686460009582769	1.1686460009582769	0.052426706563269976	NFAT5-independent
Dennd5a	ENSMUSG00000035901	1.10478166132204	1.2434621073259798e-121	0.677303087629925	2.4675093994930694e-43	TRUE	1.631148124819545	1.631148124819545	-0.42747857369211506	NFAT5-independent
Dhcr24	ENSMUSG00000034926	0.749035953347357	2.2686261587526202e-65	0.370387557144656	1.46209660888848e-15	TRUE	2.0223032304911333	2.0223032304911333	-0.37864839620270097	NFAT5-independent
Sdhb	ENSMUSG00000009863	-0.435994666947091	1.04409471195944e-17	-0.279381350164325	7.49581483610741e-8	TRUE	1.560571837349379	1.560571837349379	0.15661331678276597	NFAT5-independent
Prdx6	ENSMUSG00000026701	-0.111352209232197	0.0420703908581069	-0.29778136349882	3.2454634748109602e-9	TRUE	0.37393948339765143	0.37393948339765143	-0.186429154266623	Strongly NFAT5-dependent
Kntc1	ENSMUSG00000029414	-0.854045554084631	9.6311395576534e-65	-0.778206368184793	5.22638752933303e-53	TRUE	1.0974538233049118	1.0974538233049118	0.07583918589983796	NFAT5-independent
Casp8ap2	ENSMUSG00000028282	0.341597775802495	3.57574186444177e-13	0.282746668122429	4.73098403456277e-9	TRUE	1.2081407645609588	1.2081407645609588	-0.05885110768006602	NFAT5-independent
Pdcd1	ENSMUSG00000026285	0.347883518465937	9.6605618736901e-14	-0.260842886496398	2.86938118262005e-7	FALSE	-1.3336898818237124	1.3336898818237124	-0.608726404962335	NFAT5-independent (Opposite direction)
Araf	ENSMUSG00000001127	-0.441631165741897	1.3669098829437899e-18	-0.412734826129284	4.92870519111823e-16	TRUE	1.070011876350753	1.070011876350753	0.028896339612612953	NFAT5-independent
Slmap	ENSMUSG00000021870	0.300673491202701	1.15957003559139e-8	0.260457235302833	1.35568356754031e-6	TRUE	1.1544063686812487	1.1544063686812487	-0.04021625589986799	NFAT5-independent
Rabgap1l	ENSMUSG00000026721	0.485146513722551	1.47519576052366e-23	0.381538720147651	1.5890606387658502e-14	TRUE	1.2715525007129158	1.2715525007129158	-0.10360779357490002	NFAT5-independent
Aaas	ENSMUSG00000036678	-0.534496267998542	8.96391646956754e-26	-0.504602229546163	1.19073592387892e-22	TRUE	1.0592427791673962	1.0592427791673962	0.029894038452379035	NFAT5-independent
Bcr	ENSMUSG00000009681	0.40978392039912	5.67324624733713e-17	0.323579602225545	1.20305882826015e-10	TRUE	1.2664083816800291	1.2664083816800291	-0.08620431817357499	NFAT5-independent
Ms4a6b	ENSMUSG00000024677	-0.110329598325706	0.0505929454017094	0.356691860279714	2.2792139982901e-13	FALSE	-0.3093134736497398	0.3093134736497398	0.46702145860542	Strongly NFAT5-dependent
Jade2	ENSMUSG00000020387	1.07071611010541	3.79200690150364e-90	0.818740784203123	3.60927488073387e-51	TRUE	1.3077595873613812	1.3077595873613812	-0.2519753259022869	NFAT5-independent
Osbpl3	ENSMUSG00000029822	0.0731507813600938	0.177498992153764	-0.37310068734387	3.77361464507066e-15	FALSE	-0.19606177056616902	0.19606177056616902	-0.44625146870396376	Strongly NFAT5-dependent
Lap3	ENSMUSG00000039682	-0.22590750007758	1.84751744525725e-6	-0.334066900615486	2.00634606467807e-12	TRUE	0.6762343101377816	0.6762343101377816	-0.10815940053790599	Strongly NFAT5-dependent
Supt20	ENSMUSG00000027751	-0.239742133819146	3.6147632935709e-7	-0.338924345575787	8.78661344519223e-13	TRUE	0.7073617960723839	0.7073617960723839	-0.09918221175664099	Partially dependent
Wdhd1	ENSMUSG00000037572	-0.561897674293195	1.1907794040737699e-29	-0.436756659403453	3.69528975546832e-18	TRUE	1.286523427165751	1.286523427165751	0.12514101488974205	NFAT5-independent
Pnisr	ENSMUSG00000028248	0.227965212548031	2.57124365254026e-6	0.258328472204985	1.07566742571513e-7	TRUE	0.8824625895946128	0.8824625895946128	0.030363259656953995	Partially dependent
H2afx	ENSMUSG00000049932	0.343221732544098	1.68983731413174e-11	0.653284354026036	1.24976216359007e-39	TRUE	0.525378773315026	0.525378773315026	0.31006262148193803	Strongly NFAT5-dependent
Zfas1	ENSMUSG00000074578	-0.286063392166169	3.6735252910014305e-9	-0.466480069737059	3.89278121793605e-21	TRUE	0.6132381868477563	0.6132381868477563	-0.18041667757089003	Strongly NFAT5-dependent
Rer1	ENSMUSG00000029048	-0.312013884808277	3.83073682605858e-9	-0.251632009251184	3.25212214069122e-6	TRUE	1.2399610277594637	1.2399610277594637	0.06038187555709301	NFAT5-independent
Mgea5	ENSMUSG00000025220	-0.710638596854516	9.28803899865707e-53	-0.688867889164055	1.35829333380916e-48	TRUE	1.0316036035833809	1.0316036035833809	0.021770707690461077	NFAT5-independent
Erap1	ENSMUSG00000021583	-0.735936176605432	7.76745064278641e-56	-0.519581823843702	1.01598322382774e-28	TRUE	1.416400926347286	1.416400926347286	0.21635435276172998	NFAT5-independent
Sqstm1	ENSMUSG00000015837	0.276460231803742	3.48468673316981e-8	0.255016956789831	5.62618638347343e-7	TRUE	1.0840856831006074	1.0840856831006074	-0.021443275013911023	NFAT5-independent
Gatad2b	ENSMUSG00000042390	0.251003343737468	8.73738000924082e-8	0.286537811663047	1.11629541081911e-9	TRUE	0.8759868105387586	0.8759868105387586	0.03553446792557896	Partially dependent
Itgav	ENSMUSG00000027087	0.819542576103113	2.07462434417166e-68	0.30724913251464	1.14265846083964e-9	TRUE	2.667355215605248	2.667355215605248	-0.512293443588473	NFAT5-independent
Ehmt1	ENSMUSG00000036893	0.453948082680897	1.03794945845333e-20	0.333536935012701	3.4976216060731295e-11	TRUE	1.361012934485384	1.361012934485384	-0.120411147668196	NFAT5-independent
Tm9sf4	ENSMUSG00000068040	-0.279895433085867	2.9102093189427e-9	-0.395037624011663	1.18462282734992e-16	TRUE	0.7085285453154797	0.7085285453154797	-0.11514219092579597	Partially dependent
Pde7a	ENSMUSG00000069094	0.954579238541299	1.88419780782809e-86	0.642345201339444	3.00696731715122e-37	TRUE	1.4860844862712015	1.4860844862712015	-0.31223403720185505	NFAT5-independent
Rab35	ENSMUSG00000029518	0.445498401020329	5.83128241567931e-17	0.334604997111305	1.00942431319395e-9	TRUE	1.3314158630814943	1.3314158630814943	-0.11089340390902402	NFAT5-independent
Hspa14	ENSMUSG00000109865	-0.442715331957869	3.73057744144603e-21	-0.297045259059878	4.97739223768858e-10	TRUE	1.4903968956078408	1.4903968956078408	0.145670072897991	NFAT5-independent
Slc43a3	ENSMUSG00000027074	-0.423184175798054	1.42203616209859e-19	-0.423617268852723	4.16572460865586e-19	TRUE	0.9989776312570026	0.9989776312570026	-4.3309305466898707e-4	Partially dependent
Cnot10	ENSMUSG00000056167	-0.219217968058008	9.61535534467328e-6	-0.267936834960988	6.97876004175062e-8	TRUE	0.8181703276816211	0.8181703276816211	-0.048718866902980024	Partially dependent
Snrnp40	ENSMUSG00000074088	-0.320712635173981	3.59148731592949e-11	-0.332752277939138	1.21853719687926e-11	TRUE	0.963818000466524	0.963818000466524	-0.012039642765156955	Partially dependent
Stoml2	ENSMUSG00000028455	-0.487746698035451	1.34922119366044e-23	-0.507609660387688	1.0407963597345e-24	TRUE	0.9608696132042354	0.9608696132042354	-0.019862962352236946	Partially dependent
Sec24a	ENSMUSG00000036391	0.685437556130354	1.5374201660019299e-34	0.784555644654751	1.33387059807897e-44	TRUE	0.8736634052667932	0.8736634052667932	0.09911808852439707	Partially dependent
Atxn1	ENSMUSG00000046876	0.640749106063734	1.1177943626215799e-42	0.526568876783318	5.89699498871003e-28	TRUE	1.2168381655556924	1.2168381655556924	-0.11418022928041605	NFAT5-independent
Tmem123	ENSMUSG00000050912	-0.378703394640787	2.5105940682379203e-15	-0.316803135052857	6.811719875837069e-11	TRUE	1.1953902999653152	1.1953902999653152	0.061900259587929995	NFAT5-independent
Prelid3b	ENSMUSG00000016257	-0.368237945561756	2.20897309269019e-13	-0.406135168106059	1.74427056348667e-15	TRUE	0.9066881533036646	0.9066881533036646	-0.037897222544303	Partially dependent
Treml2	ENSMUSG00000071068	0.553276561910167	2.08134406728986e-31	0.548541866494239	3.4503607734903296e-30	TRUE	1.0086314203256495	1.0086314203256495	-0.004734695415928081	NFAT5-independent
Neb	ENSMUSG00000026950	0.165809751689738	0.0011780770782436	0.377000621790357	3.72257814108991e-15	TRUE	0.43981293957106976	0.43981293957106976	0.211190870100619	Strongly NFAT5-dependent
Timeless	ENSMUSG00000039994	-0.685944612589358	4.08428239831551e-48	-0.583896516885481	7.48160879497199e-35	TRUE	1.1747708587956718	1.1747708587956718	0.10204809570387696	NFAT5-independent
Sfr1	ENSMUSG00000025066	0.549632741202045	1.80101884146435e-26	0.34958587500257	7.388911074299219e-11	TRUE	1.5722395568699803	1.5722395568699803	-0.20004686619947498	NFAT5-independent
Klhdc3	ENSMUSG00000063576	0.835177465123844	5.73980631903045e-66	0.5930804455581	7.11431249985192e-33	TRUE	1.408202666904531	1.408202666904531	-0.24209701956574403	NFAT5-independent
Sema4f	ENSMUSG00000000627	-0.129786433709416	0.0279038412341471	0.278815680923169	1.79048326571662e-7	FALSE	-0.46549187362664945	0.46549187362664945	0.408602114632585	NFAT5-independent (Opposite direction)
Rabggtb	ENSMUSG00000038975	-0.0863453093218948	0.139756967110859	-0.31481876538467	5.16550882160465e-10	TRUE	0.2742698937161239	0.2742698937161239	-0.22847345606277522	Strongly NFAT5-dependent
Atp6v1a	ENSMUSG00000052459	-0.583323028241767	1.3174905544469e-31	-0.491947495692343	1.42145772873346e-22	TRUE	1.1857424488376072	1.1857424488376072	0.09137553254942399	NFAT5-independent
Zswim8	ENSMUSG00000021819	0.53113119897071	4.19309372979587e-21	0.473153318602974	1.31132116235428e-16	TRUE	1.1225350813113195	1.1225350813113195	-0.057977880367736045	NFAT5-independent
Dus3l	ENSMUSG00000007603	0.350820878938809	8.45227727073621e-14	0.402243244487411	1.76457199982853e-17	TRUE	0.8721610213388894	0.8721610213388894	0.05142236554860202	Partially dependent
Spop	ENSMUSG00000057522	0.192816669991279	4.103566537864e-4	0.265576709504715	6.14014735487034e-7	TRUE	0.7260300436392588	0.7260300436392588	0.07276003951343601	Partially dependent
Ap1b1	ENSMUSG00000009090	-0.499455254664887	5.0013594830201395e-23	-0.273745225811987	1.16611424034108e-7	TRUE	1.8245259006194379	1.8245259006194379	0.22571002885289998	NFAT5-independent
Gadd45g	ENSMUSG00000021453	-0.108798427630634	0.0712257449885306	-0.340574444809207	3.28624968761809e-10	TRUE	0.3194556411641041	0.3194556411641041	-0.231776017178573	Strongly NFAT5-dependent
Zmpste24	ENSMUSG00000043207	-0.0713911820052384	0.263906406047084	-0.257600787959371	1.47107246717072e-6	TRUE	0.27713883397165023	0.27713883397165023	-0.1862096059541326	Strongly NFAT5-dependent
Urb1	ENSMUSG00000039929	-0.312892536395357	1.94481588119493e-10	-0.259766251579511	2.25660903770371e-7	TRUE	1.2045157309419956	1.2045157309419956	0.053126284815846025	NFAT5-independent
Marf1	ENSMUSG00000060657	0.237202873234841	1.89821702437725e-6	0.304305554212987	7.38023432111027e-10	TRUE	0.7794891350186134	0.7794891350186134	0.067102680978146	Partially dependent
Ndc1	ENSMUSG00000028614	-0.339207630033626	6.36330817386618e-11	-0.316567956158677	2.2024700836479204e-9	TRUE	1.071515999754571	1.071515999754571	0.022639673874948973	NFAT5-independent
Tcirg1	ENSMUSG00000001750	0.298676098288894	2.1963750595488e-9	0.337654699203227	1.6833968136909398e-11	TRUE	0.8845607627960995	0.8845607627960995	0.03897860091433297	Partially dependent
Gnpat	ENSMUSG00000031985	-0.445872189878637	1.10562933663673e-17	-0.516746284351078	2.0807687646407798e-22	TRUE	0.8628454686201692	0.8628454686201692	-0.07087409447244092	Partially dependent
Cit	ENSMUSG00000029516	-0.478329316640958	2.29097657874947e-17	-0.350708066178078	9.11024527244003e-10	TRUE	1.3638959658204102	1.3638959658204102	0.12762125046288003	NFAT5-independent
Unc119b	ENSMUSG00000046562	0.501322615605327	2.23972305601944e-25	0.598279468486793	2.28826902852426e-35	TRUE	0.8379405311589656	0.8379405311589656	0.09695685288146605	Partially dependent
Elovl1	ENSMUSG00000006390	-0.366897828541101	4.8936641460166105e-15	-0.299165058071943	3.51094542154751e-10	TRUE	1.2264060211633059	1.2264060211633059	0.06773277046915799	NFAT5-independent
Tnrc6b	ENSMUSG00000047888	0.139655190252284	0.035264522869934	0.369865968291349	4.87307966048127e-10	TRUE	0.37758323886201806	0.37758323886201806	0.23021077803906498	Strongly NFAT5-dependent
Icmt	ENSMUSG00000039662	0.537293167783647	2.2757365415976597e-30	0.476324042383476	2.9284333966354497e-23	TRUE	1.1279992609549747	1.1279992609549747	-0.06096912540017102	NFAT5-independent
Irf2bpl	ENSMUSG00000034168	0.395624831849353	1.14192144596989e-16	0.430625503666982	3.26060351994944e-19	TRUE	0.9187213216133704	0.9187213216133704	0.035000671817629	Partially dependent
Slc2a1	ENSMUSG00000028645	-0.0601311349177927	0.3806604914477	-0.370014509611845	1.26256162244659e-11	TRUE	0.16251020799392935	0.16251020799392935	-0.3098833746940523	Strongly NFAT5-dependent
Mllt3	ENSMUSG00000028496	0.767850971581835	3.4322422528791797e-60	0.779850066338545	7.49732175568535e-61	TRUE	0.9846135875668426	0.9846135875668426	0.011999094756710016	Partially dependent
Kansl3	ENSMUSG00000010453	0.459434017985589	7.24439906728687e-21	0.293466335808311	1.10473192448624e-8	TRUE	1.56554248963563	1.56554248963563	-0.16596768217727803	NFAT5-independent
Cks1b	ENSMUSG00000028044	0.291375470646861	4.62821509465536e-9	0.272506769824662	7.81903500845054e-8	TRUE	1.0692412186102371	1.0692412186102371	-0.01886870082219899	NFAT5-independent
Ccnf	ENSMUSG00000072082	-0.272538401393986	4.02023775158959e-8	-0.271061320028488	7.45714795950019e-8	TRUE	1.0054492517240852	1.0054492517240852	0.001477081365498012	NFAT5-independent
Spag9	ENSMUSG00000020859	0.644157014407816	7.77945286431312e-40	0.477431413707674	1.91548542766742e-21	TRUE	1.3492137214126139	1.3492137214126139	-0.16672560070014203	NFAT5-independent
Far1	ENSMUSG00000030759	-0.240298459225671	3.6719631184108e-6	-0.433334869535965	7.7999651038317e-17	TRUE	0.5545329400400981	0.5545329400400981	-0.193036410310294	Strongly NFAT5-dependent
Senp2	ENSMUSG00000022855	-0.298000564488527	4.3553010652462704e-9	-0.256611404206921	7.2418379868952e-7	TRUE	1.1612911959603769	1.1612911959603769	0.041389160281606	NFAT5-independent
Prc1	ENSMUSG00000038943	-0.474807020461104	1.23587209876962e-24	-0.387231380373861	1.52202961093436e-16	TRUE	1.2261584275600061	1.2261584275600061	0.087575640087243	NFAT5-independent
Irf2bp2	ENSMUSG00000051495	0.636889669943256	6.684095415477809e-33	0.649837456651256	1.24387423514004e-33	TRUE	0.9800753456491681	0.9800753456491681	0.012947786708000009	Partially dependent
Cbx6	ENSMUSG00000089715	-0.478625011580647	4.5987744867957704e-21	-0.274097670945926	1.3106129901832e-7	TRUE	1.746184161028753	1.746184161028753	0.204527340634721	NFAT5-independent
Eif1ad	ENSMUSG00000024841	-0.459211044752528	2.29009428986808e-20	-0.431940144802128	1.1186938172118501e-17	TRUE	1.063135830921418	1.063135830921418	0.027270899950399996	NFAT5-independent
Crebzf	ENSMUSG00000051451	0.530650341619655	5.07151773937002e-24	0.57264090571423	2.06056641111426e-27	TRUE	0.9266720842406428	0.9266720842406428	0.04199056409457502	Partially dependent
Tfip11	ENSMUSG00000029345	0.382242434178609	8.331318369967461e-15	0.333377047456396	3.2443237192529e-11	TRUE	1.146576937719758	1.146576937719758	-0.04886538672221297	NFAT5-independent
Ecd	ENSMUSG00000021810	-0.141183057427629	0.00952608973211923	-0.259714941030171	5.22401884240373e-7	TRUE	0.5436077603684256	0.5436077603684256	-0.11853188360254202	Strongly NFAT5-dependent
Actn1	ENSMUSG00000015143	0.571920813730859	8.36497824024375e-24	1.03164428466265	2.9546317675637397e-78	TRUE	0.5543779209884137	0.5543779209884137	0.4597234709317909	Strongly NFAT5-dependent
Ly75	ENSMUSG00000026980	0.344898339858406	7.53446657787184e-13	0.320354793862676	6.549956498164239e-11	TRUE	1.0766136373356439	1.0766136373356439	-0.02454354599573	NFAT5-independent
Prpf6	ENSMUSG00000002455	-0.496338515585719	5.31208906739581e-24	-0.425132880994468	1.24527144142517e-17	TRUE	1.1674903019138092	1.1674903019138092	0.07120563459125101	NFAT5-independent
Wdr12	ENSMUSG00000026019	-0.292116433679587	1.55019218234196e-8	-0.266002233598272	4.30117118175781e-7	TRUE	1.0981728601600909	1.0981728601600909	0.026114200081314987	NFAT5-independent
Ncoa1	ENSMUSG00000020647	0.892406075135788	2.63913237204243e-71	0.58443859162539	5.9743585942446895e-30	TRUE	1.5269458381485477	1.5269458381485477	-0.30796748351039793	NFAT5-independent
Kmt2c	ENSMUSG00000038056	0.342543471072455	3.1501497143958103e-9	0.262077668565332	1.098691815009e-5	TRUE	1.3070303660270242	1.3070303660270242	-0.08046580250712299	NFAT5-independent
Rabl6	ENSMUSG00000015087	-0.457981453565269	8.97374519189998e-22	-0.479735815221206	4.74309571652812e-23	TRUE	0.9546534551607199	0.9546534551607199	-0.021754361655937027	Partially dependent
Nudcd2	ENSMUSG00000020328	-0.267264582588825	2.69988259211138e-7	-0.324327776598366	5.35642121049842e-10	TRUE	0.8240570246309626	0.8240570246309626	-0.05706319400954096	Partially dependent
Bcap29	ENSMUSG00000020650	-0.683836350855951	3.012451043195519e-43	-0.722351629518649	1.99088114314732e-46	TRUE	0.9466807063363818	0.9466807063363818	-0.038515278662697994	Partially dependent
Slc4a7	ENSMUSG00000021733	0.486693290886144	2.20093964708611e-20	0.411887053624787	1.74699480704533e-14	TRUE	1.1816183261965367	1.1816183261965367	-0.07480623726135699	NFAT5-independent
Men1	ENSMUSG00000024947	0.862881304825647	3.43522503030363e-69	0.648880306138313	9.89039328720159e-38	TRUE	1.329800421838844	1.329800421838844	-0.2140009986873339	NFAT5-independent
Kif20a	ENSMUSG00000003779	-0.40118983512723	1.18536004816614e-16	-0.303768346965232	6.04576492090114e-10	TRUE	1.3207098077705524	1.3207098077705524	0.09742148816199803	NFAT5-independent
Ube3c	ENSMUSG00000039000	0.392535172402746	4.19516022914609e-16	0.36181112336038	2.1619348960172799e-13	TRUE	1.0849173700272434	1.0849173700272434	-0.030724049042365975	NFAT5-independent
Ncoa3	ENSMUSG00000027678	0.414615179980785	4.61868702336643e-17	0.266308879932015	2.56614399039614e-7	TRUE	1.5568958124364105	1.5568958124364105	-0.14830630004877	NFAT5-independent
Gnpda1	ENSMUSG00000052102	-0.48368999072307	8.7983219543289e-24	-0.75647907020224	3.342208399577e-52	TRUE	0.6393963954531596	0.6393963954531596	-0.27278907947917	Strongly NFAT5-dependent
Trmt2a	ENSMUSG00000022721	-0.378632920689476	2.2851230943600698e-12	-0.260352497731533	2.07206827190928e-6	TRUE	1.4543087697968233	1.4543087697968233	0.118280422957943	NFAT5-independent
Prps1	ENSMUSG00000031432	-0.13350457274424	0.0320566110325716	-0.360705542567087	3.60668138101151e-10	TRUE	0.3701206579585888	0.3701206579585888	-0.227200969822847	Strongly NFAT5-dependent
Npc2	ENSMUSG00000021242	0.341639381010445	1.77642473376972e-10	0.426250333502621	1.3457893780908e-15	TRUE	0.8014993869989413	0.8014993869989413	0.08461095249217598	Partially dependent
Cpd	ENSMUSG00000020841	1.2532052416784	2.2325603059059096e-131	1.02953914312958	8.58485113946069e-86	TRUE	1.2172487564376842	1.2172487564376842	-0.22366609854882014	NFAT5-independent
Mau2	ENSMUSG00000031858	0.318483257289319	3.45632241200086e-11	0.251708019463944	4.76318165033091e-7	TRUE	1.265288479753583	1.265288479753583	-0.06677523782537498	NFAT5-independent
Smarcb1	ENSMUSG00000000902	-0.295402944294753	1.13469309394985e-8	-0.388299693823361	9.263678628383799e-14	TRUE	0.760760178268729	0.760760178268729	-0.09289674952860799	Partially dependent
Gfm1	ENSMUSG00000027774	-0.411725815894444	1.7745852217412e-15	-0.40273652693622	1.9773867665010802e-14	TRUE	1.022320520630719	1.022320520630719	0.00898928895822404	NFAT5-independent
Sin3a	ENSMUSG00000042557	0.4798128553198	4.63438530337462e-22	0.492535576516032	9.82905814570716e-23	TRUE	0.9741689295091602	0.9741689295091602	0.012722721196232023	Partially dependent
Crtc2	ENSMUSG00000027936	0.586677994109332	6.1364691058424295e-34	0.303946180978714	2.6578331686423703e-9	TRUE	1.9302035387324648	1.9302035387324648	-0.28273181313061796	NFAT5-independent
Ier5	ENSMUSG00000056708	0.851063582479689	1.68376023865432e-49	0.422830252013738	2.13832864517549e-12	TRUE	2.012778363010879	2.012778363010879	-0.4282333304659511	NFAT5-independent
Nup133	ENSMUSG00000039509	-0.632736798447757	3.38002618077482e-39	-0.542029479717182	8.215846239631429e-29	TRUE	1.1673475744859927	1.1673475744859927	0.09070731873057503	NFAT5-independent
Dlgap5	ENSMUSG00000037544	-0.382000889552452	6.6815911298908595e-12	-0.270897846866565	1.93927618200004e-6	TRUE	1.41012892487334	1.41012892487334	0.111103042685887	NFAT5-independent
Fbxw8	ENSMUSG00000032867	-0.517034589347623	1.3885131667188798e-25	-0.502556192717819	9.52149050584374e-24	TRUE	1.0288095079507527	1.0288095079507527	0.014478396629803991	NFAT5-independent
Ubash3a	ENSMUSG00000042345	-0.617806963355095	6.107961899876589e-35	-0.573682466708141	9.87534214448803e-30	TRUE	1.076914494005971	1.076914494005971	0.04412449664695395	NFAT5-independent
Phf5a	ENSMUSG00000061360	-0.167427686783362	0.00284845072693482	-0.282938537428503	2.21101882019299e-7	TRUE	0.5917457844556436	0.5917457844556436	-0.115510850645141	Strongly NFAT5-dependent
Ap2a1	ENSMUSG00000060279	-0.343627975360718	9.47933642699527e-9	-0.378455802132071	3.70969715124387e-10	TRUE	0.9079738596286627	0.9079738596286627	-0.03482782677135299	Partially dependent
2010111I01Rik	ENSMUSG00000021458	0.24874211695625	8.31369891973099e-7	0.58347149959126	5.02096172125894e-33	TRUE	0.4263140824024852	0.4263140824024852	0.33472938263500995	Strongly NFAT5-dependent
Cops4	ENSMUSG00000035297	-0.151921915935791	0.00462236703223738	-0.333414597211496	5.0846168752446695e-11	TRUE	0.4556546630123151	0.4556546630123151	-0.18149268127570503	Strongly NFAT5-dependent
4932438A13Rik	ENSMUSG00000037270	-0.111680070434213	0.107886634809865	0.322970851697591	4.59640672598193e-8	FALSE	-0.3457899369159883	0.3457899369159883	0.434650922131804	Strongly NFAT5-dependent
Otud7b	ENSMUSG00000038495	0.87358985517334	2.11703818861924e-69	0.577156158002904	2.72502210484762e-29	TRUE	1.5136109059221794	1.5136109059221794	-0.296433697170436	NFAT5-independent
Vmp1	ENSMUSG00000018171	0.253740900106592	1.39357639267683e-6	0.387503183801737	5.5939884076027405e-14	TRUE	0.6548098459919147	0.6548098459919147	0.13376228369514498	Strongly NFAT5-dependent
Sf3b5	ENSMUSG00000078348	-0.295069995278707	1.85034200468139e-7	-0.306184783918038	8.57315635544249e-8	TRUE	0.9636990823087201	0.9636990823087201	-0.011114788639331019	Partially dependent
Man1a2	ENSMUSG00000008763	0.417839921506168	7.11455973163232e-16	0.267338675743007	7.71481852593806e-7	TRUE	1.5629609907540576	1.5629609907540576	-0.15050124576316098	NFAT5-independent
Prdx3	ENSMUSG00000024997	-0.366993666803461	2.7897630454044597e-12	-0.499595858770419	1.00285888282792e-20	TRUE	0.7345810826108286	0.7345810826108286	-0.132602191966958	Partially dependent
Setd1a	ENSMUSG00000042308	0.857162724879502	1.31161601009188e-55	0.813838807704779	4.291962103092649e-49	TRUE	1.053234027137274	1.053234027137274	-0.04332391717472295	NFAT5-independent
Tomm22	ENSMUSG00000022427	-0.24737675298436201	1.45986315056143e-6	-0.266559863792831	2.67990836970165e-7	TRUE	0.9280345115145393	0.9280345115145393	-0.01918311080846896	Partially dependent
Unc45a	ENSMUSG00000030533	0.415087498960504	5.0996282680263e-15	0.308823282376136	1.66459851109995e-8	TRUE	1.3440939289510625	1.3440939289510625	-0.10626421658436802	NFAT5-independent
Gbf1	ENSMUSG00000025224	-0.503922481949385	2.01221553659431e-24	-0.416388475373891	8.76482325871184e-17	TRUE	1.2102219723946344	1.2102219723946344	0.08753400657549404	NFAT5-independent
E130309D02Rik	ENSMUSG00000039244	0.684617701257779	9.16572879214807e-41	0.500459442694196	1.87977302217979e-21	TRUE	1.367978387163957	1.367978387163957	-0.18415825856358303	NFAT5-independent
Usp14	ENSMUSG00000047879	-0.104378679804809	0.0791143984057651	-0.252292510163532	2.14906342782524e-6	TRUE	0.41372088191263545	0.41372088191263545	-0.147913830358723	Strongly NFAT5-dependent
Drosha	ENSMUSG00000022191	-0.226007669733902	4.65182490242363e-5	-0.270738436857163	1.14060111033093e-6	TRUE	0.8347823543545825	0.8347823543545825	-0.04473076712326099	Partially dependent
Mrpl45	ENSMUSG00000018882	0.209783622317772	7.27435196358712e-5	0.352067531468993	1.95878970682445e-11	TRUE	0.5958618832087557	0.5958618832087557	0.142283909151221	Strongly NFAT5-dependent
Trpv2	ENSMUSG00000018507	-0.46050448979078	3.7459940445004896e-20	-0.257028781374536	5.6597535219022e-7	TRUE	1.7916456177712807	1.7916456177712807	0.20347570841624402	NFAT5-independent
Mrpl37	ENSMUSG00000028622	-0.185653026207614	0.00103189723043774	-0.288621637858595	1.98556403874626e-7	TRUE	0.6432401520033345	0.6432401520033345	-0.102968611650981	Strongly NFAT5-dependent
Helz2	ENSMUSG00000027580	-0.340927737115221	4.3021036424401194e-12	-0.428859641361952	8.7126924039395e-18	TRUE	0.7949634431267978	0.7949634431267978	-0.08793190424673097	Partially dependent
Zfp384	ENSMUSG00000038346	0.539379357860633	2.33332636242414e-27	0.352742446680223	8.64989410614867e-12	TRUE	1.5291025022276516	1.5291025022276516	-0.18663691118040998	NFAT5-independent
Mib1	ENSMUSG00000024294	0.469445560631346	4.3939275888331495e-20	0.3672152643584	3.2022304996795197e-12	TRUE	1.2783933735749335	1.2783933735749335	-0.102230296272946	NFAT5-independent
1110004F10Rik	ENSMUSG00000030663	-0.341580644605959	2.0898227817145598e-11	-0.262517188666576	4.63340651249965e-7	TRUE	1.3011743967736977	1.3011743967736977	0.07906345593938302	NFAT5-independent
Samd1	ENSMUSG00000079003	0.60192192766693	4.72186385474441e-24	0.475727769498897	4.9130916093351504e-15	TRUE	1.2652654863956299	1.2652654863956299	-0.12619415816803298	NFAT5-independent
Ubac2	ENSMUSG00000041765	0.282412624379288	9.62820577713336e-8	0.525721817915509	1.54786661256947e-24	TRUE	0.5371902301849601	0.5371902301849601	0.243309193536221	Strongly NFAT5-dependent
Dcaf12	ENSMUSG00000028436	0.476855140670724	1.62904168530965e-23	0.305608214249488	1.2532036804458202e-9	TRUE	1.5603479174857386	1.5603479174857386	-0.171246926421236	NFAT5-independent
Pno1	ENSMUSG00000020116	-0.460762009161187	1.99139209416693e-21	-0.593599672486201	3.67800301419528e-33	TRUE	0.7762167509819473	0.7762167509819473	-0.13283766332501407	Partially dependent
Ltb	ENSMUSG00000024399	-0.606849817376464	9.053105039325989e-30	-0.288099135256215	1.21032445944931e-7	TRUE	2.106392359827025	2.106392359827025	0.31875068212024904	NFAT5-independent
Mdc1	ENSMUSG00000061607	-1.00040462045793	4.13569277563902e-72	-0.984808293268266	2.85591254153375e-68	TRUE	1.0158369169880817	1.0158369169880817	0.015596327189663972	NFAT5-independent
Cep350	ENSMUSG00000033671	0.71411854108163	7.41547903015879e-34	0.529166146890704	1.3209326049602399e-18	TRUE	1.3495166787929969	1.3495166787929969	-0.18495239419092602	NFAT5-independent
Kansl2	ENSMUSG00000022992	0.591656137460664	6.23961500180219e-32	0.495341443781255	5.29215793776038e-22	TRUE	1.1944410161689238	1.1944410161689238	-0.09631469367940904	NFAT5-independent
Timm44	ENSMUSG00000002949	-0.227346342885089	1.59881740482119e-5	-0.285236631486706	5.84846570522823e-8	TRUE	0.797044691280071	0.797044691280071	-0.05789028860161702	Partially dependent
Zfp451	ENSMUSG00000042197	1.19201608823903	8.987802271122128e-120	0.943856969421448	7.18140037413228e-72	TRUE	1.2629202589558617	1.2629202589558617	-0.24815911881758201	NFAT5-independent
Map3k11	ENSMUSG00000004054	0.387141019446915	3.58308633065016e-14	0.321393935553864	8.93935321954994e-10	TRUE	1.2045685267201693	1.2045685267201693	-0.065747083893051	NFAT5-independent
Fam133b	ENSMUSG00000058503	-0.035597772144228	0.636053597809906	0.305446617931532	1.7473105546553102e-9	FALSE	-0.11654335014508979	0.11654335014508979	0.34104439007576	Strongly NFAT5-dependent
Rtel1	ENSMUSG00000038685	-0.535602981742363	3.65560740560408e-26	-0.513973042989705	9.73728254951253e-24	TRUE	1.0420838000118446	1.0420838000118446	0.02162993875265795	NFAT5-independent
Pdha1	ENSMUSG00000031299	-0.281736344144663	1.3755295715637e-7	-0.366861478621238	1.0422006282318899e-11	TRUE	0.7679638243936167	0.7679638243936167	-0.08512513447657505	Partially dependent
Blmh	ENSMUSG00000020840	-0.281239530899275	1.7148165626742e-8	-0.326794928956214	9.3191916811448e-11	TRUE	0.8605994340167905	0.8605994340167905	-0.04555539805693898	Partially dependent
Agap3	ENSMUSG00000023353	0.629813806724055	9.333835524058721e-32	0.422291099675434	2.91660157328852e-14	TRUE	1.4914209823700275	1.4914209823700275	-0.20752270704862097	NFAT5-independent
Man2a1	ENSMUSG00000024085	-0.655919001525664	9.17402047410739e-36	-0.403565168302842	2.18235987585778e-14	TRUE	1.6253112335835966	1.6253112335835966	0.25235383322282195	NFAT5-independent
Lman1	ENSMUSG00000041891	-0.504695456092054	3.4906155946273e-21	-0.687051425155957	4.72461077448998e-36	TRUE	0.7345817759965942	0.7345817759965942	-0.18235596906390295	Partially dependent
Kif23	ENSMUSG00000032254	-0.561691390552344	7.873321473248599e-26	-0.469162573939915	3.80235766348364e-18	TRUE	1.1972212229875756	1.1972212229875756	0.09252881661242895	NFAT5-independent
Pold3	ENSMUSG00000030726	-0.256735398107917	7.64913036645688e-7	-0.356222332228474	8.54182728582236e-12	TRUE	0.7207167403060288	0.7207167403060288	-0.09948693412055698	Partially dependent
Emp1	ENSMUSG00000030208	0.880942411136682	1.6810292073656501e-74	0.790734379157627	3.1746265915757903e-58	TRUE	1.1140813329441348	1.1140813329441348	-0.09020803197905503	NFAT5-independent
Phip	ENSMUSG00000032253	0.466348470934659	1.77783671265898e-19	0.408207104958778	9.78817344506761e-15	TRUE	1.142431048528056	1.142431048528056	-0.05814136597588099	NFAT5-independent
Crybg3	ENSMUSG00000022723	0.719474866720616	4.2044202380674494e-42	0.275965783796409	1.15744532584105e-6	TRUE	2.6071162041284124	2.6071162041284124	-0.443509082924207	NFAT5-independent
Eif2b4	ENSMUSG00000029145	0.488605302408861	5.36622953939812e-22	0.27036183620403	4.15956705067108e-7	TRUE	1.8072273412144326	1.8072273412144326	-0.21824346620483104	NFAT5-independent
Slc35c2	ENSMUSG00000017664	-0.493924764444868	9.511677148984828e-19	-0.44784630919355	2.51969880684459e-15	TRUE	1.1028889918380544	1.1028889918380544	0.046078455251317985	NFAT5-independent
Ap1m1	ENSMUSG00000003033	-0.538273255496806	1.4005069882378098e-26	-0.439137654582069	6.96052077742676e-18	TRUE	1.2257506271218879	1.2257506271218879	0.09913560091473705	NFAT5-independent
Cst3	ENSMUSG00000027447	0.873656437375331	3.92911377181327e-65	0.329929857993331	2.11830135385201e-9	TRUE	2.6480065874880307	2.6480065874880307	-0.5437265793820001	NFAT5-independent
Ccnk	ENSMUSG00000021258	-0.129539996396137	0.0240795984193974	-0.327638121470601	7.85136776087284e-10	TRUE	0.39537522622428	0.39537522622428	-0.198098125074464	Strongly NFAT5-dependent
Sdcbp	ENSMUSG00000028249	0.216785680528711	1.4903820332074e-4	0.355448667320893	1.38506062033946e-10	TRUE	0.609893074470302	0.609893074470302	0.13866298679218197	Strongly NFAT5-dependent
Pidd1	ENSMUSG00000025507	-0.628911410214843	1.18597105752758e-36	-0.472838954649337	3.49137581986903e-21	TRUE	1.3300752910285303	1.3300752910285303	0.15607245556550597	NFAT5-independent
Gga1	ENSMUSG00000033128	-0.409430454341893	9.98712953408574e-15	-0.360044097613222	1.91059446463998e-11	TRUE	1.1371675221342592	1.1371675221342592	0.04938635672867103	NFAT5-independent
Bak1	ENSMUSG00000057789	-0.336353181860692	4.2756483472174e-11	-0.338231719131754	6.54673601306292e-11	TRUE	0.994446005017258	0.994446005017258	-0.0018785372710619641	Partially dependent
Mtch2	ENSMUSG00000027282	-0.317377157388608	2.09215634299213e-8	-0.257515569768425	8.54551209421621e-6	TRUE	1.2324581293240424	1.2324581293240424	0.05986158762018301	NFAT5-independent
Slc16a6	ENSMUSG00000041920	-0.425733107872195	6.14840170190613e-16	-0.658127919777638	1.4932448200079e-34	TRUE	0.6468850432846515	0.6468850432846515	-0.23239481190544298	Strongly NFAT5-dependent
Tob2	ENSMUSG00000048546	0.43083005557325	2.17792519654339e-17	0.451948390069368	1.3559362008292899e-18	TRUE	0.9532726856425429	0.9532726856425429	0.021118334496117996	Partially dependent
Mettl13	ENSMUSG00000026694	0.509552232057965	9.38238356959866e-24	0.308722188782593	5.45786792588207e-9	TRUE	1.650520275420824	1.650520275420824	-0.20083004327537196	NFAT5-independent
Il7r	ENSMUSG00000003882	-0.637950395668734	4.7676795522093495e-36	-0.430804790474824	3.4822812795548e-17	TRUE	1.4808340338221366	1.4808340338221366	0.20714560519391	NFAT5-independent
Cops5	ENSMUSG00000025917	-0.199233837870415	3.4952527099862e-4	-0.257950185726522	3.11668357719084e-6	TRUE	0.7723733065330765	0.7723733065330765	-0.05871634785610702	Partially dependent
Galk1	ENSMUSG00000020766	-0.453770734580877	6.1103338752203895e-18	-0.302895857598865	1.60312247036208e-8	TRUE	1.4981080896187777	1.4981080896187777	0.15087487698201202	NFAT5-independent
Xpnpep1	ENSMUSG00000025027	-0.157101687689862	0.00711539141491218	-0.25021098817908	1.09371213443584e-5	TRUE	0.6278768523843637	0.6278768523843637	-0.093109300489218	Strongly NFAT5-dependent
Pi4k2a	ENSMUSG00000025178	1.18436748753767	3.36189541426449e-99	0.988112128278562	2.9566291374049204e-67	TRUE	1.1986164865732536	1.1986164865732536	-0.19625535925910798	NFAT5-independent
Ppp1r10	ENSMUSG00000039220	-0.724641518309717	1.6849679644396998e-45	-0.511165585412372	1.7977710479507698e-23	TRUE	1.417625792873219	1.417625792873219	0.213475932897345	NFAT5-independent
Lrrc58	ENSMUSG00000034158	0.729592838992582	3.8634552233271004e-47	0.606475214017466	1.1396287354165498e-31	TRUE	1.2030052047132307	1.2030052047132307	-0.12311762497511602	NFAT5-independent
Kpna1	ENSMUSG00000022905	0.660183535735528	2.1240552064025097e-40	0.512974982372468	9.31139642651746e-24	TRUE	1.286970239137652	1.286970239137652	-0.14720855336306005	NFAT5-independent
Nol7	ENSMUSG00000063200	-0.394497745774921	6.16324850135047e-14	-0.271684606252543	4.65436383488328e-7	TRUE	1.4520430554251489	1.4520430554251489	0.12281313952237805	NFAT5-independent
Vps52	ENSMUSG00000024319	-0.511120595890006	2.61712985840745e-24	-0.423590921569821	8.623347806154371e-17	TRUE	1.2066372763509698	1.2066372763509698	0.08752967432018505	NFAT5-independent
Asxl2	ENSMUSG00000037486	0.335159374300233	8.100322510614379e-11	0.317316881756844	1.5675648726042602e-9	TRUE	1.0562292571533003	1.0562292571533003	-0.017842492543388988	NFAT5-independent
Paf1	ENSMUSG00000003437	0.428948307574822	7.438049200371769e-18	0.322000861370728	4.0713432440042403e-10	TRUE	1.33213403761974	1.33213403761974	-0.10694744620409402	NFAT5-independent
Abhd17a	ENSMUSG00000003346	-0.361544339759539	4.98330095850533e-10	-0.280667380132983	2.23989048545007e-6	TRUE	1.2881594561798941	1.2881594561798941	0.080876959626556	NFAT5-independent
Mtap	ENSMUSG00000062937	-0.490374063615281	9.031392799658489e-23	-0.459917318714943	8.997300102146919e-20	TRUE	1.066222217909596	1.066222217909596	0.030456744900338006	NFAT5-independent
Elmsan1	ENSMUSG00000042507	0.432482054179326	8.94356432855812e-17	0.410493066314105	8.458281628921671e-15	TRUE	1.0535672576949089	1.0535672576949089	-0.02198898786522102	NFAT5-independent
Arl8b	ENSMUSG00000030105	-0.31420153861193	1.4697410721313e-9	-0.322625903602825	8.534911651586861e-10	TRUE	0.9738881320538169	0.9738881320538169	-0.008424364990894995	Partially dependent
Capn1	ENSMUSG00000024942	-0.425495566353089	5.1399622803556e-17	-0.383866738176282	7.981122697357661e-14	TRUE	1.1084460413907753	1.1084460413907753	0.04162882817680702	NFAT5-independent
Sipa1l3	ENSMUSG00000030583	0.146879381113266	0.0101247393857417	0.26166613549061	1.05743002137197e-6	TRUE	0.5613236150634281	0.5613236150634281	0.11478675437734401	Strongly NFAT5-dependent
Mfn2	ENSMUSG00000029020	-0.404546160394654	1.47334831526883e-12	-0.388601301912747	1.99446303764248e-11	TRUE	1.0410314077781633	1.0410314077781633	0.01594485848190702	NFAT5-independent
Mafg	ENSMUSG00000051510	0.965450631299209	1.14436311195119e-71	0.538435658987936	1.35161138551045e-21	TRUE	1.79306592195975	1.79306592195975	-0.42701497231127306	NFAT5-independent
Ascc2	ENSMUSG00000020412	-0.415449494102578	8.226465631164511e-17	-0.481166377181455	1.57334680283646e-21	TRUE	0.8634217056814545	0.8634217056814545	-0.06571688307887702	Partially dependent
Ndufs1	ENSMUSG00000025968	-0.366161539359132	4.1211967409713596e-12	-0.266411522337075	8.35758394541328e-7	TRUE	1.3744208063788212	1.3744208063788212	0.09975001702205699	NFAT5-independent
Ptprj	ENSMUSG00000025314	0.86292622321113	1.2975772129362402e-61	0.713466007744533	5.79834370902581e-41	TRUE	1.209484704028273	1.209484704028273	-0.14946021546659705	NFAT5-independent
E2f2	ENSMUSG00000018983	-0.568693273555192	5.02239036046972e-27	-0.350887375998897	5.2736376374268594e-11	TRUE	1.6207287934946386	1.6207287934946386	0.21780589755629493	NFAT5-independent
Tmem50a	ENSMUSG00000028822	0.36035419180716	6.68102763884839e-13	0.463756976640302	1.6925968002214698e-20	TRUE	0.7770323897178952	0.7770323897178952	0.10340278483314203	Partially dependent
Tmem131l	ENSMUSG00000033767	1.15030228246936	4.31246627420142e-112	1.06924672032636	3.7582220516434095e-94	TRUE	1.0758062293782487	1.0758062293782487	-0.08105556214300003	NFAT5-independent
Gng2	ENSMUSG00000043004	0.0666875382115173	0.315147232289833	0.271820818773707	2.35571846834777e-7	TRUE	0.24533638928898674	0.24533638928898674	0.2051332805621897	Strongly NFAT5-dependent
Ifitm3	ENSMUSG00000025492	0.0778364771033808	0.320813963327677	0.52280336098621	3.0454198038336897e-18	TRUE	0.14888289347748454	0.14888289347748454	0.44496688388282923	Strongly NFAT5-dependent
Nutf2	ENSMUSG00000008450	-0.225959532635391	3.64596016115315e-5	-0.255212157057555	3.71814784089919e-6	TRUE	0.885379188987588	0.885379188987588	-0.029252624422164003	Partially dependent
Prdm2	ENSMUSG00000057637	0.909542342729721	1.34410456642444e-72	0.594118947737815	7.773277959465159e-30	TRUE	1.530909502538038	1.530909502538038	-0.31542339499190597	NFAT5-independent
Qk	ENSMUSG00000062078	0.459001617011362	4.62604231124201e-19	0.272710818221213	4.44497570039595e-7	TRUE	1.683107476282942	1.683107476282942	-0.18629079879014898	NFAT5-independent
Ash1l	ENSMUSG00000028053	0.475784264373391	2.6008239822690296e-19	0.343680154547825	3.83867005416666e-10	TRUE	1.3843809660740332	1.3843809660740332	-0.13210410982556597	NFAT5-independent
Tma7	ENSMUSG00000091537	-0.335947881424379	2.82924502269241e-7	-0.260087212026023	1.0215823442874e-4	TRUE	1.291673968925338	1.291673968925338	0.075860669398356	NFAT5-independent
Dcun1d5	ENSMUSG00000032002	-0.317466000679413	1.13619269009239e-9	-0.304963265798119	7.916836993809271e-9	TRUE	1.0409975111217842	1.0409975111217842	0.012502734881293998	NFAT5-independent
Ipo13	ENSMUSG00000033365	0.437978731292842	4.51791055086235e-16	0.3979231727227	4.2333222346517e-13	TRUE	1.1006615379950628	1.1006615379950628	-0.04005555857014198	NFAT5-independent
Cdkn2aipnl	ENSMUSG00000020392	-0.287590339088072	1.44749690166471e-7	-0.279779401732523	4.54948725189664e-7	TRUE	1.027918200221961	1.027918200221961	0.007810937355548997	NFAT5-independent
Cops8	ENSMUSG00000034432	-0.249235441158316	3.46245932419924e-6	-0.260453162027117	1.53043132422887e-6	TRUE	0.9569299877893859	0.9569299877893859	-0.01121772086880099	Partially dependent
Mkrn1	ENSMUSG00000029922	0.0447456699304716	0.539211386430385	0.354938234241685	4.765971205115e-12	TRUE	0.12606607463991415	0.12606607463991415	0.31019256431121345	Strongly NFAT5-dependent
Txnip	ENSMUSG00000038393	-0.635412117515561	1.96668168565603e-30	-0.299503794071189	9.40821889357832e-8	TRUE	2.121549476480188	2.121549476480188	0.33590832344437205	NFAT5-independent
Sugp2	ENSMUSG00000036054	0.292735077546861	2.2415435585682e-8	0.270645035290516	4.00642943688649e-7	TRUE	1.0816199795892547	1.0816199795892547	-0.022090042256345033	NFAT5-independent
Nrros	ENSMUSG00000052384	-0.598346628392886	2.14750624957728e-30	-0.269495525948883	3.85043829742451e-7	TRUE	2.220246982899369	2.220246982899369	0.328851102444003	NFAT5-independent
Csnk1g1	ENSMUSG00000032384	0.426910522305574	7.19313940465836e-17	0.270017272128264	4.78922021905063e-7	TRUE	1.5810489415757907	1.5810489415757907	-0.15689325017731004	NFAT5-independent
Foxo3	ENSMUSG00000048756	0.629361741119919	3.64677490756461e-34	0.333492395062105	7.1544286249677e-10	TRUE	1.8871846867833837	1.8871846867833837	-0.29586934605781406	NFAT5-independent
Hivep3	ENSMUSG00000028634	0.585398880565013	1.84029536652329e-29	-0.370177941081934	2.8562082424079e-10	FALSE	-1.5813986075292439	1.5813986075292439	-0.955576821646947	NFAT5-independent (Opposite direction)
N4bp2l2	ENSMUSG00000029655	0.349335123467422	1.26406745228025e-9	0.305153733339506	2.04894446343437e-7	TRUE	1.1447840393247326	1.1447840393247326	-0.044181390127916	NFAT5-independent
Polr1c	ENSMUSG00000067148	0.402465224581118	1.46584804580811e-12	0.307370079902885	1.53744919438969e-7	TRUE	1.3093832187839451	1.3093832187839451	-0.09509514467823299	NFAT5-independent
Zfp335	ENSMUSG00000039834	1.1126722580294	4.93250093757441e-97	0.860565444392412	4.97893201932315e-56	TRUE	1.2929548418191295	1.2929548418191295	-0.25210681363698795	NFAT5-independent
Nsfl1c	ENSMUSG00000027455	-0.269772078633897	4.33882550637693e-7	-0.448759400132176	5.37740273100886e-17	TRUE	0.6011508138981363	0.6011508138981363	-0.178987321498279	Strongly NFAT5-dependent
Arhgap19	ENSMUSG00000025154	-0.5916296041222	2.6561013346533e-30	-0.318545426879169	1.0714380933348201e-9	TRUE	1.8572848774458082	1.8572848774458082	0.273084177243031	NFAT5-independent
N4bp1	ENSMUSG00000031652	0.912371708109794	7.44825911630121e-68	0.914269948132395	1.09568821009168e-66	TRUE	0.9979237641721915	0.9979237641721915	0.0018982400226010832	Partially dependent
Gga3	ENSMUSG00000020740	0.528456539264373	5.26939275195379e-22	0.459197839853207	2.04033721508462e-16	TRUE	1.1508254033453338	1.1508254033453338	-0.06925869941116597	NFAT5-independent
Evl	ENSMUSG00000021262	0.181036722955263	0.00140319989487868	0.468909818716563	7.03380181238245e-19	TRUE	0.38608004296172	0.38608004296172	0.28787309576130005	Strongly NFAT5-dependent
Sigirr	ENSMUSG00000025494	0.136024609719048	0.0225856888592604	0.30467867530823	2.07177633939679e-8	TRUE	0.44645267536836275	0.44645267536836275	0.168654065589182	Strongly NFAT5-dependent
Rpl13a	ENSMUSG00000074129	0.358101964627602	4.30511856651997e-8	0.321722916759663	1.29207731299891e-6	TRUE	1.1130757119646384	1.1130757119646384	-0.036379047867938996	NFAT5-independent
Rfc3	ENSMUSG00000033970	0.201995370318906	3.1327746412264e-4	0.31966374592285	3.7118411638571602e-9	TRUE	0.6318995284740767	0.6318995284740767	0.11766837560394403	Strongly NFAT5-dependent
Pcyt2	ENSMUSG00000025137	0.873220431994045	4.9539408475241197e-60	0.805357817802051	5.55721171709812e-50	TRUE	1.0842639292646366	1.0842639292646366	-0.06786261419199402	NFAT5-independent
Cd27	ENSMUSG00000030336	-0.0955042551416795	0.156509854492908	-0.260812642297284	1.18090495923078e-5	TRUE	0.3661795467445944	0.3661795467445944	-0.16530838715560453	Strongly NFAT5-dependent
Gfi1	ENSMUSG00000029275	0.541066515403818	5.9960758423341e-23	0.804576023889174	7.83149981268915e-50	TRUE	0.6724865013854141	0.6724865013854141	0.26350950848535604	Strongly NFAT5-dependent
Atad5	ENSMUSG00000017550	-0.285975496573328	1.32462505339389e-7	-0.338433246728063	6.78144127070416e-10	TRUE	0.8449982362492721	0.8449982362492721	-0.05245775015473503	Partially dependent
Sdf2l1	ENSMUSG00000022769	-0.605975968752508	5.54857771772813e-31	-0.464427685507557	1.4597716322084298e-18	TRUE	1.304780028542566	1.304780028542566	0.14154828324495106	NFAT5-independent
Patz1	ENSMUSG00000020453	0.614965593410914	3.3270301452297296e-31	0.650992795927314	2.6000110418442e-34	TRUE	0.9446580626670673	0.9446580626670673	0.036027202516400014	Partially dependent
Ptpn23	ENSMUSG00000036057	0.552297181777956	2.66624117503861e-18	0.354642566951561	6.34383401308351e-8	TRUE	1.5573347173899508	1.5573347173899508	-0.19765461482639496	NFAT5-independent
Cc2d1b	ENSMUSG00000028582	-0.446555742182054	1.26683645419379e-15	-0.255696409093928	8.29330456077575e-6	TRUE	1.746429462050112	1.746429462050112	0.19085933308812603	NFAT5-independent
Pptc7	ENSMUSG00000038582	0.449341349323314	2.8730707131736096e-19	0.289616517110199	3.4173695304264e-8	TRUE	1.5515045682023023	1.5515045682023023	-0.159724832213115	NFAT5-independent
Polrmt	ENSMUSG00000020329	0.34557176359422	8.12432641209608e-9	0.346924038109123	9.638951285382051e-9	TRUE	0.9961021019982546	0.9961021019982546	0.0013522745149029958	Partially dependent
Dennd4b	ENSMUSG00000042404	-0.507813171000096	6.08020075341539e-18	-0.344739821568076	7.968160275643791e-9	TRUE	1.4730331085346282	1.4730331085346282	0.16307334943202006	NFAT5-independent
Osbp	ENSMUSG00000024687	0.414046239567839	3.00206960952506e-16	0.295402246218412	2.03067653775568e-8	TRUE	1.4016353797855179	1.4016353797855179	-0.11864399334942699	NFAT5-independent
Irak1	ENSMUSG00000031392	-0.573943823602875	7.4184711445826e-28	-0.419410764790235	2.4823218811360103e-15	TRUE	1.3684527718069623	1.3684527718069623	0.15453305881264	NFAT5-independent
Prmt7	ENSMUSG00000060098	-0.630007385360025	4.35774881712375e-27	-0.804501998198431	3.7229375296544995e-41	TRUE	0.7831023251288844	0.7831023251288844	-0.17449461283840606	Partially dependent
Sec62	ENSMUSG00000027706	0.431312847620358	1.13285393329386e-15	0.311480154108769	2.43189043754664e-8	TRUE	1.3847201561026048	1.3847201561026048	-0.11983269351158898	NFAT5-independent
Cep170b	ENSMUSG00000072825	0.475772765182308	1.51143031136995e-16	0.39145911802592	3.0480027186152e-11	TRUE	1.215383020279541	1.215383020279541	-0.084313647156388	NFAT5-independent
Specc1l	ENSMUSG00000033444	0.503938917227321	4.8099712986426597e-23	0.268833925445224	6.69721018421183e-7	TRUE	1.8745361709565953	1.8745361709565953	-0.23510499178209698	NFAT5-independent
Tubg1	ENSMUSG00000035198	-0.353531021344723	3.20777416867926e-10	-0.403522558427566	1.40817245859662e-12	TRUE	0.8761121626566591	0.8761121626566591	-0.04999153708284304	Partially dependent
Btg1	ENSMUSG00000036478	0.998319642550503	2.32396585657586e-81	0.696364367184536	5.53272240237051e-38	TRUE	1.433616781092346	1.433616781092346	-0.301955275365967	NFAT5-independent
Max	ENSMUSG00000059436	0.747857631355173	5.090833855893529e-50	0.571216935116924	3.0304380866716098e-28	TRUE	1.3092357480649484	1.3092357480649484	-0.17664069623824907	NFAT5-independent
Zbtb1	ENSMUSG00000033454	0.615910880333586	7.93725675605869e-32	0.651920009879158	6.069927631833599e-35	TRUE	0.9447644971777338	0.9447644971777338	0.036009129545572005	Partially dependent
Tbc1d2b	ENSMUSG00000037410	0.440054072913805	2.8246004685718397e-16	0.348519978263951	3.10636571303178e-10	TRUE	1.2626365785565694	1.2626365785565694	-0.09153409464985401	NFAT5-independent
Lpcat4	ENSMUSG00000027134	0.471618747326926	2.3907891998094697e-18	0.250243165303858	1.25210138158588e-5	TRUE	1.8846418712545556	1.8846418712545556	-0.221375582023068	NFAT5-independent
Zwint	ENSMUSG00000019923	-0.224305886744205	1.7947559312903e-4	-0.327526269862983	3.99682236078402e-8	TRUE	0.6848485369983938	0.6848485369983938	-0.10322038311877799	Partially dependent
1110038B12Rik	ENSMUSG00000092203	-0.334581327135851	2.08056275140909e-8	-0.411010863374039	8.75736173809886e-12	TRUE	0.8140449728973864	0.8140449728973864	-0.07642953623818804	Partially dependent
Traf3ip3	ENSMUSG00000037318	0.0725565851698186	0.28104198601113	0.286484723706771	1.41848417006267e-7	TRUE	0.25326511037315647	0.25326511037315647	0.21392813853695242	Strongly NFAT5-dependent
Arl4c	ENSMUSG00000049866	-1.19386055042683	4.462651425823959e-89	-0.258086161802147	1.26787421229556e-5	TRUE	4.625821632940021	4.625821632940021	0.935774388624683	NFAT5-independent
Fem1b	ENSMUSG00000032244	0.569779589189161	1.0371301820707799e-27	0.332540334376722	1.1608149027703602e-9	TRUE	1.7134149764331443	1.7134149764331443	-0.23723925481243907	NFAT5-independent
Pola1	ENSMUSG00000006678	-0.384128528521256	7.868132385271939e-13	-0.329040434741305	1.6771258992328701e-9	TRUE	1.1674204382305227	1.1674204382305227	0.055088093779951	NFAT5-independent
Tipin	ENSMUSG00000032397	-0.343025866189901	8.045152363768709e-11	-0.530351750703953	6.77986335543877e-23	TRUE	0.6467893539233003	0.6467893539233003	-0.18732588451405202	Strongly NFAT5-dependent
Ambra1	ENSMUSG00000040506	0.389735564028503	7.97101025176815e-13	0.451213102584437	1.38188349250763e-16	TRUE	0.8637505466844694	0.8637505466844694	0.061477538555933964	Partially dependent
Rtf2	ENSMUSG00000027502	-0.281739391258898	4.30962985180575e-7	-0.256953384065406	5.64295042222847e-6	TRUE	1.096461104350285	1.096461104350285	0.024786007193492	NFAT5-independent
Pan3	ENSMUSG00000029647	0.218086087196796	4.5742466747115e-4	0.314187247048493	1.97679552991488e-7	TRUE	0.6941277510322871	0.6941277510322871	0.09610115985169698	Partially dependent
Zfp740	ENSMUSG00000046897	0.30272240253763	1.62816829162234e-8	0.45025484049692	1.4855325440451e-17	TRUE	0.6723356981649169	0.6723356981649169	0.14753243795929	Strongly NFAT5-dependent
Mfsd5	ENSMUSG00000045665	0.555946111125405	4.479513586322719e-25	0.404721564981681	2.83818089943687e-13	TRUE	1.3736508237473557	1.3736508237473557	-0.15122454614372405	NFAT5-independent
Sema7a	ENSMUSG00000038264	1.06254356952453	2.87381069405745e-73	0.263271442826751	5.28157098451515e-5	TRUE	4.0359241325833795	4.0359241325833795	-0.7992721266977789	NFAT5-independent
Magt1	ENSMUSG00000031232	-0.209008778099811	3.8290921992741e-4	-0.503054433310242	5.67373335086716e-18	TRUE	0.415479447670252	0.415479447670252	-0.294045655210431	Strongly NFAT5-dependent
Riok3	ENSMUSG00000024404	-0.293694580785097	1.61067080291467e-7	-0.351690690552916	5.37171309248161e-10	TRUE	0.835093417808019	0.835093417808019	-0.05799610976781899	Partially dependent
Trim33	ENSMUSG00000033014	0.342967964428922	2.2379582470547803e-9	0.327342742644566	1.7926956908488e-8	TRUE	1.0477335213181194	1.0477335213181194	-0.015625221784356047	NFAT5-independent
Orc2	ENSMUSG00000026037	-0.230320459683602	4.80797622515158e-5	-0.281450654201097	7.2418379868952e-7	TRUE	0.818333360557896	0.818333360557896	-0.05113019451749498	Partially dependent
Aacs	ENSMUSG00000029482	0.428325972268398	2.38402551846969e-16	0.361060998454954	1.4431305116962598e-11	TRUE	1.1862980884152072	1.1862980884152072	-0.06726497381344404	NFAT5-independent
Sh2d1a	ENSMUSG00000005696	0.41286293284694	7.97702654063871e-16	0.442269214080897	1.2040170246150001e-17	TRUE	0.9335104495232214	0.9335104495232214	0.029406281233957	Partially dependent
Timm17a	ENSMUSG00000062580	-0.309884881908348	7.587377814084631e-9	-0.42926302747145	3.0412777024293303e-15	TRUE	0.721899772579315	0.721899772579315	-0.119378145563102	Partially dependent
Gusb	ENSMUSG00000025534	-0.569979335608913	4.425400995132009e-25	-0.422280679692407	3.44657166048156e-14	TRUE	1.3497641806016107	1.3497641806016107	0.147698655916506	NFAT5-independent
Ripk1	ENSMUSG00000021408	0.801299697652219	5.58177684620851e-48	0.621315894652631	4.4483796486716196e-28	TRUE	1.2896816330446759	1.2896816330446759	-0.17998380299958794	NFAT5-independent
Snrpd1	ENSMUSG00000002477	-0.327537666051122	1.07360773062255e-6	-0.330001874790666	1.14060111033093e-6	TRUE	0.9925327432121192	0.9925327432121192	-0.002464208739544005	Partially dependent
Pcf11	ENSMUSG00000041328	-0.206764016880656	2.1147861452502e-4	-0.532260496006192	3.7178816598678097e-22	TRUE	0.38846395408283435	0.38846395408283435	-0.325496479125536	Strongly NFAT5-dependent
Slc25a39	ENSMUSG00000018677	-0.352949853892286	9.79467699720109e-10	-0.351686388682588	1.86807643844769e-9	TRUE	1.0035925905874006	1.0035925905874006	0.0012634652096980004	NFAT5-independent
Ttc7	ENSMUSG00000036918	-0.663575109003122	2.9582296216302498e-33	-0.66518712776479	2.51162844615062e-32	TRUE	0.9975765935713686	0.9975765935713686	-0.0016120187616680548	Partially dependent
Galnt3	ENSMUSG00000026994	0.423230360913409	4.5857001497855406e-15	-0.333867609436465	1.47931148337735e-8	FALSE	-1.2676592426194904	1.2676592426194904	-0.7570979703498739	NFAT5-independent (Opposite direction)
Csrp1	ENSMUSG00000026421	-0.406618979492273	7.540830885159261e-14	-0.333382974424344	1.44234033354978e-9	TRUE	1.2196753004390413	1.2196753004390413	0.07323600506792899	NFAT5-independent
Ctdp1	ENSMUSG00000033323	0.446887122636035	1.37416948159485e-15	0.326347575479645	1.59937098833159e-8	TRUE	1.3693594076169513	1.3693594076169513	-0.12053954715638998	NFAT5-independent
Blm	ENSMUSG00000030528	-0.220979014329224	1.2662522786674e-4	-0.289535254261088	4.4942427420807e-7	TRUE	0.7632197153095439	0.7632197153095439	-0.068556239931864	Partially dependent
Dennd1b	ENSMUSG00000056268	0.3779974348719	5.61523667754695e-11	0.257601666339122	1.79696524716026e-5	TRUE	1.4673718545526873	1.4673718545526873	-0.120395768532778	NFAT5-independent
Tex2	ENSMUSG00000040548	-0.28290707305584	4.76253534677927e-7	-0.261696075827443	4.6709254350372e-6	TRUE	1.0810520263298986	1.0810520263298986	0.021210997228397033	NFAT5-independent
Chuk	ENSMUSG00000025199	-0.293111075894322	7.33374285090928e-8	-0.386882554735871	1.8545793491542397e-12	TRUE	0.7576228814308574	0.7576228814308574	-0.09377147884154902	Partially dependent
Opa1	ENSMUSG00000038084	-0.515080763343887	1.23404923180826e-23	-0.330934879541219	2.0611756704417003e-10	TRUE	1.5564414487162936	1.5564414487162936	0.184145883802668	NFAT5-independent
Zbtb40	ENSMUSG00000060862	0.803791638364989	3.88299040725367e-49	0.679014560726163	4.1279832444844694e-34	TRUE	1.1837620057887785	1.1837620057887785	-0.12477707763882606	NFAT5-independent
Rcor1	ENSMUSG00000037896	0.367011686326326	8.825862827275952e-9	0.253204352158423	1.410931275234e-4	TRUE	1.4494683175773253	1.4494683175773253	-0.11380733416790301	NFAT5-independent
Myo1c	ENSMUSG00000017774	0.623215518402787	1.5556333422862997e-26	0.444885268148533	1.46521389074307e-13	TRUE	1.4008454831431172	1.4008454831431172	-0.17833025025425397	NFAT5-independent
Usp8	ENSMUSG00000027363	-0.352007028525244	2.29529281390377e-10	-0.356642723616904	2.24474724354701e-10	TRUE	0.9870018514757656	0.9870018514757656	-0.004635695091660008	Partially dependent
Cbx7	ENSMUSG00000053411	0.516487028452854	4.58295500438631e-18	0.373857037064527	1.1643305431123202e-9	TRUE	1.3815094467881028	1.3815094467881028	-0.142629991388327	NFAT5-independent
Rfx1	ENSMUSG00000031706	0.74846006368474	1.6090245703212301e-46	0.551337400306665	1.18180775822913e-24	TRUE	1.3575354461141789	1.3575354461141789	-0.19712266337807505	NFAT5-independent
Ola1	ENSMUSG00000027108	-0.324267582329208	1.0550425798355402e-9	-0.3157975744612	4.866177314860691e-9	TRUE	1.026821003557292	1.026821003557292	0.008470007868008	NFAT5-independent
Lyst	ENSMUSG00000019726	0.810624762415743	1.3806608894147898e-40	0.983395518724305	3.33923577914543e-59	TRUE	0.8243120361859222	0.8243120361859222	0.17277075630856198	Partially dependent
Rbl1	ENSMUSG00000027641	-0.560359848151468	2.2857679236737096e-25	-0.446541948021439	1.56137242501276e-16	TRUE	1.2548873641868121	1.2548873641868121	0.11381790013002901	NFAT5-independent
Mrpl12	ENSMUSG00000039640	-0.352407045147807	5.48494875661462e-8	-0.25658820640925	1.1496214806865e-4	TRUE	1.3734343058064369	1.3734343058064369	0.09581883873855701	NFAT5-independent
Dck	ENSMUSG00000029366	-0.359904374769511	2.32685367563949e-11	-0.333355293344564	1.0576805024057801e-9	TRUE	1.0796419974573652	1.0796419974573652	0.026549081424946996	NFAT5-independent
Prps2	ENSMUSG00000025742	-0.311365821177397	3.18264923877081e-8	-0.290085486668031	4.1079738735241e-7	TRUE	1.073358838988449	1.073358838988449	0.02128033450936595	NFAT5-independent
Aftph	ENSMUSG00000049659	0.277654436818783	9.27876985900267e-6	0.268351448938895	2.33743593334188e-5	TRUE	1.0346671796134268	1.0346671796134268	-0.00930298787988798	NFAT5-independent
Fam111a	ENSMUSG00000024691	-0.372017184245378	1.41547852726709e-12	-0.382508834337853	7.81885829943193e-13	TRUE	0.9725714829289193	0.9725714829289193	-0.010491650092474991	Partially dependent
Zfp292	ENSMUSG00000039967	0.519307972543064	3.49339759843668e-16	0.546744055508602	1.3289880527513501e-17	TRUE	0.9498191472058789	0.9498191472058789	0.0274360829655379	Partially dependent
Dlat	ENSMUSG00000000168	-0.426762839228875	1.09861812598941e-15	-0.531757913531071	1.0282210417560099e-22	TRUE	0.8025509886538602	0.8025509886538602	-0.10499507430219607	Partially dependent
Carmil2	ENSMUSG00000050357	-0.943129003459915	1.90020023187301e-73	-0.973601416811578	1.05836510955374e-74	TRUE	0.9687013465413226	0.9687013465413226	-0.030472413351662953	Partially dependent
Dnajc3	ENSMUSG00000022136	-0.367640698206313	6.6773032859813894e-12	-0.369489792236129	9.445088445809169e-12	TRUE	0.9949955477291392	0.9949955477291392	-0.0018490940298159786	Partially dependent
Gramd1b	ENSMUSG00000040111	-0.379056793489261	1.2981102858847e-10	-0.530004989249122	9.21444616294293e-19	TRUE	0.7151947645366227	0.7151947645366227	-0.15094819575986096	Partially dependent
Alcam	ENSMUSG00000022636	0.446078214398908	1.2398036298807599e-16	0.42009524209998	1.97234896764631e-14	TRUE	1.0618501941822616	1.0618501941822616	-0.025982972298927987	NFAT5-independent
Crebbp	ENSMUSG00000022521	0.569043698595984	2.19793447846675e-19	0.50996163093142	2.1573673804474e-15	TRUE	1.11585590774085	1.11585590774085	-0.05908206766456403	NFAT5-independent
Drg2	ENSMUSG00000020537	-0.343405134108541	5.835994742527079e-11	-0.301848877203707	1.60642737908939e-8	TRUE	1.1376723918598153	1.1376723918598153	0.041556256904834	NFAT5-independent
Ppm1f	ENSMUSG00000026181	-0.415417183125773	4.77148060227653e-13	-0.286593717693417	1.03892374944734e-6	TRUE	1.4494985670626759	1.4494985670626759	0.128823465432356	NFAT5-independent
Polr3e	ENSMUSG00000030880	0.525221366782944	1.23404923180826e-23	0.347061599631127	1.9032477609189102e-10	TRUE	1.513337595807699	1.513337595807699	-0.17815976715181697	NFAT5-independent
Orc3	ENSMUSG00000040044	-0.598509690817066	3.54884609248213e-28	-0.450913225967732	1.7411301222107698e-16	TRUE	1.3273278678676332	1.3273278678676332	0.14759646484933397	NFAT5-independent
Hnrnpa3	ENSMUSG00000059005	-0.409067198409699	1.27638231848177e-13	-0.654057365109576	6.67103531590756e-31	TRUE	0.6254301537314955	0.6254301537314955	-0.244990166699877	Strongly NFAT5-dependent
Nfya	ENSMUSG00000023994	-0.0287866472407351	0.717764134565601	-0.25070740896408	6.88377364716593e-6	TRUE	0.11482168540483578	0.11482168540483578	-0.2219207617233449	Strongly NFAT5-dependent
Rad50	ENSMUSG00000020380	-0.531294320321841	1.62954310672881e-22	-0.45188417998513	2.19884087702829e-16	TRUE	1.1757311803642343	1.1757311803642343	0.07941014033671101	NFAT5-independent
Asns	ENSMUSG00000029752	0.0373964359836222	0.653399314162554	-0.456096250860743	5.21160771426651e-16	FALSE	-0.08199242136511274	0.08199242136511274	-0.4934926868443652	Strongly NFAT5-dependent
Nol10	ENSMUSG00000061458	-0.327204368438052	5.23595259773502e-10	-0.387276512681581	4.10564338687277e-13	TRUE	0.8448856507522822	0.8448856507522822	-0.06007214424352897	Partially dependent
Gar1	ENSMUSG00000028010	-0.223515850236023	1.0822986834007e-4	-0.300153961423059	1.76139419590087e-7	TRUE	0.744670665602122	0.744670665602122	-0.076638111187036	Partially dependent
Eif2d	ENSMUSG00000026427	-0.443060986322806	2.26519826811587e-14	-0.438708954559034	9.21698130685327e-14	TRUE	1.0099200887480093	1.0099200887480093	0.0043520317637719685	NFAT5-independent
Smcr8	ENSMUSG00000049323	0.576284822698765	1.3691313304234698e-23	0.630013699990357	1.06196242913579e-27	TRUE	0.9147179223365868	0.9147179223365868	0.053728877291591925	Partially dependent
Fh1	ENSMUSG00000026526	-0.354054341403359	1.90089738327138e-9	-0.361521967735053	1.44665505758833e-9	TRUE	0.9793439209836157	0.9793439209836157	-0.007467626331694011	Partially dependent
Tbc1d14	ENSMUSG00000029192	0.440422911110727	1.7780793634439703e-15	0.481177982764375	5.36898018544189e-18	TRUE	0.9153014620089026	0.9153014620089026	0.040755071653648	Partially dependent
Ciapin1	ENSMUSG00000031781	-0.303976607072867	2.53943467846121e-7	-0.311647708830005	1.93861878810192e-7	TRUE	0.9753853420391345	0.9753853420391345	-0.007671101757137977	Partially dependent
Slain1	ENSMUSG00000055717	0.324852740453956	4.6010542479014e-9	0.345042484789534	6.509451317783e-10	TRUE	0.9414862075668939	0.9414862075668939	0.020189744335577964	Partially dependent
Sumo3	ENSMUSG00000020265	0.919489778810526	4.3192483947834195e-60	0.871974266060591	6.38199767079965e-53	TRUE	1.0544918750464973	1.0544918750464973	-0.04751551274993493	NFAT5-independent
Psmb9	ENSMUSG00000096727	-0.527434639224584	6.49555269960747e-18	-0.408422229574889	4.2785125371686395e-11	TRUE	1.2913955241211295	1.2913955241211295	0.119012409649695	NFAT5-independent
Ttpal	ENSMUSG00000017679	0.575033819488362	1.45222707831403e-24	0.428079916386467	1.34786269240319e-13	TRUE	1.3432861423221412	1.3432861423221412	-0.146953903101895	NFAT5-independent
Tomm5	ENSMUSG00000078713	-0.368077614539351	9.043080157925411e-9	-0.264738501862048	5.50243595757493e-5	TRUE	1.3903441016341165	1.3903441016341165	0.103339112677303	NFAT5-independent
Ints13	ENSMUSG00000040250	0.278119637570141	2.44143616237066e-7	0.251925830284525	4.99160389384803e-6	TRUE	1.1039742818591995	1.1039742818591995	-0.026193807285616044	NFAT5-independent
Atf7ip	ENSMUSG00000030213	0.553563568031442	6.6197656271618105e-21	0.484243367548209	7.98704978223432e-16	TRUE	1.1431515744535867	1.1431515744535867	-0.06932020048323301	NFAT5-independent
Thada	ENSMUSG00000024251	-0.488093897550746	3.34793775975953e-19	-0.418504106862964	3.27303968459332e-14	TRUE	1.1662822169402716	1.1662822169402716	0.06958979068778198	NFAT5-independent
Arpc1a	ENSMUSG00000029621	-0.365447966734564	4.0820319930570296e-11	-0.265486841205423	2.59438942770757e-6	TRUE	1.37652007562889	1.37652007562889	0.09996112552914099	NFAT5-independent
Imp3	ENSMUSG00000032288	0.418773662375314	9.758944779912821e-14	0.383831467504797	2.8207728057870398e-11	TRUE	1.0910352533044474	1.0910352533044474	-0.034942194870516974	NFAT5-independent
Vps54	ENSMUSG00000020128	0.187977949687991	0.00208923377826889	0.471876850865443	6.95463859213389e-17	TRUE	0.3983623043665548	0.3983623043665548	0.283898901177452	Strongly NFAT5-dependent
Abcb9	ENSMUSG00000029408	-0.705347057854553	2.05560245890906e-32	-0.397111930975819	3.0302736938562295e-11	TRUE	1.7761920577941617	1.7761920577941617	0.308235126878734	NFAT5-independent
Sh3gl1	ENSMUSG00000003200	0.552527333940087	1.9840459569520998e-26	0.415028231913908	8.82760266268534e-15	TRUE	1.3313005994606684	1.3313005994606684	-0.13749910202617904	NFAT5-independent
Aamp	ENSMUSG00000006299	0.256023165889489	1.17119181547966e-5	0.252519337483689	1.92236272513719e-5	TRUE	1.0138754855002987	1.0138754855002987	-0.0035038284057999913	NFAT5-independent
Cars	ENSMUSG00000010755	0.331206102647757	2.68181584414697e-8	0.359035698118587	1.9979283973201402e-9	TRUE	0.9224879430745685	0.9224879430745685	0.02782959547082997	Partially dependent
Ube3b	ENSMUSG00000029577	-0.442112316328018	3.68995746379986e-13	-0.383668494492089	5.04950001758754e-10	TRUE	1.1523289576156066	1.1523289576156066	0.058443821835929	NFAT5-independent
Nek2	ENSMUSG00000026622	-0.645459943047648	8.850856356533259e-28	-0.268484263477074	6.99647614678278e-6	TRUE	2.4040885476431813	2.4040885476431813	0.376975679570574	NFAT5-independent
Mrpl3	ENSMUSG00000032563	-0.30510301986773	2.88284309665492e-8	-0.370178014100835	2.74617357911146e-11	TRUE	0.8242062149715383	0.8242062149715383	-0.06507499423310503	Partially dependent
Cul2	ENSMUSG00000024231	-0.257483914364043	2.81019805944274e-6	-0.283031942310206	3.20976275800545e-7	TRUE	0.9097344711779489	0.9097344711779489	-0.02554802794616301	Partially dependent
Cep295	ENSMUSG00000046111	-0.405014777535616	5.2185834021630794e-11	-0.322253438908453	2.09242286302796e-7	TRUE	1.2568206530471633	1.2568206530471633	0.082761338627163	NFAT5-independent
Taf2	ENSMUSG00000037343	-0.410541843969799	7.55810216242909e-14	-0.386811425431118	3.8427383134019396e-12	TRUE	1.0613488045556885	1.0613488045556885	0.023730418538680964	NFAT5-independent
Fabp5	ENSMUSG00000027533	-0.112081208382245	0.0835671886318512	-0.297414821042749	3.48304541623914e-7	TRUE	0.37685145612207055	0.37685145612207055	-0.18533361266050402	Strongly NFAT5-dependent
Ppp3cc	ENSMUSG00000022092	-0.853595111526922	7.85609302129283e-53	-0.51189305292026	2.6110227796007898e-20	TRUE	1.6675262667803592	1.6675262667803592	0.34170205860666203	NFAT5-independent
Atg2a	ENSMUSG00000024773	0.618027760815288	2.7816695720950396e-30	0.641758057781766	6.67213992753767e-32	TRUE	0.9630229855648378	0.9630229855648378	0.023730296966477993	Partially dependent
Eps15	ENSMUSG00000028552	-0.33785817215442	3.1913213366517204e-9	-0.356495182182594	7.07874023188782e-10	TRUE	0.9477215655087639	0.9477215655087639	-0.018637010028174028	Partially dependent
Slco3a1	ENSMUSG00000025790	0.867672902100908	1.51252543060553e-50	0.392214741167408	1.6219420483112301e-10	TRUE	2.2122393959959843	2.2122393959959843	-0.47545816093349996	NFAT5-independent
Abl2	ENSMUSG00000026596	0.764046345610304	9.13502675585237e-50	0.26789629279817	1.84117544565369e-6	TRUE	2.8520228392482005	2.8520228392482005	-0.49615005281213403	NFAT5-independent
Dhx29	ENSMUSG00000042426	-0.375219336299808	8.45591456760137e-13	-0.324754155619036	1.1251195715611902e-9	TRUE	1.1553950266920432	1.1553950266920432	0.05046518068077205	NFAT5-independent
Ttf2	ENSMUSG00000033222	-0.678829119286856	3.0106201482834697e-31	-0.43775307536796	8.30525788055847e-14	TRUE	1.5507123935480198	1.5507123935480198	0.24107604391889598	NFAT5-independent
Adpgk	ENSMUSG00000025236	-0.44545968125323	1.7360321168234602e-15	-0.366983463036579	1.10543199626123e-10	TRUE	1.2138412929217708	1.2138412929217708	0.07847621821665096	NFAT5-independent
Fanca	ENSMUSG00000032815	-0.637732522492505	6.3551339145483e-24	-0.662152966514199	5.405431047541279e-25	TRUE	0.963119633594256	0.963119633594256	-0.024420444021693966	Partially dependent
Tbc1d20	ENSMUSG00000027465	0.427178822170644	1.99315032450968e-13	0.358835323837067	1.59754505751866e-9	TRUE	1.1904592268196235	1.1904592268196235	-0.068343498333577	NFAT5-independent
Lmtk2	ENSMUSG00000038970	0.376530151678356	1.31461265785818e-10	0.289648151693399	1.65613717101541e-6	TRUE	1.2999570322717755	1.2999570322717755	-0.08688199998495699	NFAT5-independent
Ago1	ENSMUSG00000041530	0.484717721799826	2.3319922232092998e-17	0.391457685683059	2.4428762565818897e-11	TRUE	1.2382378467139723	1.2382378467139723	-0.09326003611676698	NFAT5-independent
Dcaf5	ENSMUSG00000049106	0.358453928228958	5.25864094961134e-10	0.343490154664939	4.1828554064685e-9	TRUE	1.0435639081959003	1.0435639081959003	-0.014963773564019012	NFAT5-independent
Cdk16	ENSMUSG00000031065	0.475174695253093	4.77713657794522e-16	0.350532772809925	6.4505103394428605e-9	TRUE	1.3555785139404202	1.3555785139404202	-0.12464192244316802	NFAT5-independent
Pin1	ENSMUSG00000032171	-0.492841918207698	1.2755296677407e-18	-0.606697916551136	3.4014171387998797e-26	TRUE	0.8123349442327588	0.8123349442327588	-0.11385599834343801	Partially dependent
Cops7a	ENSMUSG00000030127	-0.616792755549909	2.2364064399636797e-23	-0.677974566678581	7.05902820717403e-27	TRUE	0.909757955333924	0.909757955333924	-0.06118181112867205	Partially dependent
Tmem43	ENSMUSG00000030095	0.962581924503239	1.61964934959788e-74	0.755554053341533	2.50176481964166e-44	TRUE	1.274008021326997	1.274008021326997	-0.20702787116170596	NFAT5-independent
Slc30a4	ENSMUSG00000005802	0.455321491196105	3.4476259152906703e-15	0.374388183684565	2.54774133233521e-10	TRUE	1.2161748448229046	1.2161748448229046	-0.08093330751153999	NFAT5-independent
Cep170	ENSMUSG00000057335	0.86332051153776	3.3007094381666697e-56	0.385248549047717	3.6797433708625297e-11	TRUE	2.2409442259335517	2.2409442259335517	-0.478071962490043	NFAT5-independent
Neat1	ENSMUSG00000092274	0.263914563385862	0.0111758282333272	0.837873541914346	5.02142020282793e-18	TRUE	0.31498137867306164	0.31498137867306164	0.573958978528484	Strongly NFAT5-dependent
Stk35	ENSMUSG00000037885	0.653591363900898	2.47802673026112e-29	0.54877666247641	2.1844843673215997e-20	TRUE	1.1909970095147653	1.1909970095147653	-0.10481470142448801	NFAT5-independent
Eef1e1	ENSMUSG00000001707	-0.0379328006714346	0.636714259557289	-0.298076330195689	2.86938118262005e-7	TRUE	0.1272586811791848	0.1272586811791848	-0.2601435295242544	Strongly NFAT5-dependent
Gfpt1	ENSMUSG00000029992	-0.292951182549899	1.25747595036997e-6	-0.257836952321256	2.84199994108339e-5	TRUE	1.1361877338081932	1.1361877338081932	0.03511423022864302	NFAT5-independent
Dock9	ENSMUSG00000025558	0.164966475031401	0.00552033232364216	0.391070289228451	1.09998912719191e-12	TRUE	0.4218333112363664	0.4218333112363664	0.22610381419705	Strongly NFAT5-dependent
Prcc	ENSMUSG00000004895	0.351085310262203	1.28617850199284e-10	0.342061585283784	7.20413769530616e-10	TRUE	1.026380410331469	1.026380410331469	-0.009023724978419023	NFAT5-independent
Tut7	ENSMUSG00000035248	0.233128196148343	1.7054979389741e-4	0.328587246110483	5.79134199217408e-8	TRUE	0.7094864420573305	0.7094864420573305	0.09545904996214002	Partially dependent
Fam53c	ENSMUSG00000034300	0.676282167402124	8.86627336185698e-37	0.483710951661366	2.04390168692089e-18	TRUE	1.398112168185045	1.398112168185045	-0.19257121574075797	NFAT5-independent
Pofut1	ENSMUSG00000046020	-0.368229188203355	6.75139645816134e-10	-0.513690227283496	2.07034424902869e-17	TRUE	0.716831211975026	0.716831211975026	-0.14546103908014102	Partially dependent
Ctc1	ENSMUSG00000020898	-0.521977285886034	3.1206213586229896e-20	-0.354092357702485	7.188167502003921e-10	TRUE	1.474127510892537	1.474127510892537	0.167884928183549	NFAT5-independent
Sh2d3c	ENSMUSG00000059013	-0.748808225271667	8.658590440165389e-44	-0.767780379171029	5.912043728243589e-44	TRUE	0.9752896083124106	0.9752896083124106	-0.01897215389936202	Partially dependent
Llph	ENSMUSG00000020224	-0.293063492708051	2.26706393474332e-7	-0.340498773285824	2.5017278474468503e-9	TRUE	0.8606888356159963	0.8606888356159963	-0.04743528057777302	Partially dependent
Rbm8a	ENSMUSG00000038374	-0.470273144845848	2.6165550508248597e-16	-0.49017748495355	5.92609685290352e-17	TRUE	0.95939360595155	0.95939360595155	-0.019904340107702034	Partially dependent
Hexim1	ENSMUSG00000048878	1.0010829939677	1.1908550328031098e-62	0.929949738343862	6.0676473437801505e-53	TRUE	1.076491505606011	1.076491505606011	-0.07113325562383799	NFAT5-independent
Crk	ENSMUSG00000017776	0.372489708355872	3.26161487825613e-11	0.279844368627236	1.66674646621491e-6	TRUE	1.3310602253070287	1.3310602253070287	-0.09264533972863598	NFAT5-independent
Gsk3b	ENSMUSG00000022812	0.298071776332664	4.1219244428291e-8	0.25153878155084203	7.0551580240577e-6	TRUE	1.1849933218843098	1.1849933218843098	-0.04653299478182199	NFAT5-independent
Per1	ENSMUSG00000020893	0.87132209373987	3.01166242422874e-60	0.840446501975989	3.5269143824513595e-54	TRUE	1.0367371292417646	1.0367371292417646	-0.030875591763880994	NFAT5-independent
Dvl1	ENSMUSG00000029071	0.566408353048633	3.99229297580142e-21	0.306553356861405	1.17477973120573e-6	TRUE	1.8476664514383718	1.8476664514383718	-0.259854996187228	NFAT5-independent
Cdc123	ENSMUSG00000039128	-0.379173186765124	2.5733265180734203e-9	-0.3047660426818	2.62659764067607e-6	TRUE	1.2441451266308268	1.2441451266308268	0.074407144083324	NFAT5-independent
Prrg4	ENSMUSG00000027171	0.366518434590408	1.3406407521676602e-9	0.657141047674579	5.69444924067656e-29	TRUE	0.5577469797198098	0.5577469797198098	0.29062261308417103	Strongly NFAT5-dependent
Ankrd40	ENSMUSG00000020864	-0.66195087940737	1.79723304756588e-29	-0.62326049418407	1.32427324181977e-25	TRUE	1.0620773907288168	1.0620773907288168	0.03869038522329993	NFAT5-independent
Hat1	ENSMUSG00000027018	-0.65883857256504	8.17336701304083e-31	-0.485186257072364	2.89434559030514e-17	TRUE	1.357908561838709	1.357908561838709	0.17365231549267596	NFAT5-independent
Wdr6	ENSMUSG00000066357	0.280109870610116	1.3942637864829e-4	0.447913241687587	3.56975344507479e-10	TRUE	0.6253663534365625	0.6253663534365625	0.167803371077471	Strongly NFAT5-dependent
Arl1	ENSMUSG00000060904	-0.250437545674206	7.77995587835216e-6	-0.271936919415801	1.54675233380981e-6	TRUE	0.9209398496247517	0.9209398496247517	-0.021499373741594996	Partially dependent
Rprd2	ENSMUSG00000028106	0.368480504604544	3.84304690644086e-9	0.25335878395082	1.0145400455869e-4	TRUE	1.454382196103651	1.454382196103651	-0.115121720653724	NFAT5-independent
Slc4a2	ENSMUSG00000028962	0.850251126226433	1.3236566159278999e-51	0.622188736847809	6.06699177989297e-27	TRUE	1.3665485661698975	1.3665485661698975	-0.228062389378624	NFAT5-independent
Ap3m1	ENSMUSG00000021824	-0.730503948586335	2.7530989012589e-39	-0.717210358486024	1.51931657347517e-36	TRUE	1.0185351339994209	1.0185351339994209	0.013293590100311059	NFAT5-independent
Adprh	ENSMUSG00000002844	-0.469731250474838	3.04964417447876e-13	-0.494516431808637	3.78671289966873e-14	TRUE	0.9498799640627712	0.9498799640627712	-0.024785181333799033	Partially dependent
Fam213a	ENSMUSG00000021792	0.682996932657666	5.43177437892337e-31	1.23555174870441	3.44871841708173e-103	TRUE	0.5527869904063923	0.5527869904063923	0.5525548160467441	Strongly NFAT5-dependent
Ipo11	ENSMUSG00000042590	-0.770779814073574	5.674673620804659e-45	-0.628260991163063	5.649165032121849e-30	TRUE	1.2268465254331233	1.2268465254331233	0.142518822910511	NFAT5-independent
Zfp219	ENSMUSG00000049295	0.783008254911999	1.40504248987166e-41	0.71948586433721	2.5449740437115197e-34	TRUE	1.0882885873418873	1.0882885873418873	-0.06352239057478903	NFAT5-independent
Msi2	ENSMUSG00000069769	-0.347084383204893	6.8996338577746e-9	-0.371709401830503	9.78779568595725e-10	TRUE	0.9337519618703676	0.9337519618703676	-0.024625018625610007	Partially dependent
Fam98b	ENSMUSG00000027349	-0.669909381886076	1.05111628158953e-26	-0.570446721147383	1.72835043738163e-19	TRUE	1.1743592469751356	1.1743592469751356	0.09946266073869292	NFAT5-independent
Chmp1a	ENSMUSG00000000743	-0.585312279979127	3.7312357548154696e-23	-0.389358395772187	7.015997124993409e-11	TRUE	1.5032738123402183	1.5032738123402183	0.19595388420694004	NFAT5-independent
Ints8	ENSMUSG00000040738	-0.228930641013809	5.89535637441489e-5	-0.29796444833902	1.68213930835585e-7	TRUE	0.7683152882498745	0.7683152882498745	-0.06903380732521103	Partially dependent
Srgap2	ENSMUSG00000026425	0.354406938512689	1.8148261688439001e-10	0.324612224765072	9.61389248687277e-9	TRUE	1.0917855566566539	1.0917855566566539	-0.029794713747616997	NFAT5-independent
Cpsf3	ENSMUSG00000054309	-0.698664394542171	1.31914025345313e-37	-0.536473361516584	1.46947063968493e-22	TRUE	1.3023282135893586	1.3023282135893586	0.16219103302558702	NFAT5-independent
Snhg17	ENSMUSG00000085385	-0.293061831203747	3.23589317772241e-7	-0.304208218700956	1.6832342008866e-7	TRUE	0.9633593479334425	0.9633593479334425	-0.011146387497208976	Partially dependent
C2cd3	ENSMUSG00000047248	-0.582242593572555	5.947412021447229e-23	-0.447322048460862	6.44029308276443e-14	TRUE	1.3016183655062954	1.3016183655062954	0.13492054511169305	NFAT5-independent
Pbdc1	ENSMUSG00000031226	-0.342431647688693	4.772273639286491e-9	-0.26790982635449	7.56197679568544e-6	TRUE	1.2781600897146566	1.2781600897146566	0.07452182133420299	NFAT5-independent
Bub1	ENSMUSG00000027379	-0.561280149212256	7.996390728589089e-23	-0.454719471004821	4.23440261203721e-15	TRUE	1.234343776772878	1.234343776772878	0.10656067820743498	NFAT5-independent
Cyhr1	ENSMUSG00000053929	0.461947248259619	1.21468155668919e-12	0.413085960142746	4.05835812383643e-10	TRUE	1.118283584607883	1.118283584607883	-0.048861288116873014	NFAT5-independent
Tyk2	ENSMUSG00000032175	-0.600748605626623	1.59487131514681e-22	-0.427244678011714	6.72945285371704e-12	TRUE	1.4060996813871418	1.4060996813871418	0.17350392761490901	NFAT5-independent
Taok1	ENSMUSG00000017291	0.540811485187983	1.14681637242669e-18	0.42745595921109	1.08983194847324e-11	TRUE	1.2651864444376943	1.2651864444376943	-0.11335552597689308	NFAT5-independent
Lif	ENSMUSG00000034394	-0.254958639439121	2.66615403429952e-5	0.273055284563656	3.47146129082599e-6	FALSE	-0.9337253437396256	0.9337253437396256	0.528013924002777	NFAT5-independent (Opposite direction)
Il17ra	ENSMUSG00000002897	0.165019607348536	0.00731420287143101	0.257655775100812	1.15467660217164e-5	TRUE	0.6404653933488174	0.6404653933488174	0.09263616775227601	Strongly NFAT5-dependent
Pgrmc1	ENSMUSG00000006373	0.0902903847692212	0.176003474352273	-0.293653434319205	5.28735868756555e-7	FALSE	-0.30747259938759786	0.30747259938759786	-0.3839438190884262	Strongly NFAT5-dependent
Mbp	ENSMUSG00000041607	0.36477959599358	1.31722104532384e-10	0.251465107050072	2.22607424325804e-5	TRUE	1.4506171463420754	1.4506171463420754	-0.11331448894350798	NFAT5-independent
Clk3	ENSMUSG00000032316	0.617085403484478	5.481213614479709e-22	0.368959029095515	2.94460110054217e-8	TRUE	1.6725038685114517	1.6725038685114517	-0.24812637438896307	NFAT5-independent
Pphln1	ENSMUSG00000036167	-0.345239461322979	1.46477928516771e-9	-0.354574645160283	9.21687032057228e-10	TRUE	0.9736721619418556	0.9736721619418556	-0.009335183837303973	Partially dependent
Trip13	ENSMUSG00000021569	-0.624431998492996	1.68454881674651e-26	-0.482469760160382	3.28337088681352e-16	TRUE	1.2942406966302367	1.2942406966302367	0.141962238332614	NFAT5-independent
Nr4a3	ENSMUSG00000028341	-0.140424803938642	0.0683381216607984	-1.12618571252311	4.0448813221850097e-54	TRUE	0.12469062817715369	0.12469062817715369	-0.9857609085844681	Strongly NFAT5-dependent
Snx25	ENSMUSG00000038291	0.602192627413315	8.478697354731061e-21	0.606085125134469	1.13616626700739e-20	TRUE	0.9935776385861799	0.9935776385861799	0.0038924977211539646	Partially dependent
Plekho2	ENSMUSG00000050721	-0.0756030010366056	0.296067951362068	-0.2846772609718	2.0409291499263e-6	TRUE	0.26557442901663575	0.26557442901663575	-0.2090742599351944	Strongly NFAT5-dependent
Nudt5	ENSMUSG00000025817	-0.405444049631499	7.43626979623996e-13	-0.386218013878047	1.75561414122616e-11	TRUE	1.049780266747275	1.049780266747275	0.019226035753451998	NFAT5-independent
Atp11a	ENSMUSG00000031441	0.542779820430603	1.0301946334086901e-17	0.306457930471956	3.83358231623639e-6	TRUE	1.7711397436989245	1.7711397436989245	-0.236321889958647	NFAT5-independent
Kif4	ENSMUSG00000034311	-0.291773217032177	1.02194849455091e-6	-0.253639791130147	3.1205850871559e-5	TRUE	1.1503448088019559	1.1503448088019559	0.038133425902030005	NFAT5-independent
Ccnb2	ENSMUSG00000032218	-0.643465039705135	1.5248377603792898e-30	-0.449069090239482	1.8298248573377e-15	TRUE	1.432886506087481	1.432886506087481	0.19439594946565303	NFAT5-independent
Tonsl	ENSMUSG00000059323	0.290519965454983	2.29234653041031e-7	0.269563546222649	2.47973166394579e-6	TRUE	1.07774203717822	1.07774203717822	-0.02095641923233399	NFAT5-independent
Togaram1	ENSMUSG00000035614	0.861302302845063	6.01594317232482e-50	0.65215351377657	6.138874554943039e-28	TRUE	1.320704841191959	1.320704841191959	-0.209148789068493	NFAT5-independent
Maats1	ENSMUSG00000022805	0.424788642631783	2.25320746628373e-14	0.512753854890593	2.23849929453096e-20	TRUE	0.8284455369378368	0.8284455369378368	0.08796521225880999	Partially dependent
Fam53b	ENSMUSG00000030956	0.195131016021364	7.708505195186e-4	0.463514310230506	9.59133012250346e-18	TRUE	0.42098164331609356	0.42098164331609356	0.268383294209142	Strongly NFAT5-dependent
Ext2	ENSMUSG00000027198	-0.617457525136344	6.61204912341004e-26	-0.527549541384262	5.745866600954029e-19	TRUE	1.1704256694379227	1.1704256694379227	0.08990798375208198	NFAT5-independent
Rragc	ENSMUSG00000028646	0.557010914118954	8.90300978181246e-22	0.449342334508554	4.30808988695933e-14	TRUE	1.2396137006057024	1.2396137006057024	-0.1076685796104	NFAT5-independent
Polr2f	ENSMUSG00000033020	-0.349892405746032	4.49380099242032e-10	-0.258818222594502	6.85784783353772e-6	TRUE	1.3518847407209753	1.3518847407209753	0.09107418315152999	NFAT5-independent
Jun	ENSMUSG00000052684	1.29779772894871	6.97128791852684e-105	0.484647971591486	3.64950448321571e-14	TRUE	2.677815249462418	2.677815249462418	-0.813149757357224	NFAT5-independent
Polq	ENSMUSG00000034206	-0.423691295969971	1.44428373026731e-12	-0.372930004732212	8.72313827874012e-10	TRUE	1.136114795252822	1.136114795252822	0.05076129123775902	NFAT5-independent
Wdr76	ENSMUSG00000027242	-0.325144584341162	9.027607621740921e-9	-0.254966915464798	1.08827008037242e-5	TRUE	1.2752422554449152	1.2752422554449152	0.07017766887636401	NFAT5-independent
Appl1	ENSMUSG00000040760	-0.323582205871036	6.535993697995391e-9	-0.322137682841711	1.30888079511623e-8	TRUE	1.0044841789901207	1.0044841789901207	0.0014445230293249622	NFAT5-independent
Sppl2a	ENSMUSG00000027366	-0.513703023017511	9.784210058593861e-21	-0.406774341598173	2.83771012416231e-13	TRUE	1.2628697793455375	1.2628697793455375	0.10692868141933803	NFAT5-independent
Noc3l	ENSMUSG00000024999	-0.404845835304715	1.0944166967135398e-11	-0.292501226242703	1.53248876822034e-6	TRUE	1.3840825233628047	1.3840825233628047	0.11234460906201199	NFAT5-independent
Leprotl1	ENSMUSG00000031513	-0.451054319496522	2.4482698477777803e-15	-0.292139167771783	5.2630930480755e-7	TRUE	1.5439707141525179	1.5439707141525179	0.15891515172473902	NFAT5-independent
Selenoh	ENSMUSG00000076437	-0.372160148287542	4.86718555609048e-11	-0.285558696852636	8.42484352228122e-7	TRUE	1.3032702291662197	1.3032702291662197	0.086601451434906	NFAT5-independent
Ttc3	ENSMUSG00000040785	0.562335932893632	1.8853307573662298e-23	0.367144133262429	3.95107136254991e-10	TRUE	1.53164896820422	1.53164896820422	-0.19519179963120303	NFAT5-independent
Vcpip1	ENSMUSG00000045210	0.4191598030738	9.34515118864352e-13	0.456322537231501	1.01059091852763e-14	TRUE	0.918560379719208	0.918560379719208	0.037162734157700994	Partially dependent
Sik1	ENSMUSG00000024042	0.823399003183777	2.22578604916553e-48	0.397141346593374	2.91896857789229e-11	TRUE	2.073314728488446	2.073314728488446	-0.426257656590403	NFAT5-independent
Raph1	ENSMUSG00000026014	0.498089964975213	1.07010442221879e-18	0.358006986634174	8.72313827874012e-10	TRUE	1.3912855993622868	1.3912855993622868	-0.140082978341039	NFAT5-independent
Acat1	ENSMUSG00000032047	-0.315933798544867	6.4326206931312e-7	-0.327937686745846	3.52193810817387e-7	TRUE	0.9633958258347961	0.9633958258347961	-0.01200388820097903	Partially dependent
Emc7	ENSMUSG00000055943	-0.270659402528515	8.15907889046213e-6	-0.271246492147153	1.00276722670446e-5	TRUE	0.997835586318589	0.997835586318589	-5.870896186380148e-4	Partially dependent
Mbd6	ENSMUSG00000025409	0.391835977337938	4.39691576366532e-10	0.381026251044221	2.1145695947089602e-9	TRUE	1.0283700303170515	1.0283700303170515	-0.010809726293717015	NFAT5-independent
Gpd1l	ENSMUSG00000050627	0.494251545180336	2.87591558837354e-17	0.497421219274432	3.7517523343979e-17	TRUE	0.9936277867302897	0.9936277867302897	0.00316967409409602	Partially dependent
Gigyf1	ENSMUSG00000029714	0.675596240736316	2.70938313718985e-23	0.705048791808342	6.907447576219201e-25	TRUE	0.9582262229022692	0.9582262229022692	0.029452551072026045	Partially dependent
Dnajc15	ENSMUSG00000022013	-0.0322581853871311	0.730193944431707	0.368111153548203	1.95046809867653e-9	FALSE	-0.0876316435299399	0.0876316435299399	0.4003693389353341	Strongly NFAT5-dependent
Cinp	ENSMUSG00000021276	-0.18226457278445	0.00649001529278029	-0.338423059401951	1.70292988034278e-7	TRUE	0.5385701940835278	0.5385701940835278	-0.156158486617501	Strongly NFAT5-dependent
Celsr1	ENSMUSG00000016028	-0.759697201572294	7.14392564809642e-30	-0.419436300074731	3.83432336487517e-10	TRUE	1.8112337950648019	1.8112337950648019	0.34026090149756305	NFAT5-independent
Prps1l3	ENSMUSG00000079104	0.469718331912426	7.000405004917781e-15	0.286206364916695	6.08030895553837e-6	TRUE	1.6411875817267207	1.6411875817267207	-0.18351196699573102	NFAT5-independent
Snhg4	ENSMUSG00000097769	-0.123896282994731	0.0510489410585297	-0.348651819393771	2.34562410930132e-9	TRUE	0.3553582000809847	0.3553582000809847	-0.22475553639904	Strongly NFAT5-dependent
Myd88	ENSMUSG00000032508	0.45112350177963	4.44348280450139e-14	0.286780808482498	4.30628087734194e-6	TRUE	1.5730602900757278	1.5730602900757278	-0.16434269329713203	NFAT5-independent
Slc7a6os	ENSMUSG00000033106	0.481986902478098	8.25381818635792e-18	0.405239731734374	1.92510793985687e-12	TRUE	1.1893870830859945	1.1893870830859945	-0.076747170743724	NFAT5-independent
Cpne3	ENSMUSG00000028228	0.67819126490209	2.24391809673509e-34	0.391035398029422	1.74761030310471e-11	TRUE	1.7343474997909576	1.7343474997909576	-0.28715586687266803	NFAT5-independent
Ppp1r7	ENSMUSG00000026275	-0.56820436348411	4.338470373183859e-22	-0.617230102528981	8.06533485248833e-25	TRUE	0.9205713738782383	0.9205713738782383	-0.049025739044871064	Partially dependent
Hras	ENSMUSG00000025499	-0.502723995588504	1.6551310147419099e-19	-0.541906119533118	1.22772947071318e-21	TRUE	0.9276957344966477	0.9276957344966477	-0.039182123944613956	Partially dependent
Irf3	ENSMUSG00000003184	0.300803910889138	5.06062662057594e-6	0.343475631616068	1.79710669166035e-7	TRUE	0.8757649253713934	0.8757649253713934	0.042671720726929985	Partially dependent
Tgfbr3	ENSMUSG00000029287	0.313965216729346	1.86694387408209e-7	0.315583247431403	2.14444819209684e-7	TRUE	0.9948728878505864	0.9948728878505864	0.0016180307020569606	Partially dependent
Gimap9	ENSMUSG00000051124	0.989225866945797	2.04912577592848e-56	0.866845303329886	2.1130944103979897e-42	TRUE	1.1411792428773626	1.1411792428773626	-0.12238056361591099	NFAT5-independent
Atmin	ENSMUSG00000047388	0.519017698025043	2.8172223717999895e-20	0.373370997271975	1.42067040768423e-10	TRUE	1.3900857372887334	1.3900857372887334	-0.14564670075306807	NFAT5-independent
Phf23	ENSMUSG00000018572	0.571609312829932	8.73268787406861e-20	0.355480335108405	5.53330190481832e-8	TRUE	1.6079913749817347	1.6079913749817347	-0.216128977721527	NFAT5-independent
Nfil3	ENSMUSG00000056749	0.123929948882867	0.0929915247958846	0.407051080332785	9.44446164200287e-11	TRUE	0.3044579780541252	0.3044579780541252	0.28312113144991796	Strongly NFAT5-dependent
Impad1	ENSMUSG00000066324	-0.376341933133284	2.45908547182297e-10	-0.256881655068188	2.60142097154123e-5	TRUE	1.4650401292119746	1.4650401292119746	0.11946027806509601	NFAT5-independent
Fbxo28	ENSMUSG00000047539	0.568381862038205	2.13752392762998e-24	0.589742236008947	7.91241345276576e-26	TRUE	0.9637801522995921	0.9637801522995921	0.021360373970742086	Partially dependent
B4galnt4	ENSMUSG00000055629	-1.33377330720762	3.917032408337369e-89	-0.630835818764564	1.4126010717463098e-22	TRUE	2.114295459347405	2.114295459347405	0.7029374884430561	NFAT5-independent
Timm29	ENSMUSG00000048429	0.473297762570908	3.83142240723614e-16	0.399731117170383	1.79693471451377e-11	TRUE	1.1840403267108366	1.1840403267108366	-0.07356664540052499	NFAT5-independent
Gclc	ENSMUSG00000032350	0.25423415948857	3.20366575503213e-5	0.283610610531362	3.40468200252625e-6	TRUE	0.8964197743245451	0.8964197743245451	0.029376451042792018	Partially dependent
Babam1	ENSMUSG00000031820	-0.4500953384003	1.59758863809743e-13	-0.353663994968267	1.16150222209787e-8	TRUE	1.272663728295795	1.272663728295795	0.09643134343203302	NFAT5-independent
Ech1	ENSMUSG00000053898	-0.32635392139616	3.57529023293869e-8	-0.337115027208021	1.9939235468275e-8	TRUE	0.9680788308341391	0.9680788308341391	-0.010761105811861016	Partially dependent
Ip6k1	ENSMUSG00000032594	0.795199480106899	8.985234200963058e-43	0.624291873182686	9.25545255705651e-26	TRUE	1.2737623446112047	1.2737623446112047	-0.17090760692421303	NFAT5-independent
Peli1	ENSMUSG00000020134	0.770497935408874	1.53872635479931e-38	0.615677003631675	4.1856970348385996e-24	TRUE	1.2514645355664764	1.2514645355664764	-0.15482093177719902	NFAT5-independent
Vrk1	ENSMUSG00000021115	-0.287831633074415	4.24076262635246e-6	-0.336742891364739	9.06166577269652e-8	TRUE	0.8547519203980869	0.8547519203980869	-0.048911258290324	Partially dependent
Tnfrsf13b	ENSMUSG00000010142	-0.252407103478042	4.99577534473831e-5	-0.485934665395671	1.06692155296051e-14	TRUE	0.5194260081702964	0.5194260081702964	-0.23352756191762897	Strongly NFAT5-dependent
Shc1	ENSMUSG00000042626	-0.407707555176721	3.95895851714405e-12	-0.429441394151062	6.01989508214846e-13	TRUE	0.9493904423971393	0.9493904423971393	-0.021733838974340947	Partially dependent
Lrp8	ENSMUSG00000028613	-0.361047722564541	3.9316581392087203e-10	-0.521565177818622	8.4156131690826695e-19	TRUE	0.6922389337313043	0.6922389337313043	-0.160517455254081	Partially dependent
E2f3	ENSMUSG00000016477	-0.359740169433402	1.54993268762918e-9	-0.656760052004473	1.10320850865216e-26	TRUE	0.5477497730494606	0.5477497730494606	-0.297019882571071	Strongly NFAT5-dependent
Daxx	ENSMUSG00000002307	0.313832505369464	2.7756881971449e-8	0.312343515779831	4.69333631427933e-8	TRUE	1.0047671538367475	1.0047671538367475	-0.0014889895896330052	NFAT5-independent
Gimap8	ENSMUSG00000064262	-0.262231214035055	1.04403004311355e-5	-0.279326185948275	3.31542704179271e-6	TRUE	0.938799250578012	0.938799250578012	-0.017094971913220014	Partially dependent
Flvcr1	ENSMUSG00000066595	-0.163803581049448	0.00630671402994448	-0.453921811382757	5.866045324971031e-15	TRUE	0.36086298772571024	0.36086298772571024	-0.29011823033330897	Strongly NFAT5-dependent
Rad54l	ENSMUSG00000028702	-0.629442493665859	5.43345204292318e-27	-0.481826961597464	3.06266547171692e-16	TRUE	1.3063662763473964	1.3063662763473964	0.147615532068395	NFAT5-independent
Rfk	ENSMUSG00000024712	-0.254045239754074	1.50371389688793e-5	-0.349975324284444	2.9353261317541903e-9	TRUE	0.7258947192162543	0.7258947192162543	-0.09593008453037	Partially dependent
Pmf1	ENSMUSG00000028066	-0.218572120715403	6.8577332058177e-4	-0.312222721952627	9.19545606805512e-7	TRUE	0.7000519351969731	0.7000519351969731	-0.09365060123722402	Partially dependent
Acap3	ENSMUSG00000029033	0.581527577470647	4.4489092957333296e-23	0.315481684260581	3.48304541623914e-7	TRUE	1.8433005986817221	1.8433005986817221	-0.266045893210066	NFAT5-independent
Anks1	ENSMUSG00000024219	0.277431689535961	3.02309289230441e-5	0.288982903833642	1.51551013630788e-5	TRUE	0.9600280357611374	0.9600280357611374	0.011551214297681023	Partially dependent
Rrp15	ENSMUSG00000001305	-0.354789412829865	1.7199293793156e-7	-0.273578726724783	7.90564990072673e-5	TRUE	1.296845763840326	1.296845763840326	0.08121068610508198	NFAT5-independent
Prpf38a	ENSMUSG00000063800	-0.378094279467969	2.8489617006621603e-9	-0.268557962010003	4.08289779079514e-5	TRUE	1.4078684416509166	1.4078684416509166	0.10953631745796599	NFAT5-independent
Tg	ENSMUSG00000053469	0.154623031312355	0.0247701169879923	0.290102062845092	4.98197730408231e-6	TRUE	0.5329952837836945	0.5329952837836945	0.135479031532737	Strongly NFAT5-dependent
Brip1os	ENSMUSG00000085208	-0.481234773367777	2.97973417410612e-17	-0.439258569594219	3.0541691196067503e-14	TRUE	1.0955614908374696	1.0955614908374696	0.041976203773557985	NFAT5-independent
Snhg5	ENSMUSG00000097195	-0.423906451477046	6.32842322701662e-11	-0.413707257360134	3.10676051420385e-10	TRUE	1.0246531670292494	1.0246531670292494	0.010199194116912003	NFAT5-independent
Fhod1	ENSMUSG00000014778	0.583174059142898	2.0334836461939697e-18	0.428778790831848	3.8817749312866703e-10	TRUE	1.3600814023742103	1.3600814023742103	-0.15439526831105	NFAT5-independent
Fastk	ENSMUSG00000028959	-0.474890523191816	1.55077225708052e-14	-0.496799515056319	2.62297771452156e-15	TRUE	0.9558997317821067	0.9558997317821067	-0.021908991864502958	Partially dependent
Gnl3l	ENSMUSG00000025266	-0.535359105890551	2.5630772247614296e-19	-0.410752336578851	9.96715276865604e-12	TRUE	1.3033622896696038	1.3033622896696038	0.1246067693117	NFAT5-independent
Pnpla6	ENSMUSG00000004565	0.485385338049471	6.1597623237744305e-15	0.885404505007183	2.81000734179402e-48	TRUE	0.5482074411237982	0.5482074411237982	0.40001916695771206	Strongly NFAT5-dependent
Tpm3-rs7	ENSMUSG00000058126	-0.0572711979523514	0.526799030278181	-0.250572713064515	3.0737905553823e-4	TRUE	0.2285611918868667	0.2285611918868667	-0.1933015151121636	Strongly NFAT5-dependent
Gabarapl1	ENSMUSG00000030161	1.21921553452595	1.86389131479755e-74	0.93588039937058	1.0989584670312499e-42	TRUE	1.3027471622933071	1.3027471622933071	-0.2833351351553701	NFAT5-independent
Mnt	ENSMUSG00000000282	0.632542625969812	2.7562954094552296e-26	0.625021434962014	3.36128397602164e-25	TRUE	1.0120334929125352	1.0120334929125352	-0.007521191007798023	NFAT5-independent
Zc3h12d	ENSMUSG00000039981	0.0745445101682748	0.367714293285216	0.257676269103164	7.37849676461575e-5	TRUE	0.28929520916972745	0.28929520916972745	0.1831317589348892	Strongly NFAT5-dependent
Ccz1	ENSMUSG00000029617	-0.477082815271881	1.47142349663275e-16	-0.330355968193201	1.83609636512316e-8	TRUE	1.4441477109711855	1.4441477109711855	0.14672684707868	NFAT5-independent
Tubgcp2	ENSMUSG00000025474	-0.546612025020138	1.39544438411893e-20	-0.460217625337843	1.01646696708041e-14	TRUE	1.1877250998782878	1.1877250998782878	0.08639439968229495	NFAT5-independent
Nfkbib	ENSMUSG00000030595	0.379278657545219	2.02290551536097e-11	0.26397907232605	7.81227574252631e-6	TRUE	1.436775476946742	1.436775476946742	-0.115299585219169	NFAT5-independent
Agpat5	ENSMUSG00000031467	0.161817600409589	0.00802865281966979	-0.275380523561283	4.9908272238617e-6	FALSE	-0.5876145426587448	0.5876145426587448	-0.437198123970872	NFAT5-independent (Opposite direction)
Sppl2b	ENSMUSG00000035206	0.112850912785985	0.126202396417872	0.299226754778903	2.36440190849641e-6	TRUE	0.37714178623288525	0.37714178623288525	0.18637584199291798	Strongly NFAT5-dependent
Slc25a12	ENSMUSG00000027010	-0.612249453448386	4.4819925679628597e-26	-0.407027892499066	2.9989059394710897e-12	TRUE	1.5041953259991658	1.5041953259991658	0.20522156094931998	NFAT5-independent
Parg	ENSMUSG00000021911	0.203767626961902	9.029600838178e-4	0.255630225172754	2.20684433105276e-5	TRUE	0.7971186772776833	0.7971186772776833	0.05186259821085201	Partially dependent
Klrc1	ENSMUSG00000030167	0.6850894324806	7.024146572591249e-25	0.307837388804464	1.27972720103064e-5	TRUE	2.225491306112149	2.225491306112149	-0.37725204367613596	NFAT5-independent
Rab3gap1	ENSMUSG00000036104	0.309661969332231	1.13235440630376e-7	0.286647698409506	1.42025812464748e-6	TRUE	1.0802876529287415	1.0802876529287415	-0.02301427092272501	NFAT5-independent
Wdr90	ENSMUSG00000073434	-0.46967596634608	5.66545035504488e-13	-0.429100888748381	8.036531643246039e-11	TRUE	1.0945583629902285	1.0945583629902285	0.040575077597699016	NFAT5-independent
Arl14ep	ENSMUSG00000027122	0.66297195006784	7.92545516072451e-28	0.798103715183457	5.3320848207272e-40	TRUE	0.8306839542971495	0.8306839542971495	0.13513176511561698	Partially dependent
Wipf2	ENSMUSG00000038013	0.464800409406214	1.06334820968913e-13	0.289052896681873	1.02501375080725e-5	TRUE	1.6080115949080624	1.6080115949080624	-0.17574751272434097	NFAT5-independent
Padi2	ENSMUSG00000028927	-0.637590715003133	9.69391126253718e-27	-0.494238181243096	1.8972651440134e-16	TRUE	1.2900474694194612	1.2900474694194612	0.14335253376003704	NFAT5-independent
Esd	ENSMUSG00000021996	-0.475689485965108	5.65286415292222e-16	-0.427036939749642	7.79489614070889e-13	TRUE	1.1139305331383964	1.1139305331383964	0.048652546215466	NFAT5-independent
Emd	ENSMUSG00000001964	-0.425100554686081	2.17278319005014e-12	-0.278176726765244	7.16289579563336e-6	TRUE	1.528167218118241	1.528167218118241	0.14692382792083697	NFAT5-independent
Orc6	ENSMUSG00000031697	-0.470897942941815	4.13286463087422e-13	-0.466704730921041	1.38389526812316e-12	TRUE	1.0089847214801073	1.0089847214801073	0.004193212020773995	NFAT5-independent
Zdhhc6	ENSMUSG00000024982	-0.38880109426983	4.86220084372075e-12	-0.458552903887381	1.3646157001013202e-15	TRUE	0.8478871052255252	0.8478871052255252	-0.06975180961755101	Partially dependent
Yipf3	ENSMUSG00000071074	0.586460747290384	8.65989533027438e-26	0.625267553070955	7.96005517434438e-29	TRUE	0.9379356795503392	0.9379356795503392	0.03880680578057105	Partially dependent
Mpdu1	ENSMUSG00000018761	-0.146742222579947	0.0445272722133873	-0.253601383006325	2.2484448158246e-4	TRUE	0.5786333687947086	0.5786333687947086	-0.106859160426378	Strongly NFAT5-dependent
Agpat1	ENSMUSG00000034254	-0.447210634872103	6.10817009610578e-14	-0.51674501494157	1.95745502111479e-17	TRUE	0.8654377341650225	0.8654377341650225	-0.069534380069467	Partially dependent
Ppif	ENSMUSG00000021868	-0.366762295298691	6.49569873976105e-10	-0.564151470267309	2.05851434090889e-20	TRUE	0.6501131604335089	0.6501131604335089	-0.19738917496861808	Strongly NFAT5-dependent
Tacc1	ENSMUSG00000065954	-0.843090748422983	1.3820464050104999e-49	-0.618123004724833	1.30195839009706e-27	TRUE	1.3639530352025937	1.3639530352025937	0.2249677436981501	NFAT5-independent
Ubxn7	ENSMUSG00000053774	0.437845144813249	3.1433404772437e-13	0.295913016167513	2.18795453040507e-6	TRUE	1.4796413840930533	1.4796413840930533	-0.141932128645736	NFAT5-independent
Washc2	ENSMUSG00000024104	0.317890221085284	1.65190001168698e-6	0.305200635206362	5.71529933877192e-6	TRUE	1.0415778488479943	1.0415778488479943	-0.012689585878921994	NFAT5-independent
Ydjc	ENSMUSG00000041774	0.48285569317474	2.88276571183418e-16	0.412974891142929	7.987478234504409e-12	TRUE	1.1692131980189213	1.1692131980189213	-0.06988080203181096	NFAT5-independent
Ltv1	ENSMUSG00000019814	-0.311442501782019	5.04324396327336e-7	-0.302714435549924	1.49294448315116e-6	TRUE	1.0288326726680186	1.0288326726680186	0.008728066232094989	NFAT5-independent
Cep83	ENSMUSG00000020024	-0.0913494000175508	0.232005344931484	-0.404067208087507	3.78506187951828e-10	TRUE	0.22607476723963127	0.22607476723963127	-0.3127178080699562	Strongly NFAT5-dependent
Tmf1	ENSMUSG00000030059	0.371858033753341	5.53389408121792e-10	0.528673295526413	2.5447211705672897e-19	TRUE	0.7033796427774412	0.7033796427774412	0.15681526177307198	Partially dependent
Capn15	ENSMUSG00000037326	0.630685395808501	3.3850747235977897e-22	0.457589597153999	8.64989410614867e-12	TRUE	1.3782773903320351	1.3782773903320351	-0.17309579865450203	NFAT5-independent
Ilkap	ENSMUSG00000026309	-0.322291300356949	3.07300120185104e-8	-0.353421983620483	2.1097922843410404e-9	TRUE	0.9119163925666739	0.9119163925666739	-0.03113068326353402	Partially dependent
Emc3	ENSMUSG00000030286	-0.134941071912027	0.0497904921656852	-0.266467240155134	3.09277640623143e-5	TRUE	0.5064077364011649	0.5064077364011649	-0.131526168243107	Strongly NFAT5-dependent
Sugt1	ENSMUSG00000022024	-0.196689931547875	0.00155342685683932	-0.267597017009108	1.30856771510028e-5	TRUE	0.7350228853305208	0.7350228853305208	-0.07090708546123298	Partially dependent
Gsto1	ENSMUSG00000025068	0.175444641097078	0.00944722806720309	0.257915263234544	6.47485973692715e-5	TRUE	0.6802414052460767	0.6802414052460767	0.082470622137466	Partially dependent
Plxna1	ENSMUSG00000030084	1.16011892071176	3.0783601074994195e-89	1.03826348573734	8.69535128280088e-70	TRUE	1.117364654202283	1.117364654202283	-0.12185543497441986	NFAT5-independent
Klhl6	ENSMUSG00000043008	0.035047580403982	0.706447678574064	1.0334327923793	7.25687229491607e-72	TRUE	0.03391374907243945	0.03391374907243945	0.998385211975318	Strongly NFAT5-dependent
Thoc3	ENSMUSG00000025872	-0.320135890950761	7.01173793906042e-7	-0.267426391688011	4.62902498510057e-5	TRUE	1.1970990930627472	1.1970990930627472	0.05270949926274998	NFAT5-independent
Pigq	ENSMUSG00000025728	-0.839600889724468	1.18000960252435e-36	-0.777586441843906	5.333427605565119e-31	TRUE	1.0797524809376895	1.0797524809376895	0.062014447880561985	NFAT5-independent
Ube2h	ENSMUSG00000039159	0.620554198507009	3.0318500622124696e-19	0.521224710626897	1.46206002297312e-13	TRUE	1.1905694144098513	1.1905694144098513	-0.09932948788011198	NFAT5-independent
Kif1b	ENSMUSG00000063077	0.561177299064935	2.9736490030229902e-21	0.406929542867347	3.2175476765807e-11	TRUE	1.379052735052639	1.379052735052639	-0.15424775619758796	NFAT5-independent
Acp1	ENSMUSG00000044573	-0.470182889915068	1.8880951036499502e-14	-0.446652272806717	7.62783776832818e-13	TRUE	1.0526821837499831	1.0526821837499831	0.023530617108351026	NFAT5-independent
Cd37	ENSMUSG00000030798	-1.08773399135096	7.014954280542319e-75	-0.602114884972902	2.2860263680166097e-25	TRUE	1.8065223406657904	1.8065223406657904	0.48561910637805805	NFAT5-independent
Slc9a8	ENSMUSG00000039463	-1.04514030427787	2.41628796807639e-66	-0.911052249115852	2.2168207701996497e-50	TRUE	1.1471793251069258	1.1471793251069258	0.13408805516201794	NFAT5-independent
Repin1	ENSMUSG00000052751	1.03518572572036	8.67704733171334e-61	0.862238222574053	4.27569107491168e-41	TRUE	1.2005797221909325	1.2005797221909325	-0.17294750314630702	NFAT5-independent
Khnyn	ENSMUSG00000047153	0.451685373136465	1.63033035629025e-13	0.344830650707776	5.26085557595752e-8	TRUE	1.309875941159425	1.309875941159425	-0.10685472242868899	NFAT5-independent
Ints4	ENSMUSG00000025133	-0.301429305204807	3.08450108732566e-5	-0.366060603607374	4.30170192688308e-7	TRUE	0.8234409882799387	0.8234409882799387	-0.06463129840256704	Partially dependent
Ccdc124	ENSMUSG00000007721	-0.292487763375648	1.95111390388487e-5	-0.341549191324712	6.82045883917626e-7	TRUE	0.8563561876437847	0.8563561876437847	-0.049061427949063985	Partially dependent
Tpcn1	ENSMUSG00000032741	-0.499727104163607	8.15843235854461e-18	-0.304822348899982	2.63706528866082e-7	TRUE	1.639404413642836	1.639404413642836	0.194904755263625	NFAT5-independent
Adamts10	ENSMUSG00000024299	-0.383666849031171	3.70399281054058e-10	-0.268538968680976	1.88247833265125e-5	TRUE	1.4287194551900093	1.4287194551900093	0.115127880350195	NFAT5-independent
Sigmar1	ENSMUSG00000036078	-0.406004486319471	8.21441148268496e-11	-0.260681265381586	4.96772265960051e-5	TRUE	1.557474741137076	1.557474741137076	0.14532322093788502	NFAT5-independent
Rad23a	ENSMUSG00000003813	-0.391851181217432	1.2302390759849098e-11	-0.445722254539862	3.4318679282499e-14	TRUE	0.8791375732897982	0.8791375732897982	-0.05387107332242996	Partially dependent
Fam136a	ENSMUSG00000057497	-0.573828710688176	1.2791688524356199e-20	-0.499539582534536	1.2707800582024401e-15	TRUE	1.148715198456779	1.148715198456779	0.07428912815363997	NFAT5-independent
Isoc1	ENSMUSG00000024601	-0.679748462302958	5.468314978899379e-31	-0.530892540552544	2.5447211705672897e-19	TRUE	1.280388045376353	1.280388045376353	0.14885592175041407	NFAT5-independent
Tsen54	ENSMUSG00000020781	0.558125178056416	7.32667695744737e-16	0.506929370577229	5.61609560647646e-13	TRUE	1.100991993067775	1.100991993067775	-0.05119580747918706	NFAT5-independent
Ralgapa1	ENSMUSG00000021027	-0.537123149395956	4.36157168097026e-17	-0.549776797115412	3.03034690396598e-17	TRUE	0.9769840273619264	0.9769840273619264	-0.012653647719456096	Partially dependent
Lypla1	ENSMUSG00000025903	-0.509242887251513	5.11281178539427e-17	-0.418069335864077	1.1190883046745799e-11	TRUE	1.2180823695165206	1.2180823695165206	0.09117355138743599	NFAT5-independent
Pkp4	ENSMUSG00000026991	0.953322474943224	1.3348030225565e-59	0.40320978060126	1.2065746403413e-10	TRUE	2.3643337061954317	2.3643337061954317	-0.550112694341964	NFAT5-independent
Syvn1	ENSMUSG00000024807	0.364988148873633	9.485945901941731e-9	0.34245780562681	1.18576512438542e-7	TRUE	1.0657901291097311	1.0657901291097311	-0.022530343246823015	NFAT5-independent
Tecpr1	ENSMUSG00000066621	0.178544135185116	0.00569055184345933	0.365433215276014	7.939638493352351e-10	TRUE	0.4885821204026582	0.4885821204026582	0.18688908009089802	Strongly NFAT5-dependent
Gm10282	ENSMUSG00000070713	-0.137541872875141	0.567254764911381	-0.506371473565493	0.0142816898057442	TRUE	0.2716224749128796	0.2716224749128796	-0.368829600690352	Strongly NFAT5-dependent
Rpf2	ENSMUSG00000038510	-0.461799307832833	3.85424004071296e-13	-0.370170537487301	9.43974543147114e-9	TRUE	1.247531235109913	1.247531235109913	0.09162877034553202	NFAT5-independent
R3hdm2	ENSMUSG00000025404	-0.367429169388956	1.08436625239391e-9	-0.284793249721928	3.74784452107887e-6	TRUE	1.290161089659652	1.290161089659652	0.08263591966702799	NFAT5-independent
2810004N23Rik	ENSMUSG00000031984	-0.424093619928698	6.74845033446201e-13	-0.421097278553803	2.25026214000988e-12	TRUE	1.00711555625623	1.00711555625623	0.002996341374894962	NFAT5-independent
Hif1an	ENSMUSG00000036450	0.253591438549464	7.75485397939126e-5	0.310033178860682	1.03251442864812e-6	TRUE	0.8179493545863975	0.8179493545863975	0.056441740311218014	Partially dependent
Kat14	ENSMUSG00000027425	0.454164587698471	1.00427686711483e-13	0.350620811508527	2.5235005198768e-8	TRUE	1.2953155454305538	1.2953155454305538	-0.10354377618994404	NFAT5-independent
Zfp512b	ENSMUSG00000000823	0.80821259595547	3.26967507163665e-34	0.70629147522338	1.12177390565065e-25	TRUE	1.144304616872029	1.144304616872029	-0.10192112073209003	NFAT5-independent
Tysnd1	ENSMUSG00000020087	-0.655834540988428	1.47087968520009e-27	-0.67041925166937	8.73019407904004e-28	TRUE	0.9782453880245451	0.9782453880245451	-0.014584710680942026	Partially dependent
Zbtb44	ENSMUSG00000047412	0.590275288261326	2.90104467106226e-21	0.497317160931665	8.458281628921671e-15	TRUE	1.1869192029398603	1.1869192029398603	-0.09295812732966102	NFAT5-independent
Atp9b	ENSMUSG00000024566	-0.387050510045113	1.9762602929868003e-10	-0.299435610056205	1.41394785743797e-6	TRUE	1.2926001352092438	1.2926001352092438	0.08761489998890798	NFAT5-independent
Spns1	ENSMUSG00000030741	0.840865126533455	4.055181608699709e-40	0.655517582077202	6.20594849870336e-24	TRUE	1.282749920862419	1.282749920862419	-0.185347544456253	NFAT5-independent
Ankrd27	ENSMUSG00000034867	-0.655222862972455	8.039787972954619e-25	-0.597366765408232	2.2273933647073998e-20	TRUE	1.096851885498995	1.096851885498995	0.05785609756422305	NFAT5-independent
Prr14	ENSMUSG00000030822	0.338441386143558	9.93786601906134e-8	0.283361170509985	1.43307163205881e-5	TRUE	1.194381663283086	1.194381663283086	-0.055080215633573015	NFAT5-independent
Mrpl18	ENSMUSG00000057388	-0.497764013437104	2.54335612702696e-17	-0.378050855679484	2.33845480991731e-10	TRUE	1.316658872633565	1.316658872633565	0.11971315775762004	NFAT5-independent
Anapc16	ENSMUSG00000020107	0.599639832254072	9.89669478824628e-25	0.453499989606961	5.834949707457541e-14	TRUE	1.322248833508833	1.322248833508833	-0.14613984264711105	NFAT5-independent
Sufu	ENSMUSG00000025231	0.461273069768109	7.83332855378287e-13	0.262846178489398	1.1437979774412e-4	TRUE	1.7549164017490733	1.7549164017490733	-0.198426891278711	NFAT5-independent
Stx16	ENSMUSG00000027522	-0.451186002573052	1.09267496315783e-10	-0.325878709548739	4.66845560373286e-6	TRUE	1.3845212631344725	1.3845212631344725	0.12530729302431304	NFAT5-independent
Pus10	ENSMUSG00000020280	-0.304331312669229	5.63946348975136e-7	-0.485024920050152	3.739630689806381e-15	TRUE	0.6274550030084246	0.6274550030084246	-0.180693607380923	Strongly NFAT5-dependent
Nt5c3b	ENSMUSG00000017176	-0.299149636962853	3.81001854128924e-6	-0.379809288038582	6.015331855823591e-9	TRUE	0.7876311780254953	0.7876311780254953	-0.08065965107572898	Partially dependent
Gatad1	ENSMUSG00000007415	-0.236907546929272	2.1979671948776e-4	-0.266589979487217	3.47884604926477e-5	TRUE	0.8886588587649136	0.8886588587649136	-0.029682432557945032	Partially dependent
Trim37	ENSMUSG00000018548	-0.405704500282051	1.01014537576563e-8	-0.407573410304672	1.10954327759062e-8	TRUE	0.9954145437966037	0.9954145437966037	-0.001868910022620962	Partially dependent
Fbxo38	ENSMUSG00000042211	0.290126195419749	3.2506794285661e-6	0.273870752216986	1.51551013630788e-5	TRUE	1.0593544329621731	1.0593544329621731	-0.01625544320276301	NFAT5-independent
Slc19a2	ENSMUSG00000040918	-0.30875245690793	6.01618747539712e-7	-0.295067444147746	2.07282809063421e-6	TRUE	1.046379270338383	1.046379270338383	0.013685012760184023	NFAT5-independent
E2f8	ENSMUSG00000046179	-0.376041136050219	1.90873946731305e-10	-0.348034869607574	6.7402612948192405e-9	TRUE	1.0804697140669364	1.0804697140669364	0.028006266442644978	NFAT5-independent
Lsm2	ENSMUSG00000007050	-0.392639499105359	7.88016915726413e-10	-0.443557839175507	7.96326980775002e-12	TRUE	0.8852047341451661	0.8852047341451661	-0.050918340070148005	Partially dependent
Sppl3	ENSMUSG00000029550	0.43666516154611	1.49152153366046e-8	0.279599358288745	5.0797598090393e-4	TRUE	1.561753089201162	1.561753089201162	-0.15706580325736502	NFAT5-independent
Rnf216	ENSMUSG00000045078	0.684600580250181	7.281852784721099e-31	0.503995611647862	2.04033721508462e-16	TRUE	1.358346311809767	1.358346311809767	-0.180604968602319	NFAT5-independent
Golga3	ENSMUSG00000029502	-0.438039119843248	2.60337320392296e-13	-0.305976239091729	5.48799520100618e-7	TRUE	1.4316115563206453	1.4316115563206453	0.132062880751519	NFAT5-independent
Usp3	ENSMUSG00000032376	0.4141950509927	4.72353691070132e-12	0.430304320864365	1.02849918517161e-12	TRUE	0.9625630766632651	0.9625630766632651	0.016109269871665	Partially dependent
Rel	ENSMUSG00000020275	0.517648998473205	9.454908120834801e-15	-0.316554693027846	1.55013176499776e-5	FALSE	-1.6352592770680217	1.6352592770680217	-0.834203691501051	NFAT5-independent (Opposite direction)
Zfyve26	ENSMUSG00000066440	0.737541285036259	4.8833869810301e-34	0.84785744045801	1.5178048965287598e-44	TRUE	0.8698883206566442	0.8698883206566442	0.110316155421751	Partially dependent
Wwp2	ENSMUSG00000031930	-0.377816532258295	2.1931724850658201e-10	-0.304077439006055	5.52094110595873e-7	TRUE	1.2425010335961546	1.2425010335961546	0.07373909325223998	NFAT5-independent
Rnf31	ENSMUSG00000047098	0.444348889085489	2.6035172798658e-13	0.319961602045956	3.92043331815323e-7	TRUE	1.3887569203434207	1.3887569203434207	-0.124387287039533	NFAT5-independent
Tm9sf1	ENSMUSG00000002320	-0.316576431214294	1.10402503221959e-6	-0.289587833678297	1.17285108960648e-5	TRUE	1.0931965863109383	1.0931965863109383	0.026988597535997028	NFAT5-independent
Tmem167	ENSMUSG00000012422	-0.808762508177517	1.77430131289636e-35	-0.70314918970989	9.19258218356864e-27	TRUE	1.150200441120044	1.150200441120044	0.105613318467627	NFAT5-independent
Rabac1	ENSMUSG00000003380	0.542647881581186	4.66215612752944e-13	0.502356372648875	3.37795436033761e-11	TRUE	1.080205031977315	1.080205031977315	-0.04029150893231104	NFAT5-independent
Hpf1	ENSMUSG00000038005	-0.443709904805642	3.2084764920804e-13	-0.532401851614995	9.787800586862539e-18	TRUE	0.8334116484750876	0.8334116484750876	-0.088691946809353	Partially dependent
Pygo2	ENSMUSG00000047824	0.388227281316072	1.35074648075141e-10	0.385150235032692	2.99068953147171e-10	TRUE	1.0079892104521726	1.0079892104521726	-0.0030770462833799583	NFAT5-independent
Commd3	ENSMUSG00000051154	-0.517374723713441	5.20142054008536e-18	-0.315629663860948	2.14368167739256e-7	TRUE	1.6391828238976063	1.6391828238976063	0.20174505985249297	NFAT5-independent
Tapbpl	ENSMUSG00000038213	-0.0167876341096326	0.859864105586295	-0.330912274611608	9.92936566537636e-8	TRUE	0.050731373229766896	0.050731373229766896	-0.3141246405019754	Strongly NFAT5-dependent
AI662270	ENSMUSG00000087107	-0.718375701396196	1.71895819122123e-30	-0.691180465057959	1.26991191716027e-27	TRUE	1.0393460719928715	1.0393460719928715	0.02719523633823695	NFAT5-independent
Vps13b	ENSMUSG00000037646	-0.403338670768896	6.06751052156847e-10	-0.30188724381449	5.65836440686827e-6	TRUE	1.3360573493351975	1.3360573493351975	0.10145142695440601	NFAT5-independent
Rab3gap2	ENSMUSG00000039318	0.363388282043925	3.55323842750372e-9	0.291542123502581	4.30752508124716e-6	TRUE	1.2464349154015404	1.2464349154015404	-0.07184615854134396	NFAT5-independent
Pank2	ENSMUSG00000037514	0.405402760955128	8.051151703617009e-11	0.321486615856666	5.46993476512759e-7	TRUE	1.2610253147704158	1.2610253147704158	-0.08391614509846201	NFAT5-independent
Atg16l1	ENSMUSG00000026289	0.309857627703907	1.32337120865906e-6	0.43805062475241	3.04824593032878e-12	TRUE	0.7073557488453331	0.7073557488453331	0.128192997048503	Partially dependent
Ubald2	ENSMUSG00000050628	1.2511846317558	4.1994024331101797e-97	0.59687866369089	7.15171629630214e-21	TRUE	2.096212694249966	2.096212694249966	-0.6543059680649099	NFAT5-independent
Fbxo5	ENSMUSG00000019773	-0.430276982798077	1.13672378920079e-13	-0.359196498838993	1.0784784380885e-9	TRUE	1.1978874632376226	1.1978874632376226	0.071080483959084	NFAT5-independent
Ccdc71l	ENSMUSG00000090946	0.841030329414483	4.67637337140808e-34	0.700926717852466	2.3365492257769597e-23	TRUE	1.1998833943600744	1.1998833943600744	-0.140103611562017	NFAT5-independent
Csrnp1	ENSMUSG00000032515	0.277319717656054	7.37691274254792e-6	0.28474183074411	4.91972755877352e-6	TRUE	0.9739338857636057	0.9739338857636057	0.007422113088056015	Partially dependent
Strn	ENSMUSG00000024077	0.311506386525099	8.59317230375532e-6	0.397541015715267	9.38883119716295e-9	TRUE	0.783583012094055	0.783583012094055	0.08603462919016802	Partially dependent
Slc39a1	ENSMUSG00000052310	0.401757942017357	2.48519610813266e-11	0.318478743329186	2.89556385048222e-7	TRUE	1.2614906031643434	1.2614906031643434	-0.08327919868817096	NFAT5-independent
Bora	ENSMUSG00000022070	-0.486664281289022	3.8854466780106705e-14	-0.3886215236911	2.8567502119037103e-9	TRUE	1.252283395594559	1.252283395594559	0.09804275759792203	NFAT5-independent
Atxn10	ENSMUSG00000016541	-0.343122621286792	9.309867443558361e-9	-0.419502877916775	4.6241342381402096e-12	TRUE	0.8179267398372031	0.8179267398372031	-0.07638025662998299	Partially dependent
Mrpl20	ENSMUSG00000029066	-0.195075331707759	0.00235773839721272	-0.297351256875928	2.32618039475425e-6	TRUE	0.6560434072392558	0.6560434072392558	-0.102275925168169	Strongly NFAT5-dependent
Edc3	ENSMUSG00000038957	0.27131072716961	9.59075422910146e-6	0.258216180664516	3.40489670637327e-5	TRUE	1.0507115645169693	1.0507115645169693	-0.013094546505094007	NFAT5-independent
Plod3	ENSMUSG00000004846	0.790701546909717	7.3383370373801e-35	0.327749774849196	1.66269563605816e-6	TRUE	2.4125159117913477	2.4125159117913477	-0.46295177206052096	NFAT5-independent
Fancd2	ENSMUSG00000034023	-1.20453120045578	1.57362505832393e-77	-0.925315635851893	1.6321638466862302e-47	TRUE	1.3017516983238122	1.3017516983238122	0.27921556460388697	NFAT5-independent
Pspc1	ENSMUSG00000021938	-0.8640220024641	9.452630516663198e-43	-0.6456381318307	1.23169952267784e-24	TRUE	1.3382450011342653	1.3382450011342653	0.21838387063340003	NFAT5-independent
Comt	ENSMUSG00000000326	-0.296292068359657	3.24101185277604e-6	-0.457036361408432	1.04977586225078e-12	TRUE	0.6482899247810059	0.6482899247810059	-0.16074429304877502	Strongly NFAT5-dependent
Anapc4	ENSMUSG00000029176	-0.524904160545435	5.886800876180761e-15	-0.31931036020659	3.13165116529717e-6	TRUE	1.6438682421886601	1.6438682421886601	0.205593800338845	NFAT5-independent
Opa3	ENSMUSG00000052214	0.571145921731683	3.11466203427677e-21	0.427092282339526	7.584633967923919e-12	TRUE	1.33728925889988	1.33728925889988	-0.14405363939215698	NFAT5-independent
Trp53bp1	ENSMUSG00000043909	-0.440356436613145	9.64572708741987e-12	-0.262059551504756	8.51578304404057e-5	TRUE	1.6803678174850007	1.6803678174850007	0.17829688510838898	NFAT5-independent
Rnf169	ENSMUSG00000058761	0.556427117039902	6.131641420003169e-19	0.27055687423077	5.16042685164889e-5	TRUE	2.056599443728421	2.056599443728421	-0.285870242809132	NFAT5-independent
Rara	ENSMUSG00000037992	-0.444828402377626	4.3765759804627795e-12	-0.582383299989982	7.11883311402638e-19	TRUE	0.7638069333122668	0.7638069333122668	-0.13755489761235595	Partially dependent
Pip4k2c	ENSMUSG00000025417	0.722106398053604	2.01152608077704e-28	0.437866868905445	1.3558284455945e-10	TRUE	1.6491460060878436	1.6491460060878436	-0.284239529148159	NFAT5-independent
Tbc1d15	ENSMUSG00000020130	0.365715335010671	4.24056560216932e-8	0.294310634657387	1.79409671185191e-5	TRUE	1.242616786295907	1.242616786295907	-0.071404700353284	NFAT5-independent
Smad4	ENSMUSG00000024515	0.411964066096729	8.306061436448471e-9	0.272338387759182	2.5854993394132e-4	TRUE	1.5126918738353272	1.5126918738353272	-0.13962567833754697	NFAT5-independent
Zwilch	ENSMUSG00000032400	-0.791028003735191	4.14449412842579e-36	-0.6513193682409	9.6300801017334e-25	TRUE	1.2145009688129185	1.2145009688129185	0.13970863549429102	NFAT5-independent
Adarb1	ENSMUSG00000020262	0.367881433656093	4.76330224044039e-10	0.270047527416798	1.21139510372532e-5	TRUE	1.362284028945378	1.362284028945378	-0.097833906239295	NFAT5-independent
Elk3	ENSMUSG00000008398	-0.0921882496314482	0.23716709875237	-0.418958047972098	2.6921915245571004e-10	TRUE	0.2200417203528402	0.2200417203528402	-0.3267697983406498	Strongly NFAT5-dependent
Sri	ENSMUSG00000003161	-0.7396938086326	2.70969244994753e-35	-0.577840712926389	4.90305051497817e-22	TRUE	1.280099847735771	1.280099847735771	0.16185309570621098	NFAT5-independent
H2-T22	ENSMUSG00000056116	-0.104351351225126	0.176188309250112	-0.275467530928631	5.1047002372127e-5	TRUE	0.37881543016465946	0.37881543016465946	-0.171116179703505	Strongly NFAT5-dependent
Lzic	ENSMUSG00000028990	0.365393784166235	1.2649517988795e-9	0.351094162031913	9.2480986506221e-9	TRUE	1.0407287379874526	1.0407287379874526	-0.01429962213432201	NFAT5-independent
Zmat2	ENSMUSG00000001383	-0.78307495799967	9.202724774727539e-36	-0.608829241763942	4.0699713372679497e-22	TRUE	1.286198008050486	1.286198008050486	0.17424571623572793	NFAT5-independent
C2cd2l	ENSMUSG00000032120	0.545863162953009	1.7185049744914098e-16	0.267345156079498	1.4938882480227e-4	TRUE	2.041791857978121	2.041791857978121	-0.27851800687351097	NFAT5-independent
Mtr	ENSMUSG00000021311	-0.392645567509911	2.0986958342017397e-11	-0.412625375519249	4.29466289120425e-12	TRUE	0.9515788189609149	0.9515788189609149	-0.019979808009338018	Partially dependent
Ankrd13c	ENSMUSG00000039988	-0.183589882785624	0.0133520589644574	-0.278539792863275	9.96297732612777e-5	TRUE	0.6591154567122893	0.6591154567122893	-0.09494991007765102	Strongly NFAT5-dependent
Snx6	ENSMUSG00000005656	-0.357995712905657	2.5967788028112803e-9	-0.480627103074163	5.11552355919937e-15	TRUE	0.7448512799545901	0.7448512799545901	-0.122631390168506	Partially dependent
Cept1	ENSMUSG00000040774	0.337641153848814	4.30995535996263e-8	0.49032255380103	6.37481284500267e-16	TRUE	0.6886102856811004	0.6886102856811004	0.15268139995221602	Partially dependent
Smg8	ENSMUSG00000020495	0.571723456797015	9.34092823913494e-23	0.47571673643647	2.03771598366978e-15	TRUE	1.2018148890024731	1.2018148890024731	-0.09600672036054497	NFAT5-independent
Jpt2	ENSMUSG00000024165	0.574278003933136	6.981418422530621e-21	0.298368723930484	4.50150284559887e-6	TRUE	1.9247258773239757	1.9247258773239757	-0.27590928000265197	NFAT5-independent
Bccip	ENSMUSG00000030983	-0.386676094979472	1.3134361679918e-8	-0.328275847291139	2.07282809063421e-6	TRUE	1.1778999221850743	1.1778999221850743	0.05840024768833296	NFAT5-independent
Sec22b	ENSMUSG00000027879	-0.315717829558807	3.71087543703388e-7	-0.322779233365792	2.97489853923568e-7	TRUE	0.9781231161207244	0.9781231161207244	-0.0070614038069850005	Partially dependent
Trp53inp1	ENSMUSG00000028211	0.718638801342237	2.37026729800229e-30	0.696897945914745	4.879002370757329e-28	TRUE	1.0311966128684094	1.0311966128684094	-0.021740855427492045	NFAT5-independent
Man2c1	ENSMUSG00000032295	-0.380672195973946	1.8783014317406e-8	-0.417442833534092	1.14147909525359e-9	TRUE	0.9119145554641724	0.9119145554641724	-0.03677063756014598	Partially dependent
Nemp1	ENSMUSG00000040195	0.00374109869544948	0.978090891015678	-0.273747509044423	4.0514682518035e-5	FALSE	-0.013666238310290468	0.013666238310290468	-0.2774886077398725	Strongly NFAT5-dependent
Tmco1	ENSMUSG00000052428	-0.424261179994932	2.5228613549793698e-11	-0.634500040379151	2.16929808089527e-22	TRUE	0.6686542994408812	0.6686542994408812	-0.21023886038421896	Strongly NFAT5-dependent
Rwdd4a	ENSMUSG00000031568	-0.318606345660013	2.66615403429952e-5	-0.332308295011688	1.33653303595703e-5	TRUE	0.9587673568269095	0.9587673568269095	-0.013701949351675013	Partially dependent
Aff1	ENSMUSG00000029313	0.357790925497687	5.52897259370202e-9	0.535693144426861	3.4789254885936896e-19	TRUE	0.6679027522005869	0.6679027522005869	0.17790221892917402	Strongly NFAT5-dependent
Ndufv2	ENSMUSG00000024099	-0.7456278430325	2.12763324884342e-35	-0.472309910186903	3.3105222738556504e-15	TRUE	1.5786834596323402	1.5786834596323402	0.27331793284559697	NFAT5-independent
Xrcc6	ENSMUSG00000022471	-0.443555062546906	3.35184812837426e-13	-0.394860839930012	1.81035387004407e-10	TRUE	1.123319959065895	1.123319959065895	0.048694222616894045	NFAT5-independent
Wdr81	ENSMUSG00000045374	0.465518353656435	1.24530191508532e-12	0.595298890214673	3.7614157934010195e-20	TRUE	0.781990965057171	0.781990965057171	0.12978053655823796	Partially dependent
Rbms1	ENSMUSG00000026970	-0.330528318187898	5.0418893098233e-7	-0.25560972168678	1.5376877017274e-4	TRUE	1.293097602104986	1.293097602104986	0.07491859650111804	NFAT5-independent
Slc16a10	ENSMUSG00000019838	0.864175189855821	9.41922402778433e-41	0.277747675192051	7.5743107917609e-5	TRUE	3.1113678602648234	3.1113678602648234	-0.58642751466377	NFAT5-independent
Limk2	ENSMUSG00000020451	-0.204085352119897	0.00159371789037238	-0.300525887396072	2.02143937375782e-6	TRUE	0.6790940836684956	0.6790940836684956	-0.096440535276175	Strongly NFAT5-dependent
Pkmyt1	ENSMUSG00000023908	-0.421026995107495	4.65116712643426e-10	-0.610316138056051	7.990771016187689e-19	TRUE	0.6898506673091253	0.6898506673091253	-0.18928914294855603	Partially dependent
Tmem209	ENSMUSG00000029782	-0.544862372469323	1.42796190606531e-17	-0.398218990573675	5.60258190080403e-10	TRUE	1.3682480880291352	1.3682480880291352	0.14664338189564802	NFAT5-independent
Pop5	ENSMUSG00000060152	0.154469141664621	0.0541402643855473	0.672871785107103	1.69931438915977e-22	TRUE	0.22956697707280696	0.22956697707280696	0.518402643442482	Strongly NFAT5-dependent
Zfp217	ENSMUSG00000052056	0.26931249220242	5.02247526291924e-5	0.368092984277874	1.56345976459468e-8	TRUE	0.7316425569228332	0.7316425569228332	0.09878049207545403	Partially dependent
Apeh	ENSMUSG00000032590	-0.585556884714572	1.18402901873067e-18	-0.42341185595885	3.06122691027938e-10	TRUE	1.3829487211418103	1.3829487211418103	0.162145028755722	NFAT5-independent
Exosc3	ENSMUSG00000028322	-0.570782273897135	8.92281276026069e-18	-0.424979131049989	2.79649489373793e-10	TRUE	1.3430830650128924	1.3430830650128924	0.14580314284714596	NFAT5-independent
Asb6	ENSMUSG00000039483	0.538159195838542	5.87589747690897e-18	0.466557414758635	2.2599384838733999e-13	TRUE	1.153468316684987	1.153468316684987	-0.071601781079907	NFAT5-independent
Prkaa1	ENSMUSG00000050697	0.330385191332627	2.26137673482045e-7	0.270703924879281	3.76453204383707e-5	TRUE	1.220466941807218	1.220466941807218	-0.05968126645334598	NFAT5-independent
Rbm45	ENSMUSG00000042369	0.224292203248777	6.4729458291857e-4	0.272173930502888	3.02047188982228e-5	TRUE	0.8240767322364735	0.8240767322364735	0.04788172725411102	Partially dependent
Ung	ENSMUSG00000029591	-0.19635715583301	0.00262846246293944	-0.302548423692242	1.35354992299836e-6	TRUE	0.6490106721982073	0.6490106721982073	-0.106191267859232	Strongly NFAT5-dependent
Dcun1d3	ENSMUSG00000048787	0.954976001050759	7.976302513578011e-46	0.88735203422545506	8.3192303969542e-39	TRUE	1.0762087246290375	1.0762087246290375	-0.06762396682530392	NFAT5-independent
Fam32a	ENSMUSG00000003039	0.0826757588871402	0.335381573018273	0.279622544895089	4.0182447124361e-5	TRUE	0.2956691454122884	0.2956691454122884	0.1969467860079488	Strongly NFAT5-dependent
Ggta1	ENSMUSG00000035778	-0.089216146048869	0.284124220737006	-0.253008507414912	3.7458239748278e-4	TRUE	0.35262113104585163	0.35262113104585163	-0.16379236136604297	Strongly NFAT5-dependent
Prkcd	ENSMUSG00000021948	0.60042525951426	1.0635784128100199e-23	0.374188670072106	2.4739888714434403e-9	TRUE	1.6046056642991309	1.6046056642991309	-0.22623658944215397	NFAT5-independent
Zfp236	ENSMUSG00000041258	0.497675669980443	1.5516697282378e-17	0.38447724536319	2.17483751933459e-10	TRUE	1.2944216490895892	1.2944216490895892	-0.11319842461725299	NFAT5-independent
Rbbp8	ENSMUSG00000041238	0.452380104490944	3.89371150651188e-10	0.256163122655847	7.9836847222948e-4	TRUE	1.7659845015971047	1.7659845015971047	-0.196216981835097	NFAT5-independent
Slc35a3	ENSMUSG00000027957	-0.60390586013138	7.006743562683039e-23	-0.524986539168667	2.70463148970381e-17	TRUE	1.150326370439296	1.150326370439296	0.07891932096271304	NFAT5-independent
Mars2	ENSMUSG00000046994	0.464610712378605	1.0925625984261599e-12	0.39300575071988	3.80457221840683e-9	TRUE	1.182198254166928	1.182198254166928	-0.07160496165872504	NFAT5-independent
St14	ENSMUSG00000031995	-0.12158567797965	0.118149141790033	-0.439411716914173	2.82081011770671e-10	TRUE	0.2767010375451559	0.2767010375451559	-0.317826038934523	Strongly NFAT5-dependent
Tex15	ENSMUSG00000009628	0.411708315135019	3.12046186365302e-10	0.489948763812568	6.93574322210948e-14	TRUE	0.840308917061621	0.840308917061621	0.07824044867754903	Partially dependent
Maf1	ENSMUSG00000022553	0.731309001272915	3.24632482575961e-33	0.897861434450188	2.0024339292904898e-49	TRUE	0.8145009610761792	0.8145009610761792	0.16655243317727297	Partially dependent
Adgrl1	ENSMUSG00000013033	0.671538376159828	1.13264497793218e-27	0.505419239583692	1.95098818759983e-15	TRUE	1.3286759259757632	1.3286759259757632	-0.16611913657613608	NFAT5-independent
Poldip2	ENSMUSG00000001100	-0.456219495493746	1.51783688755463e-11	-0.36510052935979	1.13439077025319e-7	TRUE	1.249572265188809	1.249572265188809	0.09111896613395604	NFAT5-independent
Plek	ENSMUSG00000020120	0.335208391951024	7.3697332923362e-8	-0.583329303109917	7.49932266873284e-18	FALSE	-0.5746469278397635	0.5746469278397635	-0.918537695060941	NFAT5-independent (Opposite direction)
Rpl22l1	ENSMUSG00000039221	0.308579046831157	6.57198411799024e-7	0.25369102774303	7.42659705770303e-5	TRUE	1.216357746572435	1.216357746572435	-0.054888019088127016	NFAT5-independent
Snx4	ENSMUSG00000022808	-0.30409966121049	6.00027293135676e-7	-0.355092861744721	8.348384285513511e-9	TRUE	0.8563947461977132	0.8563947461977132	-0.05099320053423101	Partially dependent
Shprh	ENSMUSG00000090112	0.249598925705303	4.5269786971804e-4	0.288285921135117	4.33980866064004e-5	TRUE	0.8658033827060124	0.8658033827060124	0.038686995429813964	Partially dependent
Nsl1	ENSMUSG00000062510	-0.215303713683698	8.5734289403431e-4	-0.318457502063893	6.14014735487034e-7	TRUE	0.6760830323931293	0.6760830323931293	-0.10315378838019501	Strongly NFAT5-dependent
Arpp19	ENSMUSG00000007656	-0.30819029890148	7.13169108935412e-6	-0.327304413511948	2.46876777735569e-6	TRUE	0.9416014150088132	0.9416014150088132	-0.019114114610468025	Partially dependent
Cog8	ENSMUSG00000031916	0.235575099102637	4.1839868445209e-4	0.31957788620629	9.69923788770051e-7	TRUE	0.7371445562117882	0.7371445562117882	0.08400278710365303	Partially dependent
Sbds	ENSMUSG00000025337	-0.0486060941352473	0.605670431342079	-0.270137200780414	1.2498245751394e-4	TRUE	0.17993113867629681	0.17993113867629681	-0.22153110664516668	Strongly NFAT5-dependent
Tcf19	ENSMUSG00000050410	-0.48482043474202	3.6103560945949303e-14	-0.318440901296643	6.30999652962581e-7	TRUE	1.5224816685542115	1.5224816685542115	0.16637953344537704	NFAT5-independent
Orc1	ENSMUSG00000028587	-0.388522409740548	5.02358301460461e-10	-0.426571270189802	1.86238768187194e-11	TRUE	0.9108030401758557	0.9108030401758557	-0.038048860449253985	Partially dependent
Tia1	ENSMUSG00000071337	-0.333524085441883	3.49086279418541e-7	-0.259514146924536	1.1164426499094e-4	TRUE	1.2851865279578316	1.2851865279578316	0.074009938517347	NFAT5-independent
Nr3c1	ENSMUSG00000024431	0.402542521460103	6.005352148829181e-9	0.634576388585511	8.03223311203144e-21	TRUE	0.634348407379893	0.634348407379893	0.23203386712540802	Strongly NFAT5-dependent
Btbd7	ENSMUSG00000041702	0.521536193369146	1.27821024517415e-17	0.363791166370355	9.780609774500531e-9	TRUE	1.4336142314082465	1.4336142314082465	-0.157745026998791	NFAT5-independent
Cdc42bpg	ENSMUSG00000024769	0.643712598541775	2.66401896672894e-26	0.531914938652018	1.38463501256071e-17	TRUE	1.210179582797722	1.210179582797722	-0.11179765988975698	NFAT5-independent
Strip1	ENSMUSG00000014601	0.302909770770012	6.05473174080873e-6	0.463745246008644	1.49617422439503e-12	TRUE	0.6531814037493463	0.6531814037493463	0.16083547523863195	Strongly NFAT5-dependent
Rest	ENSMUSG00000029249	0.229196538530897	0.00299761829732325	0.32623924285118	1.18683307690588e-5	TRUE	0.7025412900294438	0.7025412900294438	0.097042704320283	Partially dependent
Chtf18	ENSMUSG00000019214	-0.784515192608247	3.06197566143124e-30	-0.688539903842673	2.9049184091025596e-23	TRUE	1.1393895810975447	1.1393895810975447	0.09597528876557393	NFAT5-independent
Thumpd3	ENSMUSG00000030264	-0.693243357281001	5.538572242322099e-26	-0.700560707567628	9.87577647747209e-26	TRUE	0.9895550089983877	0.9895550089983877	-0.007317350286627056	Partially dependent
Pacs2	ENSMUSG00000021143	-0.220913277228203	4.4318899020491e-4	-0.329795052491392	1.25925336688131e-7	TRUE	0.6698501859240871	0.6698501859240871	-0.10888177526318901	Strongly NFAT5-dependent
Dhdds	ENSMUSG00000012117	-0.469360896435472	9.55058900426295e-13	-0.437677400609594	5.47486926693084e-11	TRUE	1.072390065792178	1.072390065792178	0.03168349582587804	NFAT5-independent
Ssu72	ENSMUSG00000029038	-0.627594274429693	6.707077751722929e-23	-0.667711326969071	8.132701284453969e-25	TRUE	0.9399185682209698	0.9399185682209698	-0.04011705253937803	Partially dependent
Phf10	ENSMUSG00000023883	0.512848312893121	2.2870653326974802e-14	0.316598401667757	6.45387648087392e-6	TRUE	1.619870189462648	1.619870189462648	-0.19624991122536406	NFAT5-independent
Cep55	ENSMUSG00000024989	-0.462064521561682	8.48424595445407e-13	-0.378468640206438	7.800020866272091e-9	TRUE	1.2208792815955534	1.2208792815955534	0.08359588135524398	NFAT5-independent
Ubl7	ENSMUSG00000055720	0.269785548282685	8.63435601000966e-5	0.291807748249952	2.13053301789681e-5	TRUE	0.9245318189823952	0.9245318189823952	0.02202219996726701	Partially dependent
Slc25a17	ENSMUSG00000022404	-0.352080853936833	3.33700359848259e-7	-0.580301384112744	1.14195115688975e-16	TRUE	0.6067206861399264	0.6067206861399264	-0.22822053017591099	Strongly NFAT5-dependent
Tarbp1	ENSMUSG00000090290	0.360631512000804	4.44870182697408e-7	0.300885407222927	3.90503513392606e-5	TRUE	1.1985676385216346	1.1985676385216346	-0.05974610477787701	NFAT5-independent
Atp6v0b	ENSMUSG00000033379	0.731020461962581	1.15309727170696e-28	0.54276612116046	1.2056305200017701e-15	TRUE	1.3468424676168516	1.3468424676168516	-0.188254340802121	NFAT5-independent
Stk26	ENSMUSG00000031112	-0.852216836148446	1.37743266447869e-41	-0.30031643955602	1.79738843136881e-6	TRUE	2.837729554227338	2.837729554227338	0.5519003965924261	NFAT5-independent
4933434E20Rik	ENSMUSG00000027942	-0.298120128594822	1.68813381333208e-5	-0.274156597067712	9.85634789583836e-5	TRUE	1.087408188544124	1.087408188544124	0.023963531527110005	NFAT5-independent
Nfyc	ENSMUSG00000032897	0.238666239692796	1.4160669457375e-4	0.283076323541543	4.64964056762773e-6	TRUE	0.8431162193533661	0.8431162193533661	0.044410083848747006	Partially dependent
Rraga	ENSMUSG00000070934	0.324808626744081	1.89322879799482e-6	0.353460614191241	2.38986873916551e-7	TRUE	0.9189386701182561	0.9189386701182561	0.028651987447159966	Partially dependent
Exosc7	ENSMUSG00000025785	-0.421306110849582	2.0768980858769198e-11	-0.496106673623179	9.781705789950451e-15	TRUE	0.8492248406430182	0.8492248406430182	-0.07480056277359698	Partially dependent
Cnih1	ENSMUSG00000015759	-0.0251786560734538	0.806173393307315	-0.281154815999021	4.53422659248371e-5	TRUE	0.08955441856468671	0.08955441856468671	-0.25597615992556716	Strongly NFAT5-dependent
Zfp800	ENSMUSG00000039841	0.425543315870437	1.91868601305845e-10	0.318259117237154	3.97813731395538e-6	TRUE	1.337097015679017	1.337097015679017	-0.10728419863328298	NFAT5-independent
Mtmr6	ENSMUSG00000021987	0.360566175310541	3.26905240046194e-8	0.25420745261672	1.9104156404697e-4	TRUE	1.418393409001202	1.418393409001202	-0.10635872269382102	NFAT5-independent
Tent4a	ENSMUSG00000034575	0.520914755431827	1.6197451749987e-17	0.433783729941886	4.8053137437391895e-12	TRUE	1.2008628251262763	1.2008628251262763	-0.08713102548994095	NFAT5-independent
Tprgl	ENSMUSG00000029030	0.459084004663936	1.2268294055661699e-13	0.276398875916833	2.23030624581251e-5	TRUE	1.660947437434847	1.660947437434847	-0.18268512874710302	NFAT5-independent
Spata2	ENSMUSG00000047030	0.272826885496066	1.58157992562587e-5	0.279058465820466	1.21432733238662e-5	TRUE	0.9776692661658609	0.9776692661658609	0.006231580324400021	Partially dependent
Bscl2	ENSMUSG00000071657	-0.47752818431566	1.1572486135020701e-10	-0.304569744494091	5.67876257236086e-5	TRUE	1.5678779424031877	1.5678779424031877	0.172958439821569	NFAT5-independent
Chmp7	ENSMUSG00000034190	0.295335266338567	6.90637435232179e-6	0.398171721540093	8.15585429326667e-10	TRUE	0.7417283809011758	0.7417283809011758	0.10283645520152601	Partially dependent
Mcrs1	ENSMUSG00000037570	-0.463911514309427	4.42800441591439e-13	-0.471620127233743	4.05219743719679e-13	TRUE	0.9836550382836068	0.9836550382836068	-0.007708612924316016	Partially dependent
Ing1	ENSMUSG00000045969	0.310869096860913	3.14743043866698e-6	0.314753489607267	3.02993008027305e-6	TRUE	0.9876589366770778	0.9876589366770778	0.003884392746353993	Partially dependent
P4ha1	ENSMUSG00000019916	0.0315373310223784	0.769764528412315	-0.251023750399463	1.356621991795e-4	FALSE	-0.12563484918137	0.12563484918137	-0.2825610814218414	Strongly NFAT5-dependent
Mfsd14b	ENSMUSG00000038212	-0.271310125051891	1.3262211872517e-4	-0.285179239134055	6.66380030052884e-5	TRUE	0.9513670275428271	0.9513670275428271	-0.013869114082164014	Partially dependent
Elp5	ENSMUSG00000018565	-0.217508863065068	0.00179221440980882	-0.382725119354914	2.18468646296788e-8	TRUE	0.568316141442926	0.568316141442926	-0.165216256289846	Strongly NFAT5-dependent
Ass1	ENSMUSG00000076441	-1.22539018797336	3.8745783822402898e-56	-0.868408571091736	1.28678594532984e-29	TRUE	1.4110756489112468	1.4110756489112468	0.356981616881624	NFAT5-independent
Bud23	ENSMUSG00000005378	-0.52702413942232	5.11866520610122e-16	-0.408433941480069	5.25429694766299e-10	TRUE	1.2903534351540615	1.2903534351540615	0.11859019794225095	NFAT5-independent
Socs7	ENSMUSG00000038485	0.206633306114639	0.00187122585632611	0.30185948528644	2.64389274254813e-6	TRUE	0.6845347460874415	0.6845347460874415	0.09522617917180101	Partially dependent
Isy1	ENSMUSG00000030056	-0.363448072607557	1.09883600215677e-8	-0.392667734779304	1.0273781413052102e-9	TRUE	0.9255868012986357	0.9255868012986357	-0.029219662171746985	Partially dependent
Stau1	ENSMUSG00000039536	0.533018424056661	1.22742238941028e-14	0.332168728500444	3.8750340461348e-6	TRUE	1.604661662351363	1.604661662351363	-0.200849695556217	NFAT5-independent
Slc25a36	ENSMUSG00000032449	0.374216222676354	7.59743039204193e-8	0.350105335778603	7.28609846673387e-7	TRUE	1.0688675219534447	1.0688675219534447	-0.024110886897751038	NFAT5-independent
Letmd1	ENSMUSG00000037353	-0.122718989664327	0.110245721444688	-0.276185794240386	6.97572892531185e-5	TRUE	0.44433490868656017	0.44433490868656017	-0.153466804576059	Strongly NFAT5-dependent
Mrps2	ENSMUSG00000035772	-0.288047640701608	1.29221963959389e-5	-0.255031352875502	1.4998242581637e-4	TRUE	1.1294597211434763	1.1294597211434763	0.033016287826105994	NFAT5-independent
Polr3k	ENSMUSG00000038628	-0.517996580127533	8.76673903232511e-17	-0.275290615650645	1.52901669617291e-5	TRUE	1.8816354451576793	1.8816354451576793	0.24270596447688803	NFAT5-independent
Elp3	ENSMUSG00000022031	-1.14677813727865	1.66941448919854e-64	-0.936181930441372	6.855421287460739e-44	TRUE	1.2249522234828762	1.2249522234828762	0.2105962068372781	NFAT5-independent
Sqle	ENSMUSG00000022351	-0.0904395668268743	0.302670956476777	-0.290077662457386	7.72893246695422e-5	TRUE	0.3117770808710939	0.3117770808710939	-0.19963809563051166	Strongly NFAT5-dependent
Atf3	ENSMUSG00000026628	0.219365229388215	0.00196063384145568	-0.344749212017369	1.58645663841483e-6	FALSE	-0.6363037876274045	0.6363037876274045	-0.5641144414055841	NFAT5-independent (Opposite direction)
Sdccag3	ENSMUSG00000026927	0.438452319977115	3.91731666793526e-11	0.388041323737616	1.08954522121283e-8	TRUE	1.129911411892785	1.129911411892785	-0.05041099623949896	NFAT5-independent
Chst12	ENSMUSG00000036599	0.740036464491713	8.875731989827739e-28	1.19097936157049	5.36242118312171e-72	TRUE	0.6213680004629641	0.6213680004629641	0.450942897078777	Strongly NFAT5-dependent
Dvl2	ENSMUSG00000020888	0.759208736463628	6.22357633161734e-29	0.6829849389951	5.14522516719971e-23	TRUE	1.1116039214286024	1.1116039214286024	-0.07622379746852792	NFAT5-independent
Parp4	ENSMUSG00000054509	0.323346408685864	1.09120086408806e-6	0.325382647007407	1.21562245673566e-6	TRUE	0.9937420193108927	0.9937420193108927	0.0020362383215429825	Partially dependent
Map3k3	ENSMUSG00000020700	0.319695708094987	1.32488200497372e-6	0.319775656356334	1.73251083542166e-6	TRUE	0.9997499864052881	0.9997499864052881	7.994826134699595e-5	Partially dependent
Dlg1	ENSMUSG00000022770	-0.358656039771234	1.97317854845882e-7	-0.338396931380052	1.30441541238459e-6	TRUE	1.059867884465031	1.059867884465031	0.020259108391182	NFAT5-independent
Zfp281	ENSMUSG00000041483	0.529423966005468	3.73227668847708e-16	0.408133722996582	1.0552700073766702e-9	TRUE	1.2971826050500164	1.2971826050500164	-0.12129024300888602	NFAT5-independent
Rassf2	ENSMUSG00000027339	-0.7120508078879	4.81509981653538e-24	-0.260588318692663	2.9993918238914e-4	TRUE	2.732474009042939	2.732474009042939	0.45146248919523696	NFAT5-independent
Mrpl51	ENSMUSG00000030335	-0.680408975332844	4.8811192064116495e-20	-0.507377238308639	1.1385186481122599e-11	TRUE	1.341031729371646	1.341031729371646	0.17303173702420493	NFAT5-independent
Focad	ENSMUSG00000038368	-0.109982085109872	0.158347692168391	-0.308005032395696	5.92942803828983e-6	TRUE	0.3570788576226161	0.3570788576226161	-0.19802294728582398	Strongly NFAT5-dependent
Slc12a2	ENSMUSG00000024597	0.560208305801804	5.39690294842958e-16	0.413394548573325	6.46814684688711e-9	TRUE	1.3551419769204776	1.3551419769204776	-0.146813757228479	NFAT5-independent
Cdc37l1	ENSMUSG00000024780	0.315171840950287	3.96461889678785e-7	0.293490751687969	4.18260530144211e-6	TRUE	1.0738731600148297	1.0738731600148297	-0.021681089262317987	NFAT5-independent
Fbxo33	ENSMUSG00000035329	0.789425746207154	1.44816972980218e-36	0.545840327727837	4.4798671457461803e-17	TRUE	1.4462576436836156	1.4462576436836156	-0.24358541847931703	NFAT5-independent
H2-Q4	ENSMUSG00000035929	0.42347994111885	2.09744063171903e-9	0.25412569096041	6.6275829459042e-4	TRUE	1.6664192412754661	1.6664192412754661	-0.16935425015844002	NFAT5-independent
Map1lc3b	ENSMUSG00000031812	0.26310216245696	7.95809335879165e-5	0.358631433420771	4.3243206233245e-8	TRUE	0.7336282822377996	0.7336282822377996	0.09552927096381097	Partially dependent
Pkd1	ENSMUSG00000032855	-0.430084531563687	1.97671131474948e-8	-0.486406736537231	3.6670033935970503e-10	TRUE	0.8842075967645795	0.8842075967645795	-0.05632220497354401	Partially dependent
Dnajc10	ENSMUSG00000027006	-0.642681047913366	1.1401834289420401e-24	-0.401949033513514	1.67419533632758e-10	TRUE	1.598911788132856	1.598911788132856	0.24073201439985198	NFAT5-independent
Ndufa8	ENSMUSG00000026895	-0.332087601026921	1.58240791557059e-6	-0.264887169997631	1.8200827657587e-4	TRUE	1.2536945486257072	1.2536945486257072	0.06720043102928996	NFAT5-independent
Uvrag	ENSMUSG00000035354	-0.120385670733683	0.152739994589091	0.283347554184722	7.8851642010054e-5	FALSE	-0.42486927787349205	0.42486927787349205	0.403733224918405	Strongly NFAT5-dependent
Dmxl1	ENSMUSG00000037416	0.390718963291048	7.43465506334518e-9	0.318889399380154	4.43647685087307e-6	TRUE	1.2252491429646573	1.2252491429646573	-0.07182956391089401	NFAT5-independent
Smarcd1	ENSMUSG00000023018	-0.220243336061737	0.00158181577596373	-0.405420827645942	3.0303624173934702e-9	TRUE	0.5432462297030227	0.5432462297030227	-0.18517749158420502	Strongly NFAT5-dependent
Irf2bp1	ENSMUSG00000044030	0.870771557792469	6.75837200376149e-39	0.757631290904898	1.08724413263285e-28	TRUE	1.1493342054978204	1.1493342054978204	-0.11314026688757095	NFAT5-independent
Ranbp10	ENSMUSG00000037415	0.064650939989288	0.448581601464289	0.360298317031169	1.11564824192158e-8	TRUE	0.17943725222478663	0.17943725222478663	0.295647377041881	Strongly NFAT5-dependent
Pbxip1	ENSMUSG00000042613	-0.525897031584343	4.21162002204267e-13	-0.291324348796611	8.79781205969553e-5	TRUE	1.8051942234032061	1.8051942234032061	0.23457268278773197	NFAT5-independent
Rnf7	ENSMUSG00000051234	-0.369712666921554	9.709271148289881e-9	-0.316255571853486	1.35482876996095e-6	TRUE	1.1690313146256075	1.1690313146256075	0.053457095068068006	NFAT5-independent
Coq2	ENSMUSG00000029319	-0.837982557934391	1.86543554850551e-37	-0.898326123686965	4.87415463607243e-41	TRUE	0.9328266604282772	0.9328266604282772	-0.060343565752573936	Partially dependent
Wdr55	ENSMUSG00000042660	-0.298136812731418	1.42521427903276e-5	-0.273827706160822	8.58500099359121e-5	TRUE	1.0887751897403652	1.0887751897403652	0.024309106570595984	NFAT5-independent
Tep1	ENSMUSG00000006281	-0.740786271570887	3.5823151600263797e-26	-0.406886464274379	6.875401525663771e-9	TRUE	1.820621565507145	1.820621565507145	0.3338998072965079	NFAT5-independent
Clp1	ENSMUSG00000027079	0.828338080054997	6.48853671645994e-33	0.722169944143541	1.62975355538081e-24	TRUE	1.1470126758561883	1.1470126758561883	-0.10616813591145602	NFAT5-independent
Skap1	ENSMUSG00000057058	-0.618286032753108	3.24007752428998e-23	-0.336473157299145	8.91529639180212e-8	TRUE	1.8375493537614185	1.8375493537614185	0.281812875453963	NFAT5-independent
Mrpl10	ENSMUSG00000001445	-0.797826339379829	8.64043130316729e-35	-0.792753830384678	2.6034984342794898e-33	TRUE	1.0063985928553505	1.0063985928553505	0.005072508995151104	NFAT5-independent
Foxn3	ENSMUSG00000033713	0.455554645911963	1.5476267274461598e-11	0.512360006411787	4.23584187850821e-14	TRUE	0.8891299871400009	0.8891299871400009	0.05680536049982404	Partially dependent
Bcat2	ENSMUSG00000030826	-0.288296629211115	3.14735170395317e-5	-0.305327855821954	1.23283230730614e-5	TRUE	0.9442198728806113	0.9442198728806113	-0.017031226610839	Partially dependent
Fbxo11	ENSMUSG00000005371	0.718926787929271	5.56885902698059e-24	0.409164971229811	3.64122198756143e-8	TRUE	1.7570584934688351	1.7570584934688351	-0.30976181669946	NFAT5-independent
Kcna3	ENSMUSG00000047959	0.28009023630351	3.16333116503681e-5	0.305887091637	5.69678736503873e-6	TRUE	0.9156654332962063	0.9156654332962063	0.02579685533349002	Partially dependent
Uimc1	ENSMUSG00000025878	0.285174828702308	1.2112079721151e-5	0.276258368202851	2.92811917153583e-5	TRUE	1.0322758023855039	1.0322758023855039	-0.00891646049945699	NFAT5-independent
Psmf1	ENSMUSG00000032869	-0.273587796551942	5.50530531857421e-5	-0.366468149329853	6.22663657428375e-8	TRUE	0.746552727848906	0.746552727848906	-0.09288035277791101	Partially dependent
Tmem59	ENSMUSG00000028618	0.452909385184167	3.84724255136797e-11	0.607056920729522	3.26348490142225e-19	TRUE	0.746074000177594	0.746074000177594	0.15414753554535499	Partially dependent
Panx1	ENSMUSG00000031934	0.463107688526237	1.3130771089248998e-12	0.313396744579371	4.18277738693742e-6	TRUE	1.4777042089183225	1.4777042089183225	-0.14971094394686602	NFAT5-independent
Rad9a	ENSMUSG00000024824	-0.226178848795674	0.00117173087815769	-0.376076782783255	3.51181872309145e-8	TRUE	0.601416676461062	0.601416676461062	-0.14989793398758103	Strongly NFAT5-dependent
Plbd2	ENSMUSG00000029598	-0.499925067070548	3.7771205027382795e-12	-0.390819094587074	8.05154461629413e-8	TRUE	1.2791725736910364	1.2791725736910364	0.10910597248347403	NFAT5-independent
Slc35b1	ENSMUSG00000020873	-0.468481294339968	8.75997877467132e-14	-0.26995725707027	2.73478673611984e-5	TRUE	1.73539062970262	1.73539062970262	0.19852403726969797	NFAT5-independent
Abcb7	ENSMUSG00000031333	-0.333267603932646	1.36799727452645e-7	-0.29041115482136	6.68210694469207e-6	TRUE	1.1475716355924697	1.1475716355924697	0.042856449111286	NFAT5-independent
Glb1	ENSMUSG00000045594	0.539733793499262	2.06709311687588e-14	0.320953230201173	1.31980672771286e-5	TRUE	1.6816587051046585	1.6816587051046585	-0.21878056329808898	NFAT5-independent
Tbl2	ENSMUSG00000005374	-0.563599872721943	1.62980656302119e-16	-0.416093403734351	1.7383346531782802e-9	TRUE	1.3545032621612176	1.3545032621612176	0.147506468987592	NFAT5-independent
Atg16l2	ENSMUSG00000047767	0.275243762268821	4.35056280960504e-5	0.628977158476167	3.7436626270667e-23	TRUE	0.4376053383809016	0.4376053383809016	0.35373339620734595	Strongly NFAT5-dependent
BC037034	ENSMUSG00000036948	0.254985628386433	0.00129297966246513	0.285544905582729	2.7525535648389e-4	TRUE	0.8929790845543828	0.8929790845543828	0.030559277196295975	Partially dependent
Dcp2	ENSMUSG00000024472	-0.378800498003781	6.956158637398071e-9	-0.330627860970998	6.29443014606524e-7	TRUE	1.1457004769389614	1.1457004769389614	0.04817263703278302	NFAT5-independent
N4bp2	ENSMUSG00000037795	0.556462263678225	3.61271263570933e-17	0.300612299737578	1.6828599866883e-5	TRUE	1.851096126685413	1.851096126685413	-0.255849963940647	NFAT5-independent
Nr2c2	ENSMUSG00000005893	0.697757747762483	1.76731733986433e-20	0.543464501793695	1.69422989936232e-12	TRUE	1.2839067601647318	1.2839067601647318	-0.15429324596878802	NFAT5-independent
Tnfaip1	ENSMUSG00000017615	0.598814761794299	3.33137812494218e-19	0.325497981986413	4.00951118726978e-6	TRUE	1.8396880931178703	1.8396880931178703	-0.27331677980788605	NFAT5-independent
Nmt2	ENSMUSG00000026643	0.366604355521617	5.63236496670513e-9	0.271779152237767	3.67239795819797e-5	TRUE	1.3489053612209807	1.3489053612209807	-0.09482520328385002	NFAT5-independent
Gpr174	ENSMUSG00000073008	0.850277715020512	4.444474943730189e-40	0.578487611150557	4.6779215320759694e-18	TRUE	1.469828737264382	1.469828737264382	-0.27179010386995495	NFAT5-independent
St8sia4	ENSMUSG00000040710	0.0919436310705798	0.284022487109977	0.392871568189475	5.391853069372661e-9	TRUE	0.23402974028967405	0.23402974028967405	0.3009279371188952	Strongly NFAT5-dependent
Alad	ENSMUSG00000028393	-0.276509919889768	5.8263565504797e-4	-0.295188664510085	2.4912148664327e-4	TRUE	0.9367226900419177	0.9367226900419177	-0.018678744620317045	Partially dependent
Emc6	ENSMUSG00000047260	-0.247973189936222	2.3126649365284e-4	-0.351692337050404	1.87665824317152e-7	TRUE	0.705085564320052	0.705085564320052	-0.10371914711418198	Partially dependent
Thoc5	ENSMUSG00000034274	-0.57929088941183	1.5359992395487e-19	-0.403607518054766	4.70811948964819e-10	TRUE	1.4352827028688433	1.4352827028688433	0.17568337135706402	NFAT5-independent
Eloc	ENSMUSG00000079658	-0.302614888109578	8.37915047939937e-6	-0.265600410988858	1.1504044019025e-4	TRUE	1.1393615204995777	1.1393615204995777	0.03701447712071998	NFAT5-independent
Prr11	ENSMUSG00000020493	-0.521327394965401	2.66693142854182e-16	-0.409716478896075	2.25928783738846e-10	TRUE	1.2724101221655677	1.2724101221655677	0.11161091606932605	NFAT5-independent
Eif2b3	ENSMUSG00000028683	-0.401950260778054	3.5383157430843e-9	-0.551506851579953	1.78634729173602e-15	TRUE	0.7288218806829864	0.7288218806829864	-0.14955659080189904	Partially dependent
Psrc1	ENSMUSG00000068744	-0.586270851982869	2.5071660745046697e-18	-0.527546019936679	8.16769495402082e-15	TRUE	1.111316984351884	1.111316984351884	0.058724832046189945	NFAT5-independent
Aida	ENSMUSG00000042901	-0.127232925781422	0.091232204748003	-0.306311280867081	7.16063879354447e-6	TRUE	0.4153713353986227	0.4153713353986227	-0.17907835508565897	Strongly NFAT5-dependent
Gaa	ENSMUSG00000025579	-0.349754635320619	3.34158198579931e-7	-0.310475040497402	7.67742857014279e-6	TRUE	1.126514501005583	1.126514501005583	0.03927959482321702	NFAT5-independent
Fam117b	ENSMUSG00000041040	0.38280253242266	1.62731086355988e-8	0.352227777036921	3.35188176768441e-7	TRUE	1.0868039302378305	1.0868039302378305	-0.030574755385739005	NFAT5-independent
Pdxdc1	ENSMUSG00000022680	0.203369133350009	0.00434136355541589	0.254823583935873	2.688968468846e-4	TRUE	0.7980781457072174	0.7980781457072174	0.05145445058586401	Partially dependent
Pnpla2	ENSMUSG00000025509	0.329806293963098	5.69333708704608e-7	0.267670258310048	8.8899346884114e-5	TRUE	1.2321364952735114	1.2321364952735114	-0.06213603565305004	NFAT5-independent
2310061I04Rik	ENSMUSG00000050705	0.389323112131667	1.22405689126192e-9	0.365304037146086	2.22495163702738e-8	TRUE	1.0657509157939464	1.0657509157939464	-0.02401907498558098	NFAT5-independent
Slc30a9	ENSMUSG00000029221	-0.270107981641291	1.0847523497395e-4	-0.255805062792372	2.8381234811927e-4	TRUE	1.055913353288587	1.055913353288587	0.014302918848919044	NFAT5-independent
Dpagt1	ENSMUSG00000032123	-0.645451132386061	1.9182245883721199e-22	-0.677075637937038	1.0221212357184299e-23	TRUE	0.9532925071010785	0.9532925071010785	-0.031624505550976956	Partially dependent
Atr	ENSMUSG00000032409	-0.665313445201138	1.37610706034994e-23	-0.562580897916171	4.93519432556608e-17	TRUE	1.182609377007811	1.182609377007811	0.10273254728496695	NFAT5-independent
Pcyox1	ENSMUSG00000029998	1.35669078258604	1.82434075348288e-88	1.23420010770707	8.22293663146723e-72	TRUE	1.0992470136034396	1.0992470136034396	-0.12249067487897003	NFAT5-independent
Tmem164	ENSMUSG00000047045	-0.0719791605460942	0.437170451775125	-0.267431649924298	2.6741080091139e-4	TRUE	0.26914974561339083	0.26914974561339083	-0.1954524893782038	Strongly NFAT5-dependent
Rhoq	ENSMUSG00000024143	0.478296354267466	9.971304796278e-15	0.436779638366591	4.2889252473509295e-12	TRUE	1.0950518573991532	1.0950518573991532	-0.04151671590087497	NFAT5-independent
Tbc1d9b	ENSMUSG00000036644	-0.918030430369105	5.23756415459346e-41	-0.700609557598373	1.0972483849433e-24	TRUE	1.310331011635113	1.310331011635113	0.21742087277073208	NFAT5-independent
Mphosph9	ENSMUSG00000038126	-0.442167695610694	1.7803231309196e-11	-0.377285547570129	1.54776615791033e-8	TRUE	1.1719709341066262	1.1719709341066262	0.06488214804056502	NFAT5-independent
Vps11	ENSMUSG00000032127	0.558278815572569	8.761256960419599e-17	0.681749957274675	2.52856650500855e-24	TRUE	0.8188908699082472	0.8188908699082472	0.12347114170210605	Partially dependent
AI467606	ENSMUSG00000045165	0.309562122012595	1.43824549291418e-5	0.344577448958385	1.39014831927093e-6	TRUE	0.8983818382438055	0.8983818382438055	0.035015326945790015	Partially dependent
Trappc12	ENSMUSG00000020628	-0.721662623033922	1.95027396487309e-26	-0.483088148078694	9.71366612620646e-13	TRUE	1.493852883586713	1.493852883586713	0.23857447495522804	NFAT5-independent
Atp6ap2	ENSMUSG00000031007	0.464988163953494	1.69168032200271e-12	0.266837483937427	1.3173906387555e-4	TRUE	1.7425893734724804	1.7425893734724804	-0.198150680016067	NFAT5-independent
Cyp51	ENSMUSG00000001467	-0.11682220149054	0.113237088681723	-0.440079595922124	2.5018819281025897e-11	TRUE	0.2654569822664824	0.2654569822664824	-0.32325739443158397	Strongly NFAT5-dependent
Gpr171	ENSMUSG00000050075	0.0172365445684352	0.886254351808187	0.35893096984959	5.16424986570719e-8	TRUE	0.048021892832647385	0.048021892832647385	0.3416944252811548	Strongly NFAT5-dependent
Gmfg	ENSMUSG00000060791	-0.828643758141182	6.95562490256308e-33	-0.313355863259759	5.72365343375397e-6	TRUE	2.6444175944915083	2.6444175944915083	0.515287894881423	NFAT5-independent
Ubxn2a	ENSMUSG00000020634	-0.318796241710629	1.63443833660046e-6	-0.321038109515779	1.93543401053882e-6	TRUE	0.9930168171980224	0.9930168171980224	-0.0022418678051500107	Partially dependent
Haspin	ENSMUSG00000050107	0.633025649639279	1.20789790755041e-19	0.343678335389151	3.10703383020206e-6	TRUE	1.8419131625579386	1.8419131625579386	-0.289347314250128	NFAT5-independent
Add3	ENSMUSG00000025026	-0.315468931467465	1.85805008194383e-6	-0.400750125040376	1.6397296766095702e-9	TRUE	0.7871960899218214	0.7871960899218214	-0.08528119357291097	Partially dependent
Cc2d1a	ENSMUSG00000036686	0.473034813112827	4.23438211705847e-12	0.46903854469534	1.1758880788605699e-11	TRUE	1.0085201279568243	1.0085201279568243	-0.0039962684174870144	NFAT5-independent
Map2k7	ENSMUSG00000002948	0.593548845836112	6.8932008189567e-22	0.354514485083932	5.60693721898431e-8	TRUE	1.6742583753540794	1.6742583753540794	-0.23903436075218	NFAT5-independent
Dgkh	ENSMUSG00000034731	0.711156794936089	7.15689023224274e-30	0.400118013029131	1.89588415187786e-9	TRUE	1.7773676060025632	1.7773676060025632	-0.31103878190695794	NFAT5-independent
Flcn	ENSMUSG00000032633	0.423363562848561	4.24417398150816e-10	0.467785597887963	6.6985058886014095e-12	TRUE	0.9050376171477574	0.9050376171477574	0.04442203503940195	Partially dependent
Ercc2	ENSMUSG00000030400	0.31336322328622	2.26376086060247e-5	0.257839213961511	7.01704113609e-4	TRUE	1.2153435409285624	1.2153435409285624	-0.05552400932470902	NFAT5-independent
Mrps26	ENSMUSG00000037740	-0.45899856426882	4.925276217672969e-11	-0.391059312864066	3.11888915302109e-8	TRUE	1.1737313220011973	1.1737313220011973	0.06793925140475404	NFAT5-independent
Mvp	ENSMUSG00000030681	0.400509521389292	5.8031039069459805e-10	0.321087639288428	1.64750253511644e-6	TRUE	1.2473526613384223	1.2473526613384223	-0.07942188210086404	NFAT5-independent
Nbr1	ENSMUSG00000017119	0.404951954270178	4.47058061780174e-10	0.481743389312426	1.21582270743529e-13	TRUE	0.8405968057976894	0.8405968057976894	0.076791435042248	Partially dependent
Atp6v1c1	ENSMUSG00000022295	-0.454722262293675	2.08936619292118e-10	-0.448097729415875	6.14464256656265e-10	TRUE	1.014783678744446	1.014783678744446	0.006624532877800016	NFAT5-independent
Ubac1	ENSMUSG00000036352	-0.356770724981358	3.15476993205405e-7	-0.488078806519698	4.51583106461087e-12	TRUE	0.7309695078246741	0.7309695078246741	-0.13130808153834	Partially dependent
Fosl2	ENSMUSG00000029135	1.11965068954685	1.61896771569569e-56	0.561978223911094	4.08317917585956e-14	TRUE	1.9923382115318065	1.9923382115318065	-0.5576724656357561	NFAT5-independent
Ado	ENSMUSG00000057134	0.591178490311967	2.1315152572303497e-19	0.411542816148605	1.5008912864121202e-9	TRUE	1.4364932811717381	1.4364932811717381	-0.179635674163362	NFAT5-independent
Ppp2r3a	ENSMUSG00000043154	1.6393380829522	2.24079255038397e-134	0.766669164587653	6.08234022562871e-27	TRUE	2.138260097931427	2.138260097931427	-0.872668918364547	NFAT5-independent
Uck1	ENSMUSG00000002550	0.328034624298364	7.18735961954638e-6	0.289972175326523	1.0040387027965e-4	TRUE	1.1312624182957582	1.1312624182957582	-0.03806244897184102	NFAT5-independent
Pigu	ENSMUSG00000038383	-0.421222358126782	1.4720071079993102e-9	-0.380176044737924	7.00026118997711e-8	TRUE	1.1079665958888953	1.1079665958888953	0.041046313388858	NFAT5-independent
Mrpl30	ENSMUSG00000026087	-0.480360514749359	1.03915313743257e-12	-0.266422211436611	1.1577908900023e-4	TRUE	1.8030047575956318	1.8030047575956318	0.213938303312748	NFAT5-independent
Ppp1r37	ENSMUSG00000051403	0.441666318971046	9.61641096635868e-12	0.383547016278678	7.528629067586661e-9	TRUE	1.1515311036864895	1.1515311036864895	-0.058119302692368036	NFAT5-independent
Alg8	ENSMUSG00000035704	-0.828252391522449	8.1092538377987e-38	-0.756750916018387	5.02753533407563e-31	TRUE	1.094484821875425	1.094484821875425	0.07150147550406205	NFAT5-independent
Frmd6	ENSMUSG00000048285	0.802104639949278	8.477450535072079e-30	0.953893371707138	1.39109691611395e-41	TRUE	0.8408745293132599	0.8408745293132599	0.1517887317578599	Partially dependent
Ubald1	ENSMUSG00000039568	0.415699197815578	9.727947643067949e-11	0.48182466096251	7.0016782871612e-14	TRUE	0.8627603182144363	0.8627603182144363	0.06612546314693196	Partially dependent
Rsbn1	ENSMUSG00000044098	0.746160046024241	7.25463078622246e-28	0.326664183994373	7.73548808231958e-6	TRUE	2.2841807660098237	2.2841807660098237	-0.419495862029868	NFAT5-independent
Mtmr9	ENSMUSG00000035078	-0.506290346280369	1.394820981378e-12	-0.264318144776254	3.1561871287068e-4	TRUE	1.9154581563401374	1.9154581563401374	0.24197220150411497	NFAT5-independent
Dhfr	ENSMUSG00000021707	-0.533083376353254	2.2229089117827e-15	-0.55002164069751	8.60229111239153e-16	TRUE	0.9692043674449322	0.9692043674449322	-0.01693826434425605	Partially dependent
Cr1l	ENSMUSG00000016481	-0.345481842798726	1.1894950566703e-6	-0.320328775778235	8.48447675087046e-6	TRUE	1.0785226583511953	1.0785226583511953	0.025153067020491027	NFAT5-independent
Elk4	ENSMUSG00000026436	0.690842043156004	6.53100297223449e-24	0.715737979927945	4.1838483910023e-25	TRUE	0.9652164095379606	0.9652164095379606	0.02489593677194102	Partially dependent
Fam129a	ENSMUSG00000026483	-0.00309998034173243	0.978090891015678	-0.419831089188855	2.82408452870617e-9	TRUE	0.007383875138265305	0.007383875138265305	-0.41673110884712256	Strongly NFAT5-dependent
Bend3	ENSMUSG00000038214	0.572432237383565	1.48414197776773e-18	0.514224748891728	1.01776183166722e-14	TRUE	1.1131946461489601	1.1131946461489601	-0.05820748849183699	NFAT5-independent
Cd96	ENSMUSG00000022657	-1.01278520790389	3.72783659265574e-47	-0.796220592037711	6.071929438675889e-30	TRUE	1.271990724721073	1.271990724721073	0.21656461586617892	NFAT5-independent
Slain2	ENSMUSG00000036087	-0.345443000921833	2.82924502269241e-7	-0.356634232502487	1.59179186535219e-7	TRUE	0.9686198615816389	0.9686198615816389	-0.011191231580653993	Partially dependent
Lncpint	ENSMUSG00000044471	0.555503943720592	7.66720096913581e-14	0.485714955161158	1.43951366219875e-10	TRUE	1.1436830137055969	1.1436830137055969	-0.069788988559434	NFAT5-independent
Anapc11	ENSMUSG00000025135	-0.68189632653423	5.333395875599529e-26	-0.506547007063842	7.30982381056847e-15	TRUE	1.3461659372676702	1.3461659372676702	0.175349319470388	NFAT5-independent
Neu1	ENSMUSG00000007038	0.173900785211691	0.0178356206988948	0.272118692315702	8.33214433812261e-5	TRUE	0.6390622552674101	0.6390622552674101	0.09821790710401102	Strongly NFAT5-dependent
Ccdc82	ENSMUSG00000079084	-0.392411076975916	3.14408187812914e-8	-0.335812990091849	3.03464226236065e-6	TRUE	1.1685404929350311	1.1685404929350311	0.05659808688406698	NFAT5-independent
Chaf1b	ENSMUSG00000022945	-0.747681599145071	1.03435710313831e-30	-0.606094010327946	1.62250358523975e-20	TRUE	1.2336066458411539	1.2336066458411539	0.14158758881712508	NFAT5-independent
Snrpb2	ENSMUSG00000008333	-0.41851436735436	1.9468290442183203e-9	-0.320309591276436	5.77919595719306e-6	TRUE	1.3065933045794142	1.3065933045794142	0.098204776077924	NFAT5-independent
Trim39	ENSMUSG00000045409	0.358654176093827	2.08985905156546e-6	0.282360798352476	2.9556937549037e-4	TRUE	1.270198193894156	1.270198193894156	-0.07629337774135098	NFAT5-independent
Sirt1	ENSMUSG00000020063	0.500308202550783	1.17544342200694e-13	0.293443455561196	3.61973115078965e-5	TRUE	1.7049560760998008	1.7049560760998008	-0.206864746989587	NFAT5-independent
Cry1	ENSMUSG00000020038	0.536747929955807	5.32111999917118e-15	0.48331745417136	5.01639495429626e-12	TRUE	1.1105494438971848	1.1105494438971848	-0.053430475784446985	NFAT5-independent
Lamtor1	ENSMUSG00000030842	-0.532180898460136	1.1552281450564298e-12	-0.377134833269693	6.0009263329532e-7	TRUE	1.4111157376957753	1.4111157376957753	0.15504606519044306	NFAT5-independent
Cog1	ENSMUSG00000018661	0.218610196707031	0.00354948753982261	0.271576343571723	2.2571484272278e-4	TRUE	0.8049677443620795	0.8049677443620795	0.052966146864692004	Partially dependent
Pou2f1	ENSMUSG00000026565	0.501203536098351	1.5629631488077698e-12	0.344069635207408	2.95946778546245e-6	TRUE	1.4566921483676447	1.4566921483676447	-0.15713390089094298	NFAT5-independent
Zcchc17	ENSMUSG00000028772	-0.568168384110274	1.1625117347626099e-18	-0.287987644504336	1.07099015162079e-5	TRUE	1.9728915283437432	1.9728915283437432	0.28018073960593803	NFAT5-independent
2310011J03Rik	ENSMUSG00000020133	-0.410114571175226	8.47945337494143e-8	-0.272626624231767	5.1121575711405e-4	TRUE	1.5043085844270916	1.5043085844270916	0.137487946943459	NFAT5-independent
Ric1	ENSMUSG00000038658	1.14556834021976	4.08561142186529e-61	0.850199279709151	1.06578423497394e-32	TRUE	1.347411562865183	1.347411562865183	-0.29536906051060907	NFAT5-independent
Thap11	ENSMUSG00000036442	0.79377824434413	1.6833593753815e-33	0.69580619599172	3.61316839712694e-25	TRUE	1.1408036446309195	1.1408036446309195	-0.09797204835241002	NFAT5-independent
Ppm1h	ENSMUSG00000034613	-0.386424040132425	3.17132506733859e-8	-0.51720054441132	3.24803003380215e-13	TRUE	0.7471454628344496	0.7471454628344496	-0.13077650427889503	Partially dependent
Tprn	ENSMUSG00000048707	0.932996491945039	2.15959693929382e-46	0.848176460888669	2.04602655946209e-37	TRUE	1.1000028118765528	1.1000028118765528	-0.08482003105636993	NFAT5-independent
Eng	ENSMUSG00000026814	0.496500284584063	2.42278186252154e-13	0.276786923896225	1.2814498086841e-4	TRUE	1.7937996405141399	1.7937996405141399	-0.21971336068783798	NFAT5-independent
Clstn1	ENSMUSG00000039953	-0.415368814589794	1.6943486856485901e-9	-0.339244052097082	1.25491497818048e-6	TRUE	1.2243952753840095	1.2243952753840095	0.076124762492712	NFAT5-independent
Rc3h2	ENSMUSG00000075376	0.749113972732428	1.3497958280743898e-25	0.552162845414161	7.41122896803613e-14	TRUE	1.3566902933690508	1.3566902933690508	-0.19695112731826692	NFAT5-independent
Csnk1g3	ENSMUSG00000073563	0.36543338190692	7.70822620429923e-7	0.296844382397664	9.29171095849379e-5	TRUE	1.2310604598788453	1.2310604598788453	-0.06858899950925601	NFAT5-independent
Prkdc	ENSMUSG00000022672	-1.27683240461212	8.87027841954847e-71	-0.928893782323195	1.56001583611039e-39	TRUE	1.3745730985718503	1.3745730985718503	0.347938622288925	NFAT5-independent
Slc48a1	ENSMUSG00000081534	-0.59803918260856	3.13701307829899e-17	-0.670188436419079	1.61814491520001e-20	TRUE	0.8923448243959212	0.8923448243959212	-0.07214925381051895	Partially dependent
Mir155hg	ENSMUSG00000097418	0.645128131968016	1.2498516924125899e-18	0.755942768085811	5.75367702282158e-25	TRUE	0.8534086960069762	0.8534086960069762	0.11081463611779496	Partially dependent
Pank4	ENSMUSG00000029056	0.45535190988778	1.0683468897969199e-11	0.405495835869703	3.3267892250414103e-9	TRUE	1.1229508902628957	1.1229508902628957	-0.04985607401807701	NFAT5-independent
Spty2d1	ENSMUSG00000049516	0.711143783210273	2.66567172117997e-24	0.462916503801907	1.98062015172946e-10	TRUE	1.536224734632897	1.536224734632897	-0.24822727940836603	NFAT5-independent
Rmc1	ENSMUSG00000024410	0.26385600809795	5.89000612628204e-5	0.321060796767642	8.32413492283608e-7	TRUE	0.8218256814733684	0.8218256814733684	0.057204788669691975	Partially dependent
Mrpl2	ENSMUSG00000002767	-0.477766294459723	2.9132156639587703e-10	-0.393938515795569	2.81218452973904e-7	TRUE	1.2127940663401793	1.2127940663401793	0.08382777866415403	NFAT5-independent
Esco1	ENSMUSG00000024293	0.403650643129021	4.68348416256557e-9	0.470311477619307	9.07540078300472e-12	TRUE	0.8582623693818408	0.8582623693818408	0.06666083449028598	Partially dependent
Slc12a4	ENSMUSG00000017765	0.694086312118797	1.40683338934712e-20	0.343473711317462	1.30966113707728e-5	TRUE	2.020784383924145	2.020784383924145	-0.350612600801335	NFAT5-independent
Cisd1	ENSMUSG00000037710	-0.334235738509294	2.3675776050761e-7	-0.331471857599483	4.6873506091061e-7	TRUE	1.008338206838514	1.008338206838514	0.0027638809098110007	NFAT5-independent
Ifrd1	ENSMUSG00000001627	-0.6419220316183	9.008627954718249e-20	-0.817527551448257	2.288816922303e-29	TRUE	0.7851992639038644	0.7851992639038644	-0.17560551982995698	Partially dependent
E2f1	ENSMUSG00000027490	-0.455970200268052	3.03027400102357e-10	-0.412935300127902	1.73182657676703e-8	TRUE	1.1042170531965187	1.1042170531965187	0.04303490014014999	NFAT5-independent
Glul	ENSMUSG00000026473	0.334455085438345	3.58185863127345e-7	0.327686976817501	9.52287327757502e-7	TRUE	1.020654188599669	1.020654188599669	-0.006768108620844038	NFAT5-independent
Suclg2	ENSMUSG00000061838	-0.585451216218398	8.243749763501681e-17	-0.558423459708819	4.628548076515381e-15	TRUE	1.0484001093429567	1.0484001093429567	0.027027756509579004	NFAT5-independent
Chd1l	ENSMUSG00000028089	-0.378239729942993	5.05640788636124e-7	-0.469468552301457	6.40616525936971e-10	TRUE	0.8056763932083701	0.8056763932083701	-0.09122882235846402	Partially dependent
Chek1	ENSMUSG00000032113	-0.523611176580632	4.15177002206852e-14	-0.410145871049339	5.09368920891669e-9	TRUE	1.2766462216015912	1.2766462216015912	0.11346530553129308	NFAT5-independent
Wdr59	ENSMUSG00000031959	0.849376787083539	3.4498932693296397e-34	0.928619793603526	3.31289504820585e-40	TRUE	0.9146658222602784	0.9146658222602784	0.07924300651998695	Partially dependent
Ciz1	ENSMUSG00000039205	-0.431306505006426	3.4485021990718704e-9	-0.332993732311883	6.94597011092307e-6	TRUE	1.2952391085921788	1.2952391085921788	0.09831277269454297	NFAT5-independent
Rxra	ENSMUSG00000015846	-0.315331276859415	2.63582687285215e-6	-1.13345781798978	1.99072567253412e-54	TRUE	0.27820292193904844	0.27820292193904844	-0.8181265411303651	Strongly NFAT5-dependent
Mettl1	ENSMUSG00000006732	-0.862315555636674	4.67840107454646e-30	-0.861497547430319	3.24816056842169e-29	TRUE	1.000949518903211	1.000949518903211	8.180082063549143e-4	NFAT5-independent
BC004004	ENSMUSG00000052712	-0.863979413773407	1.38667809667027e-37	-0.600277498840778	3.7066246678984195e-19	TRUE	1.4393000161456582	1.4393000161456582	0.26370191493262907	NFAT5-independent
Fam185a	ENSMUSG00000047221	0.213977927729653	0.00471647848281563	0.270285365946143	2.6418718140552e-4	TRUE	0.7916741144331513	0.7916741144331513	0.05630743821649001	Partially dependent
P2ry10	ENSMUSG00000050921	-0.189321663368393	0.0129100176757554	0.293878564627019	3.01781634192499e-5	FALSE	-0.6442173270060504	0.6442173270060504	0.483200227995412	NFAT5-independent (Opposite direction)
Tagap	ENSMUSG00000033450	0.798360636852467	8.844721142787619e-28	-0.422976419648476	3.01878972284359e-7	FALSE	-1.8874826107705072	1.8874826107705072	-1.2213370565009432	NFAT5-independent (Opposite direction)
Cnot4	ENSMUSG00000038784	0.407493023216947	1.0964207055139602e-9	0.25578628290904	2.9750767225668e-4	TRUE	1.5930995930765193	1.5930995930765193	-0.15170674030790704	NFAT5-independent
Nfyb	ENSMUSG00000020248	-0.611190912252926	5.2162159887162703e-17	-0.738614676536152	4.4051246134301197e-23	TRUE	0.8274827615383985	0.8274827615383985	-0.127423764283226	Partially dependent
Sumo2	ENSMUSG00000020738	0.237111477260807	0.375274651071602	0.681148166316912	0.0416750275382736	TRUE	0.34810557964636457	0.34810557964636457	0.444036689056105	Strongly NFAT5-dependent
Prim2	ENSMUSG00000026134	-0.543492225186209	1.86807491728527e-13	-0.383168510219006	2.75691850220386e-7	TRUE	1.4184156857659505	1.4184156857659505	0.160323714967203	NFAT5-independent
Cul7	ENSMUSG00000038545	0.94381462700965	2.2249879201470294e-43	0.536710395790046	6.948408607881461e-14	TRUE	1.7585175066719927	1.7585175066719927	-0.40710423121960404	NFAT5-independent
Mfsd2a	ENSMUSG00000028655	0.537017586405935	2.67809322075709e-14	0.344527543055886	2.95456249585871e-6	TRUE	1.5587072709563459	1.5587072709563459	-0.192490043350049	NFAT5-independent
Dhx35	ENSMUSG00000027655	-0.578231874516495	2.4238840134511e-17	-0.3529585255078	2.71256700499699e-7	TRUE	1.6382431156312067	1.6382431156312067	0.22527334900869506	NFAT5-independent
Slc25a11	ENSMUSG00000014606	-0.931605501763805	9.69476057805512e-38	-0.801986623381488	4.02984103188277e-28	TRUE	1.1616222448147493	1.1616222448147493	0.129618878382317	NFAT5-independent
Gabpb1	ENSMUSG00000027361	-0.602046786112709	4.1200762113287e-18	-0.789753327712793	2.9363060044378598e-28	TRUE	0.7623225695753616	0.7623225695753616	-0.18770654160008404	Partially dependent
Epsti1	ENSMUSG00000022014	-0.177675174763862	0.0141391047044946	0.377960510005778	6.065340642581591e-9	FALSE	-0.4700892555181117	0.4700892555181117	0.55563568476964	NFAT5-independent (Opposite direction)
Flot2	ENSMUSG00000061981	0.612794344029963	1.1271224728530899e-19	0.475154645179852	7.587314832269e-12	TRUE	1.289673478406199	1.289673478406199	-0.13763969885011101	NFAT5-independent
Tmco4	ENSMUSG00000041143	-0.653504390650338	6.174339248850699e-21	-0.808837392184442	1.30151707641618e-29	TRUE	0.8079552169137566	0.8079552169137566	-0.1553330015341039	Partially dependent
Avl9	ENSMUSG00000029787	0.449760549774068	4.2356007409375496e-11	0.316765171197034	8.36808033813561e-6	TRUE	1.4198548030847378	1.4198548030847378	-0.13299537857703397	NFAT5-independent
Adamts14	ENSMUSG00000059901	-0.800582616707889	1.6792582619545399e-26	-1.59104745438954	1.88313883970694e-80	TRUE	0.5031795968744753	0.5031795968744753	-0.7904648376816511	Strongly NFAT5-dependent
Gfm2	ENSMUSG00000021666	-0.707011478917326	7.959155895068329e-23	-0.582917962553759	8.57061811669089e-16	TRUE	1.2128833289334817	1.2128833289334817	0.12409351636356691	NFAT5-independent
Emilin2	ENSMUSG00000024053	0.144212825248466	0.0771908509368784	0.311557856695001	1.68311853287213e-5	TRUE	0.4628765481258361	0.4628765481258361	0.16734503144653504	Strongly NFAT5-dependent
Slc16a3	ENSMUSG00000025161	-1.06405504768511	3.07407868841426e-45	-1.08102205430301	3.20289922610677e-45	TRUE	0.9843046619165976	0.9843046619165976	-0.01696700661789996	Partially dependent
Man2b2	ENSMUSG00000029119	-0.672147988865471	2.0771082637199397e-20	-0.588963687461364	9.72672351958457e-16	TRUE	1.1412384212728972	1.1412384212728972	0.08318430140410704	NFAT5-independent
Vsir	ENSMUSG00000020101	0.124449806367938	0.115285527271231	0.312238650570585	3.24540240007859e-6	TRUE	0.39857271398181615	0.39857271398181615	0.18778884420264697	Strongly NFAT5-dependent
Sdcbp2	ENSMUSG00000027456	0.952621228885218	3.44782484845202e-40	0.368094738766416	1.77271277677244e-6	TRUE	2.5879783886010075	2.5879783886010075	-0.5845264901188021	NFAT5-independent
Snf8	ENSMUSG00000006058	-0.443725383879804	1.19508935219882e-8	-0.283106514679335	3.8737442278027e-4	TRUE	1.5673443063731558	1.5673443063731558	0.16061886920046897	NFAT5-independent
Tnf	ENSMUSG00000024401	0.608898348596047	1.7046293678697698e-18	0.469118984028257	5.831837235155949e-11	TRUE	1.297961432657286	1.297961432657286	-0.13977936456778994	NFAT5-independent
Gfod1	ENSMUSG00000051335	0.322081711946165	1.39036446873606e-5	0.394904387980108	8.82550238592803e-8	TRUE	0.8155941583571078	0.8155941583571078	0.07282267603394305	Partially dependent
Abcc5	ENSMUSG00000022822	0.785366096534095	6.15192030770491e-33	0.547898238592039	1.29620216884759e-15	TRUE	1.4334159908093311	1.4334159908093311	-0.23746785794205594	NFAT5-independent
Phax	ENSMUSG00000008301	0.388107022405365	3.26731684007284e-8	0.349505166622131	1.11449716008764e-6	TRUE	1.1104471677952863	1.1104471677952863	-0.038601855783233996	NFAT5-independent
Mier2	ENSMUSG00000042570	0.694420476736339	1.50272677029075e-21	0.500119420688045	2.92020015861577e-11	TRUE	1.3885093199959762	1.3885093199959762	-0.19430105604829395	NFAT5-independent
Taf1c	ENSMUSG00000031832	0.470260941764787	3.15029505848886e-11	0.404470166942644	2.50425591604024e-8	TRUE	1.1626591531322321	1.1626591531322321	-0.06579077482214302	NFAT5-independent
Phf20	ENSMUSG00000038116	0.458597073144682	1.4793721938988597e-11	0.348129809855913	7.2946763855059e-7	TRUE	1.3173163003032982	1.3173163003032982	-0.11046726328876899	NFAT5-independent
Hmbs	ENSMUSG00000032126	-0.672457156022765	6.30113138351116e-17	-0.731050754158571	3.47978768437455e-19	TRUE	0.9198501638873947	0.9198501638873947	-0.058593598135806	Partially dependent
Them6	ENSMUSG00000056665	-0.66454420913537	7.94591049508529e-21	-0.302488581992312	2.19199897051925e-5	TRUE	2.1969232847019	2.1969232847019	0.36205562714305806	NFAT5-independent
Ogfod1	ENSMUSG00000033009	0.388972305607978	1.51226630704303e-8	0.346743967184982	7.86888155649191e-7	TRUE	1.1217853587066675	1.1217853587066675	-0.042228338422996003	NFAT5-independent
Mapk7	ENSMUSG00000001034	1.19554341563457	1.02762495552344e-72	0.840107652690662	4.883207521761e-34	TRUE	1.4230835914963196	1.4230835914963196	-0.3554357629439079	NFAT5-independent
Brms1	ENSMUSG00000080268	-0.218282415024597	0.00349344615416863	-0.285431482251522	9.7871407797157e-5	TRUE	0.7647454068582621	0.7647454068582621	-0.06714906722692499	Partially dependent
Mrps6	ENSMUSG00000039680	0.424231785611053	8.84535874326709e-8	0.700716356436785	2.26267850480737e-19	TRUE	0.6054258355953263	0.6054258355953263	0.27648457082573197	Strongly NFAT5-dependent
Plekhm1	ENSMUSG00000034247	0.60084438278224	3.71635973717355e-20	0.437513690192456	1.25993854710102e-10	TRUE	1.373315615604936	1.373315615604936	-0.16333069258978394	NFAT5-independent
Lsm6	ENSMUSG00000031683	-0.556460069321841	1.33654355092542e-14	-0.353173615280269	1.42401102439319e-6	TRUE	1.5755992102644738	1.5755992102644738	0.20328645404157197	NFAT5-independent
Ptpn4	ENSMUSG00000026384	0.610071242464207	2.4560569788112696e-19	0.495950350379648	1.16486716688672e-12	TRUE	1.230105477286587	1.230105477286587	-0.11412089208455894	NFAT5-independent
Hus1	ENSMUSG00000020413	-0.272212941496637	2.2371441046191e-4	-0.3343407674611	5.73914325803796e-6	TRUE	0.8141781319811936	0.8141781319811936	-0.06212782596446298	Partially dependent
Ankrd54	ENSMUSG00000033055	0.608810014433345	2.11483670834254e-16	0.326386489566215	2.92200479749957e-5	TRUE	1.865303969053639	1.865303969053639	-0.28242352486713	NFAT5-independent
Htatsf1	ENSMUSG00000067873	-0.379716352680459	8.32932001425813e-8	-0.359658831325493	5.71266627901815e-7	TRUE	1.0557681880938268	1.0557681880938268	0.020057521354966024	NFAT5-independent
Slc5a3	ENSMUSG00000089774	0.353207636052761	4.41819789564678e-6	0.704195684389656	2.6021181323448997e-21	TRUE	0.5015759736711464	0.5015759736711464	0.35098804833689495	Strongly NFAT5-dependent
Ccdc117	ENSMUSG00000020482	0.386752777000847	2.04688294275113e-8	0.305935744599461	1.81921235677444e-5	TRUE	1.2641634193715865	1.2641634193715865	-0.08081703240138599	NFAT5-independent
Dusp7	ENSMUSG00000053716	0.47847524407912	6.7846639409691496e-12	0.339610355027872	2.94312105512327e-6	TRUE	1.408894743624208	1.408894743624208	-0.138864889051248	NFAT5-independent
Rpe	ENSMUSG00000026005	-0.341272820866426	6.01563405133875e-7	-0.312777383216468	6.90583159630208e-6	TRUE	1.0911045337003693	1.0911045337003693	0.028495437649958044	NFAT5-independent
Rps6ka4	ENSMUSG00000024952	-0.1523650956091	0.0547122935682442	-0.273351490328091	2.3228469342809e-4	TRUE	0.5573962498840717	0.5573962498840717	-0.12098639471899097	Strongly NFAT5-dependent
Tars2	ENSMUSG00000028107	-0.733911806940259	1.367256030376e-25	-0.660061046202325	1.47367694244439e-20	TRUE	1.1118847433322054	1.1118847433322054	0.07385076073793406	NFAT5-independent
Ddhd2	ENSMUSG00000061313	0.314643768268391	6.08618486421193e-5	0.37476578887345	1.52471253197632e-6	TRUE	0.8395744158350568	0.8395744158350568	0.060122020605059	Partially dependent
Riox1	ENSMUSG00000046791	0.462821873081768	4.56520242669003e-11	0.341408412352916	2.74100028824311e-6	TRUE	1.3556252755815112	1.3556252755815112	-0.12141346072885195	NFAT5-independent
Spc24	ENSMUSG00000074476	-0.504000587521376	6.42789222875762e-13	-0.602740026919405	3.7517523343979e-17	TRUE	0.8361823755049341	0.8361823755049341	-0.09873943939802898	Partially dependent
Mov10	ENSMUSG00000002227	-0.392539140615153	1.50734060464772e-8	-0.382482479195187	5.29966014100656e-8	TRUE	1.0262931296647289	1.0262931296647289	0.010056661419965973	NFAT5-independent
Kif13b	ENSMUSG00000060012	1.50106941322797	1.07124392139763e-93	1.07057565267982	1.4598262924741597e-45	TRUE	1.4021142826016602	1.4021142826016602	-0.43049376054815003	NFAT5-independent
Prdx4	ENSMUSG00000025289	-0.024547339463656	0.82188336453071	0.298190819537396	3.1610379951995e-5	FALSE	-0.08232090948251855	0.08232090948251855	0.322738159001052	Strongly NFAT5-dependent
Dpy30	ENSMUSG00000024067	-0.225463305077207	0.00121180725893798	-0.318115404478295	4.49038158950086e-6	TRUE	0.7087468946905096	0.7087468946905096	-0.09265209940108801	Partially dependent
Sos2	ENSMUSG00000034801	0.627580263359265	5.49032029923776e-22	0.379472519810423	2.90192129252014e-8	TRUE	1.6538226896450676	1.6538226896450676	-0.24810774354884196	NFAT5-independent
Diaph3	ENSMUSG00000022021	-0.692257679867375	2.6445727416784e-25	-0.667071498782929	6.71523045634998e-23	TRUE	1.0377563441556086	1.0377563441556086	0.025186181084445924	NFAT5-independent
Nt5dc2	ENSMUSG00000071547	0.646587025502004	1.84707902593493e-17	0.427619213446387	5.71695582687236e-8	TRUE	1.512062613582891	1.512062613582891	-0.218967812055617	NFAT5-independent
Pcyt1a	ENSMUSG00000005615	1.01472279904583	2.09902946471045e-48	0.372476562979221	7.34967755820769e-7	TRUE	2.724259456567305	2.724259456567305	-0.642246236066609	NFAT5-independent
Ptges3-ps	ENSMUSG00000040078	-0.0960064813868843	0.351249999818792	-0.288672519180096	6.4782400817586e-4	TRUE	0.33257922042447036	0.33257922042447036	-0.19266603779321173	Strongly NFAT5-dependent
Htra2	ENSMUSG00000068329	-0.435061538309214	2.33574872770123e-10	-0.349573611078464	5.4382073072132e-7	TRUE	1.2445491436467775	1.2445491436467775	0.08548792723075	NFAT5-independent
Ankrd50	ENSMUSG00000044864	0.781656210037749	1.4057546063622798e-30	0.494572618110842	2.93793832867187e-12	TRUE	1.580468027169605	1.580468027169605	-0.28708359192690697	NFAT5-independent
Nup37	ENSMUSG00000035351	-0.784797386755847	2.11499572393448e-28	-0.745444505419368	5.573693381175479e-25	TRUE	1.052791161582632	1.052791161582632	0.03935288133647896	NFAT5-independent
Gsn	ENSMUSG00000026879	0.463049288562888	8.68156488163844e-12	0.294921117733155	3.52567789215234e-5	TRUE	1.57007844037081	1.57007844037081	-0.16812817082973303	NFAT5-independent
Hook1	ENSMUSG00000028572	0.23078523460454	0.00207318527513591	0.261847336237669	4.2069151640838e-4	TRUE	0.8813732380117281	0.8813732380117281	0.031062101633128975	Partially dependent
Bend4	ENSMUSG00000092060	1.10374356356279	2.16579597574969e-58	0.828289140645603	2.0175492438951496e-31	TRUE	1.3325582932337932	1.3325582932337932	-0.2754544229171869	NFAT5-independent
Tmem147	ENSMUSG00000006315	-0.479437761870748	2.5921476485693496e-11	-0.319579807632006	1.27768424099745e-5	TRUE	1.5002129371791142	1.5002129371791142	0.159857954238742	NFAT5-independent
Crem	ENSMUSG00000063889	-0.199516974750285	0.018416471927035	0.265003676923657	8.2609222322835e-4	FALSE	-0.7528837979397637	0.7528837979397637	0.46452065167394196	NFAT5-independent (Opposite direction)
Tspan31	ENSMUSG00000006736	0.462744211901389	7.889203870273089e-12	0.433671501390412	3.2154434384988004e-10	TRUE	1.067038554338401	1.067038554338401	-0.029072710510976985	NFAT5-independent
Ino80c	ENSMUSG00000047989	0.353756704598577	8.59905899068007e-7	0.338278007968716	3.478940304522e-6	TRUE	1.0457573246419627	1.0457573246419627	-0.01547869662986101	NFAT5-independent
Dph2	ENSMUSG00000028540	0.522959207559864	1.06626380471463e-13	0.320369323470761	1.41957708858885e-5	TRUE	1.6323635543326065	1.6323635543326065	-0.202589884089103	NFAT5-independent
Med16	ENSMUSG00000013833	-0.720478581408507	3.50834190013458e-23	-0.813511266598015	6.70958022843427e-28	TRUE	0.8856405694557162	0.8856405694557162	-0.09303268518950802	Partially dependent
Pik3r2	ENSMUSG00000031834	1.02933821364074	2.8801858044353503e-47	1.11729537917772	5.5227212735371696e-55	TRUE	0.9212767123392988	0.9212767123392988	0.08795716553697996	Partially dependent
Parp2	ENSMUSG00000036023	-0.686711435413064	4.83814055113283e-22	-0.492846601811863	5.6962634989160996e-12	TRUE	1.3933573507222965	1.3933573507222965	0.193864833601201	NFAT5-independent
Sell	ENSMUSG00000026581	-1.50780238688653	6.29599892514583e-85	-0.622515703931928	1.75181070684005e-17	TRUE	2.422111405966086	2.422111405966086	0.885286682954602	NFAT5-independent
Parp14	ENSMUSG00000034422	-0.311782076571546	2.35213405983403e-5	-0.28899626666652	1.13374457614e-4	TRUE	1.0788446514131587	1.0788446514131587	0.02278580990502599	NFAT5-independent
Atxn2	ENSMUSG00000042605	0.417896315568463	4.49495176507957e-8	0.25778789196126	0.00141110412598951	TRUE	1.6210858950321214	1.6210858950321214	-0.160108423607203	NFAT5-independent
G6pc3	ENSMUSG00000034793	-0.332385950394881	2.54789360687125e-6	-0.400348462377401	2.09480901112206e-8	TRUE	0.830241606077525	0.830241606077525	-0.06796251198252001	Partially dependent
Slc30a7	ENSMUSG00000054414	0.327624993700414	1.81925402644339e-6	0.263833492618474	2.038510472882e-4	TRUE	1.2417869712022802	1.2417869712022802	-0.06379150108193998	NFAT5-independent
Abcb8	ENSMUSG00000028973	-0.463862022274834	2.2605752029334196e-11	-0.596898431064962	4.49097987669144e-17	TRUE	0.777120525257924	0.777120525257924	-0.133036408790128	Partially dependent
Hinfp	ENSMUSG00000032119	0.58115169658783306	4.2674101136867206e-15	0.376081213169227	1.17509580575676e-6	TRUE	1.5452824449551261	1.5452824449551261	-0.20507048341860606	NFAT5-independent
S1pr4	ENSMUSG00000044199	0.251434166831991	5.4256915712617e-4	0.440474578005731	2.7911305720405603e-10	TRUE	0.5708256035351026	0.5708256035351026	0.18904041117374	Strongly NFAT5-dependent
Dnajb12	ENSMUSG00000020109	0.42349948850345	1.35241458032445e-9	0.312902881651256	1.57125353599214e-5	TRUE	1.3534534622006413	1.3534534622006413	-0.11059660685219397	NFAT5-independent
Dennd1c	ENSMUSG00000002668	-1.10506282052925	2.6874793880911193e-43	-0.776896826284346	1.24493978118137e-22	TRUE	1.4224061460186666	1.4224061460186666	0.3281659942449041	NFAT5-independent
Nf1	ENSMUSG00000020716	0.777365727144796	6.58411838567192e-29	0.442769328905252	1.4208086172803501e-9	TRUE	1.7556900995532692	1.7556900995532692	-0.334596398239544	NFAT5-independent
Necap2	ENSMUSG00000028923	0.10932350634192	0.288196724287221	0.261452444276538	0.002514717634021	TRUE	0.41813916348890057	0.41813916348890057	0.152128937934618	Strongly NFAT5-dependent
Erlin1	ENSMUSG00000025198	0.184629106144626	0.0154798109649737	0.279904590064148	1.052878899397e-4	TRUE	0.6596144282675502	0.6596144282675502	0.09527548391952198	Strongly NFAT5-dependent
Irf2	ENSMUSG00000031627	0.367791545450475	2.98764342077118e-7	0.388734706709277	7.5136068051693e-8	TRUE	0.9461247969441926	0.9461247969441926	0.020943161258802023	Partially dependent
Twistnb	ENSMUSG00000020561	-0.530369068716335	4.95338974434084e-14	-0.298714263895385	3.25768410783022e-5	TRUE	1.7755063377290867	1.7755063377290867	0.23165480482095002	NFAT5-independent
Smg9	ENSMUSG00000002210	-0.228428994699448	0.00359802278738136	-0.491266968512112	1.55616407476252e-10	TRUE	0.4649793479730282	0.4649793479730282	-0.262837973812664	Strongly NFAT5-dependent
Kdelr1	ENSMUSG00000002778	-0.217363646311467	0.00525485886604573	-0.261503471402703	6.6342681668109e-4	TRUE	0.8312074984914339	0.8312074984914339	-0.04413982509123601	Partially dependent
Xpr1	ENSMUSG00000026469	-0.213408778907937	0.00320140326686585	-0.374171021956285	1.60708325339752e-7	TRUE	0.5703508994153745	0.5703508994153745	-0.160762243048348	Strongly NFAT5-dependent
Ralgapa2	ENSMUSG00000037110	0.193707250100752	0.0147344053332291	0.267506430202703	4.3754194296421e-4	TRUE	0.7241218461700915	0.7241218461700915	0.073799180101951	Partially dependent
Mrpl35	ENSMUSG00000052962	-0.196829770470544	0.0114596836631417	-0.262751548676929	5.5266066780718e-4	TRUE	0.7491098395486896	0.7491098395486896	-0.065921778206385	Partially dependent
Top3b	ENSMUSG00000022779	-0.968656394795133	6.1422054656995995e-46	-0.851555230457487	2.4890139153909196e-35	TRUE	1.1375144678222866	1.1375144678222866	0.11710116433764595	NFAT5-independent
Ezh1	ENSMUSG00000006920	0.0216129653097462	0.858321245846537	0.303535247481587	6.97010227520729e-5	TRUE	0.0712041368805357	0.0712041368805357	0.2819222821718408	Strongly NFAT5-dependent
Atxn7l1	ENSMUSG00000020564	0.295377372543661	6.45301377379334e-5	0.291025885409022	1.0145400455869e-4	TRUE	1.0149522339860702	1.0149522339860702	-0.004351487134638954	NFAT5-independent
Mrps10	ENSMUSG00000034729	-0.377037534126999	1.87425906146816e-7	-0.328793540561082	7.87437168645809e-6	TRUE	1.1467303569394618	1.1467303569394618	0.048243993565916965	NFAT5-independent
Qtrt1	ENSMUSG00000002825	0.479442530136577	1.94814668945019e-11	0.27690403929162	2.5227171288522e-4	TRUE	1.7314392789758284	1.7314392789758284	-0.202538490844957	NFAT5-independent
Hax1	ENSMUSG00000027944	-0.529218681774285	4.14434217886556e-13	-0.46960034621473	2.2168965476801702e-10	TRUE	1.1269554761620508	1.1269554761620508	0.05961833555955498	NFAT5-independent
Ing5	ENSMUSG00000026283	-0.0657141304765257	0.498134119363569	-0.26015824098635	6.28771067756e-4	TRUE	0.2525929227818449	0.2525929227818449	-0.1944441105098243	Strongly NFAT5-dependent
Edrf1	ENSMUSG00000039990	0.256783522549696	2.4025723135728e-4	0.27753068981189	7.2918568117336e-5	TRUE	0.92524370088131	0.92524370088131	0.020747167262194	Partially dependent
A230050P20Rik	ENSMUSG00000038884	1.10378313759222	1.62941121767125e-48	0.874173878288942	1.26121090580173e-29	TRUE	1.262658568284724	1.262658568284724	-0.22960925930327802	NFAT5-independent
Exosc9	ENSMUSG00000027714	-0.479112581331212	5.818273108746349e-11	-0.454415186650845	8.96355454465184e-10	TRUE	1.054349844384368	1.054349844384368	0.02469739468036697	NFAT5-independent
Micu2	ENSMUSG00000021973	-0.784181233704058	3.2920443434672997e-26	-0.865358056708178	2.9602998880373296e-30	TRUE	0.9061927922495844	0.9061927922495844	-0.08117682300411999	Partially dependent
Mrps17	ENSMUSG00000034211	-0.578861439708377	1.77531530748411e-14	-0.532105824922042	3.40691384169232e-12	TRUE	1.0878690151403345	1.0878690151403345	0.046755614786335054	NFAT5-independent
Tmc8	ENSMUSG00000050106	-0.329475186053663	2.90212899138831e-6	-0.376626776096452	1.25253334579696e-7	TRUE	0.8748055288806291	0.8748055288806291	-0.047151590042789016	Partially dependent
Top3a	ENSMUSG00000002814	0.492756710871303	1.5660556393194701e-9	0.396312500185056	2.11274853605738e-6	TRUE	1.2433539457907912	1.2433539457907912	-0.09644421068624703	NFAT5-independent
Batf	ENSMUSG00000034266	-0.488933685159667	3.09333285471267e-10	-0.341648957154282	1.47131208840787e-5	TRUE	1.431099597763075	1.431099597763075	0.147284728005385	NFAT5-independent
Sap30	ENSMUSG00000031609	0.353522393482885	1.80983875145227e-6	0.342069557860111	5.06550735888337e-6	TRUE	1.0334810139037793	1.0334810139037793	-0.011452835622773994	NFAT5-independent
Ccser2	ENSMUSG00000058690	0.428486926294593	5.96677768690582e-10	0.37068615328614	1.86810956777075e-7	TRUE	1.1559291397751117	1.1559291397751117	-0.05780077300845299	NFAT5-independent
Lrrc40	ENSMUSG00000063052	-0.755864684207961	5.63603160179553e-25	-0.722746402059817	2.30598097766239e-22	TRUE	1.0458228253419974	1.0458228253419974	0.03311828214814405	NFAT5-independent
Fam206a	ENSMUSG00000038827	-0.321951898025977	5.94104473329958e-6	-0.444651003774343	6.80239987435314e-10	TRUE	0.7240552597276158	0.7240552597276158	-0.12269910574836601	Partially dependent
Lgals9	ENSMUSG00000001123	-0.512447761495088	5.28722330118575e-12	-0.349265252480698	3.71524349871986e-6	TRUE	1.4672165577748337	1.4672165577748337	0.16318250901438996	NFAT5-independent
Efl1	ENSMUSG00000038563	0.300849224642418	2.29583465639729e-5	0.254926194806918	4.9085123255739e-4	TRUE	1.180142452093957	1.180142452093957	-0.04592302983549995	NFAT5-independent
Mrpl17	ENSMUSG00000030879	-0.765160629998679	5.5924777091079e-25	-0.550701686964258	1.2496777734534e-13	TRUE	1.3894285202150467	1.3894285202150467	0.21445894303442092	NFAT5-independent
Il27ra	ENSMUSG00000005465	-0.533050303509344	1.07711646285556e-12	-0.698632692763947	9.35375205738038e-20	TRUE	0.7629907804635908	0.7629907804635908	-0.165582389254603	Partially dependent
Wbp2	ENSMUSG00000034341	0.655250371932828	5.3321460883752196e-20	0.517751768775144	2.32303606454611e-12	TRUE	1.265568582185566	1.265568582185566	-0.13749860315768403	NFAT5-independent
Sec14l1	ENSMUSG00000020823	0.984126916192386	9.886105223411839e-42	0.845426432369548	4.1617039750052396e-30	TRUE	1.1640597910265125	1.1640597910265125	-0.13870048382283806	NFAT5-independent
Fbxl5	ENSMUSG00000039753	0.448321317858948	5.99403135187647e-10	0.3774861449661	3.73128780398558e-7	TRUE	1.187649729234988	1.187649729234988	-0.07083517289284802	NFAT5-independent
Tdp1	ENSMUSG00000021177	-0.480863033551465	1.41892375811698e-10	-0.454412972477185	2.3037353868026703e-9	TRUE	1.058207099436643	1.058207099436643	0.026450061074279996	NFAT5-independent
Zfyve27	ENSMUSG00000018820	0.409272835956023	3.94738451747249e-8	0.26311450697348	7.9490309122348e-4	TRUE	1.555493236248181	1.555493236248181	-0.146158328982543	NFAT5-independent
Zfp24	ENSMUSG00000051469	0.464357318155344	2.97840787473275e-11	0.444531096572464	3.96697368452745e-10	TRUE	1.0446003029613657	1.0446003029613657	-0.01982622158288	NFAT5-independent
Gcsh	ENSMUSG00000034424	-0.587979737314848	9.09341194829712e-15	-0.5471796827223	1.07778901251852e-12	TRUE	1.0745642718120703	1.0745642718120703	0.040800054592547985	NFAT5-independent
Zbtb45	ENSMUSG00000049600	0.346043473640299	3.62665864251326e-6	0.258057543376434	8.5645108509425e-4	TRUE	1.3409546921692503	1.3409546921692503	-0.08798593026386503	NFAT5-independent
Qtrt2	ENSMUSG00000022704	-0.210347636268548	0.00965751272092846	-0.380435457660349	1.16129496279718e-6	TRUE	0.5529128056626766	0.5529128056626766	-0.17008782139180098	Strongly NFAT5-dependent
Nln	ENSMUSG00000021710	-0.128444908903071	0.118764837849415	-0.307047020341209	3.95428726336168e-5	TRUE	0.41832325472605253	0.41832325472605253	-0.178602111438138	Strongly NFAT5-dependent
Ufm1	ENSMUSG00000027746	-0.621211054244022	8.48280138624e-15	-0.510447090069027	2.68783188339378e-10	TRUE	1.2169940162848545	1.2169940162848545	0.11076396417499501	NFAT5-independent
Slfn2	ENSMUSG00000072620	0.791514002876993	4.449191244024979e-25	0.397565733907621	7.94209786865517e-7	TRUE	1.9909009639671573	1.9909009639671573	-0.393948268969372	NFAT5-independent
Trmt61a	ENSMUSG00000060950	-0.313078784313464	5.89809887058655e-5	-0.473932184549416	1.4113009807967301e-9	TRUE	0.6605982765469263	0.6605982765469263	-0.16085340023595202	Strongly NFAT5-dependent
F2r	ENSMUSG00000048376	0.0984808629951618	0.28653764179716	0.406760769781908	3.19474176405956e-8	TRUE	0.24211003201701103	0.24211003201701103	0.3082799067867462	Strongly NFAT5-dependent
Hibadh	ENSMUSG00000029776	-0.50781478741913	6.92831078484025e-12	-0.43390906350729	7.410321861448141e-9	TRUE	1.1703253748941298	1.1703253748941298	0.07390572391183997	NFAT5-independent
Bcorl1	ENSMUSG00000036959	0.797407652547765	1.42123574931822e-26	0.695292278585471	7.00928755697799e-20	TRUE	1.1468668315575736	1.1468668315575736	-0.10211537396229398	NFAT5-independent
Fam160b1	ENSMUSG00000033478	0.471316501688871	1.81712754072137e-11	0.361027465090154	7.65152527443847e-7	TRUE	1.3054865550773989	1.3054865550773989	-0.11028903659871703	NFAT5-independent
Cited2	ENSMUSG00000039910	0.328696925998289	5.27288163777844e-6	0.445263741411159	4.04721807137591e-10	TRUE	0.7382072588182482	0.7382072588182482	0.11656681541287	Partially dependent
Gpbp1l1	ENSMUSG00000034042	0.490419805147512	2.98932402936715e-11	0.394449255748318	2.09218818545871e-7	TRUE	1.243302650469263	1.243302650469263	-0.09597054939919397	NFAT5-independent
Lemd2	ENSMUSG00000044857	0.388522585382292	1.86967054305491e-6	0.482671405696377	2.51693151922874e-9	TRUE	0.804942204566166	0.804942204566166	0.094148820314085	Partially dependent
Dctn3	ENSMUSG00000028447	-0.3546001196309	1.540817990284e-6	-0.291337332316678	1.1139132110389e-4	TRUE	1.2171461748865626	1.2171461748865626	0.06326278731422197	NFAT5-independent
Erf	ENSMUSG00000040857	0.792779440709104	4.40090555321318e-30	0.353828245583019	2.00040824998361e-6	TRUE	2.240577033082266	2.240577033082266	-0.438951195126085	NFAT5-independent
Prr3	ENSMUSG00000038500	0.446448387744365	3.98042951835029e-8	0.264575279194668	0.0020668908214619	TRUE	1.6874153515146788	1.6874153515146788	-0.18187310854969702	NFAT5-independent
Egr1	ENSMUSG00000038418	0.18703098089903	0.0168102096287407	-0.297196767457992	1.1794793700175e-4	FALSE	-0.6293170093967	0.6293170093967	-0.484227748357022	NFAT5-independent (Opposite direction)
Strada	ENSMUSG00000069631	-0.555253393694751	4.19959785793309e-15	-0.512243502694848	9.90413139421767e-13	TRUE	1.0839637609332935	1.0839637609332935	0.043009890999903044	NFAT5-independent
Hip1	ENSMUSG00000039959	0.79461046002957	3.88861098182521e-30	0.535819308577633	1.22235765305663e-13	TRUE	1.4829821309331215	1.4829821309331215	-0.258791151451937	NFAT5-independent
Gtpbp3	ENSMUSG00000007610	0.311023527236584	1.26116173265495e-5	0.474206402028863	1.0016195027170198e-11	TRUE	0.6558821768451225	0.6558821768451225	0.163182874792279	Strongly NFAT5-dependent
Pdrg1	ENSMUSG00000027472	0.196490957450573	0.0109169315543567	0.295654701888475	5.59241118712261e-5	TRUE	0.6645960852152863	0.6645960852152863	0.09916374443790199	Strongly NFAT5-dependent
Bicra	ENSMUSG00000070808	0.176920308717535	0.0360303356582492	0.317207805604213	4.83969947260145e-5	TRUE	0.5577426078167895	0.5577426078167895	0.14028749688667802	Strongly NFAT5-dependent
Mob2	ENSMUSG00000025147	0.349920178351474	4.48418041255101e-6	0.386302217085764	4.26184775160624e-7	TRUE	0.9058197516733052	0.9058197516733052	0.03638203873429002	Partially dependent
Edem3	ENSMUSG00000043019	0.51344861224679506	1.12845113191453e-13	0.335999414843946	3.61392069059486e-6	TRUE	1.5281235310640788	1.5281235310640788	-0.17744919740284903	NFAT5-independent
Rgp1	ENSMUSG00000028468	-0.742998704752425	1.19647690415702e-24	-0.53257959754915	2.23726676680885e-13	TRUE	1.3950941946923834	1.3950941946923834	0.21041910720327506	NFAT5-independent
Srcap	ENSMUSG00000053877	0.658402984299656	5.53710093551586e-13	0.556925543858114	1.94554821312024e-9	TRUE	1.1822100666070277	1.1822100666070277	-0.10147744044154206	NFAT5-independent
Epm2aip1	ENSMUSG00000046785	0.449282293976097	2.05266918505306e-9	0.452081005095797	2.45799985168055e-9	TRUE	0.9938092707099981	0.9938092707099981	0.002798711119700037	Partially dependent
Itm2c	ENSMUSG00000026223	0.332537686512354	7.07710336033638e-6	0.314770211005452	2.74121740496932e-5	TRUE	1.0564458607761782	1.0564458607761782	-0.017767475506901997	NFAT5-independent
Cnnm3	ENSMUSG00000001138	0.770688948962766	6.52527163404802e-22	0.575137067923424	2.70356449472024e-12	TRUE	1.340009176847872	1.340009176847872	-0.19555188103934196	NFAT5-independent
Fastkd3	ENSMUSG00000021532	0.534909311886316	1.6555096057954998e-14	0.506792331853577	9.13467043598389e-13	TRUE	1.0554802791311029	1.0554802791311029	-0.028116980032738992	NFAT5-independent
Brwd1	ENSMUSG00000022914	0.326028848288262	5.98712734032722e-6	0.377065401459067	1.43614018194737e-7	TRUE	0.8646480080821063	0.8646480080821063	0.051036553170804966	Partially dependent
Nufip1	ENSMUSG00000022009	-0.21193443932952	0.00805886254175599	-0.341798416502951	1.03149654844673e-5	TRUE	0.6200568203266975	0.6200568203266975	-0.129863977173431	Strongly NFAT5-dependent
Rbmx	ENSMUSG00000031134	-0.87750943408452	2.16943734773313e-31	-0.764658571318271	6.7088425399709e-24	TRUE	1.1475833358824372	1.1475833358824372	0.112850862766249	NFAT5-independent
Armc10	ENSMUSG00000038525	-0.527564030041246	2.49180791735744e-13	-0.361194607016123	7.43691080778997e-7	TRUE	1.460608823591036	1.460608823591036	0.16636942302512298	NFAT5-independent
Cep68	ENSMUSG00000044066	-0.515328891604709	1.65686742240435e-11	-0.281918525997862	2.5955067376438e-4	TRUE	1.8279355348524244	1.8279355348524244	0.23341036560684697	NFAT5-independent
Knstrn	ENSMUSG00000027331	-1.1403690773314	3.2660061052846503e-52	-0.803038065647326	1.38869073344503e-27	TRUE	1.4200685199301886	1.4200685199301886	0.33733101168407387	NFAT5-independent
Rnft1	ENSMUSG00000020521	-0.504100054704306	1.69351526047736e-12	-0.368791176257645	3.46572863132838e-7	TRUE	1.3668983618852404	1.3668983618852404	0.13530887844666095	NFAT5-independent
Spin1	ENSMUSG00000021395	0.666421202212764	5.3370100193312105e-21	0.63423955581881	9.21444616294293e-19	TRUE	1.0507405224078261	1.0507405224078261	-0.032181646393954044	NFAT5-independent
Ptprv	ENSMUSG00000097993	-0.828887803873207	1.49351724749672e-26	-0.479058810842074	5.9079314763291e-10	TRUE	1.730242269036269	1.730242269036269	0.349828993031133	NFAT5-independent
Atg3	ENSMUSG00000022663	-0.451872646745076	1.01036727779748e-8	-0.421488120157648	1.31113356577416e-7	TRUE	1.0720886903670341	1.0720886903670341	0.030384526587427962	NFAT5-independent
Ccdc85c	ENSMUSG00000084883	0.706317619805834	2.7329288463602002e-22	0.444743260892107	4.531679756745751e-9	TRUE	1.588146874646368	1.588146874646368	-0.261574358913727	NFAT5-independent
Phf14	ENSMUSG00000029629	-0.368629275958628	1.61811229765999e-7	-0.351961854647093	9.69967837950901e-7	TRUE	1.047355760550379	1.047355760550379	0.01666742131153498	NFAT5-independent
Pttg1ip	ENSMUSG00000009291	0.885182793987476	1.6890012595763398e-31	0.471399144880512	3.2807281441330903e-9	TRUE	1.8777776828845287	1.8777776828845287	-0.413783649106964	NFAT5-independent
Jcad	ENSMUSG00000033960	0.29971320221957	9.23257802819999e-5	0.320094418230668	2.97010757795005e-5	TRUE	0.9363274869841348	0.9363274869841348	0.02038121601109799	Partially dependent
Dag1	ENSMUSG00000039952	1.39831732861622	1.09604507668317e-76	1.25116901521101	8.07304085329938e-60	TRUE	1.1176086616726146	1.1176086616726146	-0.14714831340521006	NFAT5-independent
Nfkbia	ENSMUSG00000021025	0.325875016553204	5.17106336605176e-6	-0.36786010823333	1.76738339447026e-6	FALSE	-0.885866690243305	0.885866690243305	-0.693735124786534	NFAT5-independent (Opposite direction)
Fbxo3	ENSMUSG00000027180	-0.623285020681959	1.3745047985883601e-15	-0.525920961655325	2.5250764417434e-11	TRUE	1.185130592095403	1.185130592095403	0.09736405902663403	NFAT5-independent
Brcc3	ENSMUSG00000031201	-0.309602934245953	4.87340295925211e-5	-0.345125678896196	6.98942405787309e-6	TRUE	0.8970730176790837	0.8970730176790837	-0.03552274465024302	Partially dependent
Coq5	ENSMUSG00000041733	-0.395369974431589	5.22005740957804e-8	-0.535826291917043	5.37510130884022e-13	TRUE	0.7378696797745051	0.7378696797745051	-0.140456317485454	Partially dependent
Pik3c3	ENSMUSG00000033628	0.133595556488573	0.104887658949209	0.309286539913652	1.17285108960648e-5	TRUE	0.4319475284177281	0.4319475284177281	0.17569098342507902	Strongly NFAT5-dependent
Vat1	ENSMUSG00000034993	0.979763507481917	1.7924378989992598e-36	0.695393955694643	3.46504892062867e-18	TRUE	1.4089330220065135	1.4089330220065135	-0.28436955178727397	NFAT5-independent
Bspry	ENSMUSG00000028392	0.739390426456205	1.38805024183648e-20	0.583300261049619	7.84691034951816e-13	TRUE	1.267598312275242	1.267598312275242	-0.15609016540658605	NFAT5-independent
Exoc8	ENSMUSG00000074030	0.487438204956117	1.0392203464749301e-10	0.543414786525781	7.08940192029528e-13	TRUE	0.8969910592099644	0.8969910592099644	0.05597658156966401	Partially dependent
Polr2l	ENSMUSG00000038489	-0.455091345047806	5.148917985364231e-9	-0.392052618975623	6.99171252334202e-7	TRUE	1.1607914933380477	1.1607914933380477	0.06303872607218303	NFAT5-independent
Taf12	ENSMUSG00000028899	-0.726221081737495	3.06307766720315e-21	-0.798038997275834	3.2269012207662802e-24	TRUE	0.9100070099537806	0.9100070099537806	-0.07181791553833905	Partially dependent
Nkrf	ENSMUSG00000044149	0.419064852602676	1.07584055637029e-8	0.331530430483379	1.14057756207217e-5	TRUE	1.2640313348963768	1.2640313348963768	-0.08753442211929702	NFAT5-independent
Fam114a2	ENSMUSG00000020523	-0.354363735696752	4.07416115065596e-6	-0.274470590861951	4.9195543819632e-4	TRUE	1.2910808935263465	1.2910808935263465	0.07989314483480098	NFAT5-independent
Nfic	ENSMUSG00000055053	0.577453054890089	5.426624995754981e-15	0.287493765894504	2.6243413843189e-4	TRUE	2.008575918484388	2.008575918484388	-0.28995928899558504	NFAT5-independent
Smim15	ENSMUSG00000071180	-0.742776133467975	1.54014777967911e-23	-0.500502506042637	1.74761030310471e-11	TRUE	1.4840607679289004	1.4840607679289004	0.24227362742533798	NFAT5-independent
Bid	ENSMUSG00000004446	-0.397716631542018	7.25841844004731e-8	-0.343973364978853	4.72855838268641e-6	TRUE	1.156242523506054	1.156242523506054	0.05374326656316497	NFAT5-independent
Dvl3	ENSMUSG00000003233	0.432604299237494	2.2507503036558e-8	0.362786364167486	4.61961856578978e-6	TRUE	1.192449171098877	1.192449171098877	-0.069817935070008	NFAT5-independent
Mthfr	ENSMUSG00000029009	1.12015246803138	2.60524016655942e-50	0.823222307993975	2.03064970613587e-26	TRUE	1.3606925579567484	1.3606925579567484	-0.2969301600374049	NFAT5-independent
Gm10052	ENSMUSG00000058922	-0.537491227322238	1.22709248838874e-12	-0.740258657354331	2.45043424702321e-21	TRUE	0.7260857025883634	0.7260857025883634	-0.20276743003209308	Partially dependent
Sbk1	ENSMUSG00000042978	0.846053884755709	6.83641063005706e-29	0.570875658347312	4.13875995064605e-13	TRUE	1.4820283057873571	1.4820283057873571	-0.27517822640839695	NFAT5-independent
Ccdc85b	ENSMUSG00000095098	0.336337751085569	4.23207469029897e-5	0.2908532438742	5.2265802891589e-4	TRUE	1.1563830150405405	1.1563830150405405	-0.04548450721136904	NFAT5-independent
9430015G10Rik	ENSMUSG00000059939	-0.692282834676365	2.0411405203924e-18	-0.653668765121213	3.36614033542781e-16	TRUE	1.05907283874577	1.05907283874577	0.03861406955515201	NFAT5-independent
Retreg1	ENSMUSG00000022270	-0.398406621611411	2.34768804742898e-7	-0.258272303861908	0.0011725786360741	TRUE	1.5425836051876063	1.5425836051876063	0.14013431774950297	NFAT5-independent
Mfsd1	ENSMUSG00000027775	-0.365692845900066	3.61424241176104e-7	-0.406362896214377	2.50430069856866e-8	TRUE	0.8999169198438445	0.8999169198438445	-0.04067005031431098	Partially dependent
Klhdc10	ENSMUSG00000029775	-0.167739671455834	0.0536647967703738	-0.323579105836952	6.66697905439596e-5	TRUE	0.518388451015611	0.518388451015611	-0.155839434381118	Strongly NFAT5-dependent
Dera	ENSMUSG00000030225	-0.633081922976486	4.18570484661297e-16	-0.450407754522514	9.780609774500531e-9	TRUE	1.4055750963871136	1.4055750963871136	0.182674168453972	NFAT5-independent
Sat1	ENSMUSG00000025283	1.20650941818714	3.82640118267351e-51	1.46627886407012	2.9286607270203095e-75	TRUE	0.8228376250600054	0.8228376250600054	0.25976944588298	Partially dependent
Polr2g	ENSMUSG00000071662	-0.520865084219618	4.00036482969703e-13	-0.450677297030611	5.9079314763291e-10	TRUE	1.1557384577644692	1.1557384577644692	0.07018778718900698	NFAT5-independent
Epb41l2	ENSMUSG00000019978	-0.366705945548553	4.40326851746399e-7	-0.438475196868019	2.74611358166924e-9	TRUE	0.836320841333544	0.836320841333544	-0.07176925131946599	Partially dependent
Fyb	ENSMUSG00000022148	-0.736130996751917	2.6203367826348197e-23	-0.693612632214654	2.4266485673777698e-20	TRUE	1.0612998705076997	1.0612998705076997	0.04251836453726299	NFAT5-independent
Rfc4	ENSMUSG00000022881	-0.67934052298154	7.067354646203879e-19	-0.589875309867044	2.3696647083597e-14	TRUE	1.1516680078280632	1.1516680078280632	0.08946521311449607	NFAT5-independent
6030458C11Rik	ENSMUSG00000022195	-0.682037394513964	5.95926175601038e-19	-0.374062863134779	1.30803465098821e-6	TRUE	1.8233229270562963	1.8233229270562963	0.30797453137918496	NFAT5-independent
Clk4	ENSMUSG00000020385	0.540437097370703	1.78319759742677e-13	0.322316038998965	2.94542133595478e-5	TRUE	1.6767303887487846	1.6767303887487846	-0.218121058371738	NFAT5-independent
Carnmt1	ENSMUSG00000024726	-0.885623887148547	3.8451583679534096e-31	-0.770283100879161	1.12977412368794e-23	TRUE	1.149738175662613	1.149738175662613	0.11534078626938604	NFAT5-independent
Nabp2	ENSMUSG00000025374	-0.16668654307568	0.0447565839748105	-0.425082377301888	5.64557753421354e-8	TRUE	0.3921276250821882	0.3921276250821882	-0.25839583422620804	Strongly NFAT5-dependent
Cpeb4	ENSMUSG00000020300	1.04819933653488	2.7015521419176292e-43	0.334504650558413	5.33504210050464e-5	TRUE	3.13358673723981	3.13358673723981	-0.713694685976467	NFAT5-independent
Cat	ENSMUSG00000027187	-0.635530779038676	1.26061428783289e-16	-0.572879503695779	1.67549830345962e-13	TRUE	1.109362047234574	1.109362047234574	0.06265127534289705	NFAT5-independent
Sav1	ENSMUSG00000021067	0.78226577639163	1.0801406052231799e-20	0.816021760585712	4.54374950813925e-22	TRUE	0.9586334754481877	0.9586334754481877	0.03375598419408199	Partially dependent
Atp6v0d1	ENSMUSG00000013160	-0.183007514073193	0.0170034435285624	-0.307757047686906	3.91065588474021e-5	TRUE	0.5946493035616007	0.5946493035616007	-0.12474953361371299	Strongly NFAT5-dependent
G2e3	ENSMUSG00000035293	-0.462843702247573	1.4749887599306202e-9	-0.257189904679207	0.00116014115586765	TRUE	1.7996184680144347	1.7996184680144347	0.205653797568366	NFAT5-independent
Nae1	ENSMUSG00000031878	-0.244854137940144	0.00162287189974992	-0.265425197879114	6.6374762705567e-4	TRUE	0.9224977127140018	0.9224977127140018	-0.020571059938970016	Partially dependent
Melk	ENSMUSG00000035683	-0.648891761803685	8.650978883972371e-17	-0.736400591556447	2.6110227796007898e-20	TRUE	0.8811668122539059	0.8811668122539059	-0.08750882975276197	Partially dependent
Rpp14	ENSMUSG00000023156	-0.413983899136527	1.19086445076802e-7	-0.406063751114552	3.11380269079211e-7	TRUE	1.019504691074335	1.019504691074335	0.007920148021974993	NFAT5-independent
Gpr65	ENSMUSG00000021886	-0.487143678717615	1.0124226960108001e-10	-0.343715555711243	6.98630198656595e-6	TRUE	1.4172872615834315	1.4172872615834315	0.14342812300637198	NFAT5-independent
Slc39a8	ENSMUSG00000053897	0.0782746501323109	0.425738611625043	0.267774572033693	2.1880377742508e-4	TRUE	0.2923154709494295	0.2923154709494295	0.1894999219013821	Strongly NFAT5-dependent
Nup43	ENSMUSG00000040034	-0.280408637793315	5.6982380775591e-4	-0.383813442266098	2.11720538989054e-6	TRUE	0.73058576619343	0.73058576619343	-0.103404804472783	Partially dependent
Recql	ENSMUSG00000030243	-1.04329209979469	4.19914251029671e-39	-0.775668620349804	1.28758094482412e-22	TRUE	1.3450229549368589	1.3450229549368589	0.26762347944488596	NFAT5-independent
Faap24	ENSMUSG00000030493	-0.294831536497965	1.6541620793368e-4	-0.326020371107581	3.52620408993146e-5	TRUE	0.9043347061299915	0.9043347061299915	-0.031188834609615967	Partially dependent
Mrpl23	ENSMUSG00000037772	-0.312026926856156	8.88430222035922e-5	-0.334053279823509	3.06878164217198e-5	TRUE	0.9340633536692403	0.9340633536692403	-0.022026352967353002	Partially dependent
Usf1	ENSMUSG00000026641	0.634206263445549	2.8558451652433997e-19	0.569046212889307	2.92755448165687e-15	TRUE	1.1145074847706915	1.1145074847706915	-0.06516005055624197	NFAT5-independent
Fastkd2	ENSMUSG00000025962	-0.474994419745592	3.37126676660609e-10	-0.438981876121869	1.05782164795584e-8	TRUE	1.0820365158167151	1.0820365158167151	0.03601254362372297	NFAT5-independent
Zmym2	ENSMUSG00000021945	0.431032081426405	1.74546698020858e-8	0.419540657467678	7.57022767154249e-8	TRUE	1.0273904894655228	1.0273904894655228	-0.011491423958726987	NFAT5-independent
Hars2	ENSMUSG00000019143	0.360827746733217	3.39384673447089e-6	0.387892407777574	6.5779211519745e-7	TRUE	0.9302263707623881	0.9302263707623881	0.027064661044357008	Partially dependent
Rpia	ENSMUSG00000053604	-0.934344332410208	5.22327163380935e-34	-0.87610004111824	1.91761667738474e-29	TRUE	1.0664813246871052	1.0664813246871052	0.05824429129196795	NFAT5-independent
Lsm3	ENSMUSG00000034192	-0.290086713426563	5.6515882598845e-4	-0.315367093226494	1.839273846974e-4	TRUE	0.9198382445635352	0.9198382445635352	-0.025280379799930974	Partially dependent
Podnl1	ENSMUSG00000012889	-0.435234215861778	1.62653846340446e-8	-0.301192525714252	1.2942874598181e-4	TRUE	1.4450365752923575	1.4450365752923575	0.13404169014752604	NFAT5-independent
Trafd1	ENSMUSG00000042726	0.0720640430526795	0.472700921274345	0.250439286855948	9.8453995248847e-4	TRUE	0.2877505520694544	0.2877505520694544	0.17837524380326852	Strongly NFAT5-dependent
Snx9	ENSMUSG00000002365	-0.568562469418513	4.6625359547272103e-14	-0.408552360873912	8.24859610821791e-8	TRUE	1.3916514108554705	1.3916514108554705	0.16001010854460096	NFAT5-independent
Med8	ENSMUSG00000006392	-0.467095630230248	5.67444989690192e-10	-0.376505844490525	8.41178662890362e-7	TRUE	1.2406065857020256	1.2406065857020256	0.09058978573972304	NFAT5-independent
Ubap1	ENSMUSG00000028437	0.433231222406616	7.94915360930234e-9	0.397224620754949	2.00523314699997e-7	TRUE	1.0906454428308958	1.0906454428308958	-0.03600660165166697	NFAT5-independent
Sac3d1	ENSMUSG00000024790	0.578712319544624	5.48327662760366e-12	0.501812949389061	4.239932508301361e-9	TRUE	1.1532430963552958	1.1532430963552958	-0.07689937015556303	NFAT5-independent
Vars2	ENSMUSG00000038838	-0.403947439094398	7.44370276120048e-8	-0.379654893969148	6.34122788096829e-7	TRUE	1.0639858606095676	1.0639858606095676	0.02429254512525003	NFAT5-independent
Zbtb7b	ENSMUSG00000028042	0.860529545885367	1.10382946965566e-28	0.631434355582943	2.71687615104256e-15	TRUE	1.3628171135714056	1.3628171135714056	-0.22909519030242398	NFAT5-independent
Cltb	ENSMUSG00000047547	0.418847485639934	3.23075835945567e-8	0.281436749052101	3.9698604312209e-4	TRUE	1.488247313297365	1.488247313297365	-0.13741073658783304	NFAT5-independent
Frrs1	ENSMUSG00000033386	-0.187820037106138	0.0218896870733828	-0.412720388321136	1.44617197150709e-7	TRUE	0.4550781653170864	0.4550781653170864	-0.224900351214998	Strongly NFAT5-dependent
Basp1	ENSMUSG00000045763	0.701550303111844	8.85836117697784e-16	0.535599627857072	1.9358176986823e-9	TRUE	1.3098409084389	1.3098409084389	-0.16595067525477192	NFAT5-independent
Deaf1	ENSMUSG00000058886	0.265523265674652	0.00177822161641702	0.252619498427214	0.00323443448473142	TRUE	1.05107985459466	1.05107985459466	-0.012903767247438025	NFAT5-independent
Arhgap27	ENSMUSG00000034255	-0.61364082328518	1.1451353739128601e-14	-0.476609508379278	2.9080913537547404e-9	TRUE	1.2875127593905549	1.2875127593905549	0.13703131490590198	NFAT5-independent
Mapkap1	ENSMUSG00000038696	-1.36678456636895	7.38723033420146e-68	-1.22546492227216	1.40344055905877e-54	TRUE	1.1153192078601206	1.1153192078601206	0.14131964409678988	NFAT5-independent
Ifi30	ENSMUSG00000031838	0.968474521465844	1.56329246001198e-37	0.43950035999924	4.14664330143215e-8	TRUE	2.203580723955536	2.203580723955536	-0.528974161466604	NFAT5-independent
Bahd1	ENSMUSG00000040007	0.192512906970795	0.037345988104873	0.434595359275495	2.23224750248278e-7	TRUE	0.4429704617456784	0.4429704617456784	0.24208245230469996	Strongly NFAT5-dependent
Egln3	ENSMUSG00000035105	0.7366503363258	2.18914895666311e-23	0.310389712173206	9.97347138948233e-5	TRUE	2.373307836680904	2.373307836680904	-0.426260624152594	NFAT5-independent
Mrpl24	ENSMUSG00000019710	-0.421899518458798	1.10713813372259e-6	-0.283682038645538	0.00152066442989983	TRUE	1.4872267573695892	1.4872267573695892	0.13821747981326	NFAT5-independent
Tmem39a	ENSMUSG00000002845	-0.0600416606899746	0.546333419602153	-0.282057398524564	2.9665993789011e-4	TRUE	0.21287036257177155	0.21287036257177155	-0.22201573783458942	Strongly NFAT5-dependent
Tbcel	ENSMUSG00000037287	0.357197683681954	7.05554275395376e-6	0.353032176425522	1.08692622060698e-5	TRUE	1.011799228327027	1.011799228327027	-0.0041655072564319995	NFAT5-independent
St6galnac6	ENSMUSG00000026811	0.642222207911033	1.0466688905468499e-18	0.444030111766156	4.07340865155038e-9	TRUE	1.4463483238930717	1.4463483238930717	-0.19819209614487704	NFAT5-independent
Ptpn5	ENSMUSG00000030854	1.03688290709114	4.9736996704939003e-39	1.14854462612328	2.91807339379908e-47	TRUE	0.9027798167416139	0.9027798167416139	0.11166171903213984	Partially dependent
Nbas	ENSMUSG00000020576	-0.922971385235482	5.7050334506887595e-31	-0.690914778322827	3.69528975546832e-18	TRUE	1.335868639944227	1.335868639944227	0.23205660691265495	NFAT5-independent
Erg28	ENSMUSG00000021252	-0.573433113606994	8.66518191211146e-14	-0.497519984329924	1.63107915069765e-10	TRUE	1.1525830753900514	1.1525830753900514	0.07591312927707	NFAT5-independent
Crtc1	ENSMUSG00000003575	0.174903970144813	0.0323808626484455	0.281142808222777	2.1290135577486e-4	TRUE	0.6221178882378504	0.6221178882378504	0.106238838077964	Strongly NFAT5-dependent
Hipk2	ENSMUSG00000061436	0.07497305136963	0.453605222399027	0.334932087335876	3.80600366909478e-6	TRUE	0.22384553228680557	0.22384553228680557	0.259959035966246	Strongly NFAT5-dependent
Osbpl11	ENSMUSG00000022807	0.38721048995893	7.53991230961067e-7	0.287682187257207	3.8993081044533e-4	TRUE	1.3459661637400513	1.3459661637400513	-0.09952830270172297	NFAT5-independent
Gtf2h3	ENSMUSG00000029387	-0.994724901950044	2.40444565639478e-35	-0.859100889797285	1.42113211534814e-26	TRUE	1.157867386430901	1.157867386430901	0.135624012152759	NFAT5-independent
Nelfe	ENSMUSG00000024369	-0.702976134693931	1.48700259414352e-20	-0.479802997482554	2.5272614349169303e-10	TRUE	1.4651349374270881	1.4651349374270881	0.22317313721137705	NFAT5-independent
Map3k2	ENSMUSG00000024383	0.583850212466931	1.3710139759099601e-14	0.404926334444717	2.74534732621764e-7	TRUE	1.4418677245765597	1.4418677245765597	-0.17892387802221404	NFAT5-independent
Fbxl19	ENSMUSG00000030811	1.15063428254206	1.26995345723245e-54	1.04088485767259	1.5287598975894897e-43	TRUE	1.1054385833941986	1.1054385833941986	-0.10974942486946992	NFAT5-independent
Nhlrc2	ENSMUSG00000025078	-0.158698809819289	0.103828897067768	-0.287527056319896	0.00134134887890756	TRUE	0.5519439173846803	0.5519439173846803	-0.128828246500607	Strongly NFAT5-dependent
Dyrk3	ENSMUSG00000016526	0.909915144977447	1.70056732699847e-36	0.83797961507221	3.34139177296127e-30	TRUE	1.0858440093426833	1.0858440093426833	-0.071935529905237	NFAT5-independent
Sh3bp5l	ENSMUSG00000013646	0.851683076561146	5.0149321361932e-30	0.597115941247294	1.18109543415432e-14	TRUE	1.4263278163066555	1.4263278163066555	-0.254567135313852	NFAT5-independent
Gtf2h4	ENSMUSG00000001524	-0.608393892977483	2.74005282840838e-16	-0.574349778400453	2.7425783068581202e-14	TRUE	1.0592741842294113	1.0592741842294113	0.03404411457703005	NFAT5-independent
Dhodh	ENSMUSG00000031730	-0.589485328681061	1.4705317431335602e-14	-0.530263558148077	8.64989410614867e-12	TRUE	1.1116836516916484	1.1116836516916484	0.05922177053298394	NFAT5-independent
Carhsp1	ENSMUSG00000008393	0.934769795646263	3.81489252919714e-34	0.435093507996462	9.83376224259074e-8	TRUE	2.1484342525604037	2.1484342525604037	-0.49967628764980093	NFAT5-independent
Washc1	ENSMUSG00000024101	0.565336847327206	1.7407649604233102e-14	0.568285070131917	2.49725555128233e-14	TRUE	0.9948120706320394	0.9948120706320394	0.002948222804710965	Partially dependent
Lpin2	ENSMUSG00000024052	0.0880459984554992	0.378544387480486	0.262085118066837	9.0596118222907e-4	TRUE	0.3359442882714374	0.3359442882714374	0.17403911961133778	Strongly NFAT5-dependent
Prrc1	ENSMUSG00000024594	-0.722360896721401	1.69763666405302e-21	-0.558542371924756	2.37121845188242e-13	TRUE	1.293296503597607	1.293296503597607	0.16381852479664505	NFAT5-independent
Sos1	ENSMUSG00000024241	0.458418592697461	3.1026371896919902e-9	0.391804696255328	7.24001695621621e-7	TRUE	1.1700181163696992	1.1700181163696992	-0.066613896442133	NFAT5-independent
Vgll4	ENSMUSG00000030315	0.594896396023015	2.11979705435242e-15	0.259759692092241	0.00141795835387884	TRUE	2.2901797859067625	2.2901797859067625	-0.33513670393077405	NFAT5-independent
Ermp1	ENSMUSG00000046324	-0.624286972230567	5.426624995754981e-15	-0.265681620156486	0.00121984794814578	TRUE	2.349755966795381	2.349755966795381	0.35860535207408095	NFAT5-independent
Hsdl1	ENSMUSG00000034189	0.449647175581234	4.48302996732465e-10	0.429478472412969	5.83894165600007e-9	TRUE	1.0469609176333095	1.0469609176333095	-0.020168703168265023	NFAT5-independent
Kti12	ENSMUSG00000073775	0.308671477537172	1.2477683308222e-4	0.294462968731212	2.9432932393232e-4	TRUE	1.0482522772462082	1.0482522772462082	-0.014208508805959974	NFAT5-independent
Dennd3	ENSMUSG00000036661	0.919629767957739	1.5222694097204298e-34	0.330759285892114	4.81455570231822e-5	TRUE	2.780359636698759	2.780359636698759	-0.588870482065625	NFAT5-independent
Chmp2a	ENSMUSG00000033916	-0.387785106651964	3.93145851440538e-7	-0.388758642083589	5.34183398563716e-7	TRUE	0.997495784463061	0.997495784463061	-9.735354316250389e-4	Partially dependent
Klhl20	ENSMUSG00000026705	-0.263349774629967	0.00123940844412899	-0.250762520372647	0.00237510416038393	TRUE	1.050195915396825	1.050195915396825	0.01258725425731999	NFAT5-independent
Gm12960	ENSMUSG00000100514	-0.665145673756597	5.29124359554054e-18	-0.511509907414299	4.0796084332793196e-11	TRUE	1.3003573618327986	1.3003573618327986	0.15363576634229792	NFAT5-independent
Mlh1	ENSMUSG00000032498	-0.850323991334948	4.68632133802445e-26	-0.613445512019971	2.28960831420481e-14	TRUE	1.3861442861240874	1.3861442861240874	0.23687847931497696	NFAT5-independent
Cyb5r3	ENSMUSG00000018042	-0.330554456440471	4.07428209347073e-5	-0.290376024826942	3.899099871203e-4	TRUE	1.1383669042148865	1.1383669042148865	0.040178431613528964	NFAT5-independent
Mvb12a	ENSMUSG00000031813	0.327653578470313	2.44157573576323e-5	0.379229222310964	8.52312563630384e-7	TRUE	0.8639987616820323	0.8639987616820323	0.051575643840651	Partially dependent
Pdlim2	ENSMUSG00000022090	-0.576749829035712	8.317930213132119e-13	-0.549452963933643	1.7289950731665197e-11	TRUE	1.0496800761736644	1.0496800761736644	0.02729686510206908	NFAT5-independent
Sars2	ENSMUSG00000070699	-0.20087831643174	0.0132829582960476	-0.27862828646015	4.2606414695095e-4	TRUE	0.7209544981373242	0.7209544981373242	-0.07774997002840997	Partially dependent
Hmg20b	ENSMUSG00000020232	0.474744080758923	1.29607710218445e-8	0.368170861901597	1.76170573109953e-5	TRUE	1.2894667391842933	1.2894667391842933	-0.10657321885732601	NFAT5-independent
Pla2g12a	ENSMUSG00000027999	-0.629908881899451	3.83248481670863e-18	-0.309153001089777	1.5171352997075e-5	TRUE	2.037531189019665	2.037531189019665	0.32075588080967404	NFAT5-independent
Actr8	ENSMUSG00000015971	0.297715250881051	2.8500089206348e-4	0.272057825758591	0.00109184130237524	TRUE	1.0943087192986207	1.0943087192986207	-0.025657425122459998	NFAT5-independent
Pex6	ENSMUSG00000002763	-0.531412080685721	5.0212539102622e-12	-0.562133691247601	7.32164017872692e-13	TRUE	0.9453482133517093	0.9453482133517093	-0.030721610561880053	Partially dependent
Ecsit	ENSMUSG00000066839	-0.35568063919014	6.79649922428264e-6	-0.414514934342514	2.20256655930701e-7	TRUE	0.8580647154590594	0.8580647154590594	-0.05883429515237404	Partially dependent
Rabgap1	ENSMUSG00000035437	0.317317346668413	5.90506899191685e-5	0.263898253527507	0.00116648563630114	TRUE	1.2024230642941256	1.2024230642941256	-0.05341909314090598	NFAT5-independent
Dnaaf5	ENSMUSG00000025857	-0.203949439025121	0.0133851190332863	-0.470091766316222	4.72049121075544e-9	TRUE	0.433850268477002	0.433850268477002	-0.266142327291101	Strongly NFAT5-dependent
Snx19	ENSMUSG00000031993	-0.906797401291107	1.7930567348704e-31	-0.562298767834952	2.41730805763077e-13	TRUE	1.6126611921676368	1.6126611921676368	0.34449863345615495	NFAT5-independent
Tmem163	ENSMUSG00000026347	-0.153934243927797	0.075098381267685907	-0.469318766121814	6.31199050437358e-9	TRUE	0.32799507507407577	0.32799507507407577	-0.315384522194017	Strongly NFAT5-dependent
Arl6ip6	ENSMUSG00000026960	-0.198140295922571	0.012870361475773	-0.308871769635149	5.85738896100559e-5	TRUE	0.6414969427494841	0.6414969427494841	-0.110731473712578	Strongly NFAT5-dependent
Zfp36l1	ENSMUSG00000021127	0.442020557138633	1.82705360065366e-8	0.536910900482395	6.38186176073095e-12	TRUE	0.8232661261700843	0.8232661261700843	0.09489034334376201	Partially dependent
Bnip3l	ENSMUSG00000022051	0.514673463903655	2.6982378759498497e-11	0.616469285205423	7.28773006262802e-16	TRUE	0.8348728416082448	0.8348728416082448	0.10179582130176801	Partially dependent
Rb1cc1	ENSMUSG00000025907	0.693136323447656	9.50788185849966e-21	0.67275041752618	3.67407992226742e-19	TRUE	1.030302331132604	1.030302331132604	-0.020385905921475933	NFAT5-independent
Lrrc45	ENSMUSG00000025145	0.417461763058017	2.5759929110232e-8	0.432098989310841	1.12564275328153e-8	TRUE	0.9661252939374632	0.9661252939374632	0.014637226252823987	Partially dependent
Pwwp2a	ENSMUSG00000044950	0.532677854013042	1.2639075075879e-11	0.352493653248611	1.72410482387446e-5	TRUE	1.5111700568331894	1.5111700568331894	-0.18018420076443104	NFAT5-independent
Cdk5rap2	ENSMUSG00000039298	-0.626729944060191	1.04434074966677e-16	-0.569403775004302	9.78866764937387e-14	TRUE	1.1006775359988716	1.1006775359988716	0.057326169055889054	NFAT5-independent
Gmppa	ENSMUSG00000033021	-0.924319742985847	5.7050334506887595e-31	-0.752883790240992	5.0025812603981995e-21	TRUE	1.2277057295787703	1.2277057295787703	0.171435952744855	NFAT5-independent
Klhl21	ENSMUSG00000073700	0.591271608045445	4.2797844640476005e-16	0.403529954448095	9.33198460897461e-8	TRUE	1.4652483701095322	1.4652483701095322	-0.18774165359735	NFAT5-independent
Lmbrd2	ENSMUSG00000039704	0.408093498365753	3.1364117308973e-7	0.325212228340881	7.2883522473987e-5	TRUE	1.254852870839769	1.254852870839769	-0.082881270024872	NFAT5-independent
Wdr70	ENSMUSG00000039828	0.418340151910415	1.86064590614002e-8	0.413396086742066	3.99930472029983e-8	TRUE	1.0119596322435287	1.0119596322435287	-0.004944065168348999	NFAT5-independent
Axl	ENSMUSG00000002602	-0.323175459314994	5.25360108397363e-5	-0.432233636077267	7.82542243622717e-8	TRUE	0.7476869737579203	0.7476869737579203	-0.10905817676227303	Partially dependent
Ppp1r13b	ENSMUSG00000021285	1.0714178687363	1.08139375811341e-44	0.565830199344851	2.19802329350891e-12	TRUE	1.893532494336368	1.893532494336368	-0.5055876693914491	NFAT5-independent
Fbxw5	ENSMUSG00000015095	-0.868156226856191	2.7650580001772e-29	-0.594427408306316	1.04670153545933e-14	TRUE	1.4604915835388583	1.4604915835388583	0.27372881854987496	NFAT5-independent
Mrpl11	ENSMUSG00000024902	-0.37021290854549	9.64555711381735e-6	-0.351126815884354	3.30544972951299e-5	TRUE	1.054356693358966	1.054356693358966	0.019086092661135978	NFAT5-independent
Gins2	ENSMUSG00000031821	-0.816978174420983	2.23261788682592e-26	-0.695452760051007	2.59610136998958e-19	TRUE	1.1747428744995747	1.1747428744995747	0.12152541436997599	NFAT5-independent
Scfd1	ENSMUSG00000020952	-0.547641595595411	1.8733069353882601e-10	-0.429344177495208	7.97837824849844e-7	TRUE	1.2755305051307546	1.2755305051307546	0.11829741810020306	NFAT5-independent
Fam222b	ENSMUSG00000037750	0.46058531619031	2.3300032156326802e-9	0.285375249872536	4.3999657821491e-4	TRUE	1.6139637771531774	1.6139637771531774	-0.17521006631777403	NFAT5-independent
Tbxa2r	ENSMUSG00000034881	1.00499202725139	1.57192976850469e-38	0.838540253020063	2.87660186150155e-26	TRUE	1.198501829377706	1.198501829377706	-0.16645177423132695	NFAT5-independent
Phactr4	ENSMUSG00000066043	0.889114218026949	3.155968185431e-29	0.651459681979746	2.03644583349861e-15	TRUE	1.3648031376630791	1.3648031376630791	-0.237654536047203	NFAT5-independent
Lrch3	ENSMUSG00000022801	0.509089915887802	1.2936229340009599e-11	0.2980534209989	1.7848100160885e-4	TRUE	1.7080492288316356	1.7080492288316356	-0.21103649488890197	NFAT5-independent
Gcc2	ENSMUSG00000038039	0.155607251574875	0.0689606738315593	0.327798390838949	1.7974779066881e-5	TRUE	0.4747041349917016	0.4747041349917016	0.172191139264074	Strongly NFAT5-dependent
Parn	ENSMUSG00000022685	-1.03404750663687	2.59767086336563e-41	-0.90608541369358	1.2523060027257998e-31	TRUE	1.1412251990920628	1.1412251990920628	0.12796209294328997	NFAT5-independent
Ap3s2	ENSMUSG00000063801	-0.954000425500172	5.57566815464337e-33	-0.666505792483867	3.62565059043175e-17	TRUE	1.431346038186553	1.431346038186553	0.28749463301630496	NFAT5-independent
Itga4	ENSMUSG00000027009	0.933728620509169	2.40270653502467e-33	1.72023132867627	6.785758491505039e-118	TRUE	0.5427924750258325	0.5427924750258325	0.786502708167101	Strongly NFAT5-dependent
Ccdc115	ENSMUSG00000042111	-0.395083583944622	8.51110062166709e-7	-0.322019831175324	7.91887242333568e-5	TRUE	1.226892090784056	1.226892090784056	0.073063752769298	NFAT5-independent
Zfp407	ENSMUSG00000048410	0.267886201668943	0.00114803025387351	0.401110204407949	4.06325501990742e-7	TRUE	0.6678618462583152	0.6678618462583152	0.13322400273900598	Strongly NFAT5-dependent
Epc1	ENSMUSG00000024240	0.440500666122983	1.4813107747016e-9	0.294760413619367	1.1209091210742e-4	TRUE	1.4944363142732415	1.4944363142732415	-0.145740252503616	NFAT5-independent
Faap100	ENSMUSG00000025384	-0.559306617662662	7.24114373157304e-13	-0.567829866898904	7.89882566641621e-13	TRUE	0.9849897835018961	0.9849897835018961	-0.008523249236242036	Partially dependent
Nudt19	ENSMUSG00000034875	-0.678683049726364	1.49733798547643e-17	-0.518006900205507	9.909455475111149e-11	TRUE	1.3101814849514795	1.3101814849514795	0.16067614952085696	NFAT5-independent
Etaa1	ENSMUSG00000016984	0.557648227198743	1.1611378106440199e-11	0.306634606166694	3.9325562123519e-4	TRUE	1.8186082587677395	1.8186082587677395	-0.25101362103204894	NFAT5-independent
Rsu1	ENSMUSG00000026727	0.390797271729946	3.09306701057221e-7	0.513604385273049	1.19653859114481e-11	TRUE	0.760891618014876	0.760891618014876	0.12280711354310297	Partially dependent
Jmy	ENSMUSG00000021690	0.504756139788576	4.3665938362592304e-9	0.516063168041031	2.6502269746783902e-9	TRUE	0.9780898367628592	0.9780898367628592	0.011307028252454998	Partially dependent
Abcd3	ENSMUSG00000028127	-0.15182172069848	0.0919428571627903	-0.491501391077691	6.5582102991058905e-9	TRUE	0.30889377620191055	0.30889377620191055	-0.339679670379211	Strongly NFAT5-dependent
Sft2d2	ENSMUSG00000040848	0.180957453749561	0.0335082012036905	0.272379424507198	6.2515301637579e-4	TRUE	0.66435801484256	0.66435801484256	0.091421970757637	Strongly NFAT5-dependent
Procr	ENSMUSG00000027611	1.05973766227039	1.78197540650434e-39	0.902920830921006	4.69421623136908e-28	TRUE	1.1736772770979558	1.1736772770979558	-0.15681683134938407	NFAT5-independent
Mrpl36	ENSMUSG00000021607	-0.587875981443331	1.04363006967461e-13	-0.328507448136617	4.02087271605546e-5	TRUE	1.7895362335859428	1.7895362335859428	0.259368533306714	NFAT5-independent
Pced1a	ENSMUSG00000037773	0.104413040513033	0.266238079605885	0.256473110483455	0.00110912380028882	TRUE	0.40711106250559026	0.40711106250559026	0.15206006997042198	Strongly NFAT5-dependent
Adcy6	ENSMUSG00000022994	0.502266550361584	1.72935792778379e-10	0.343787504099644	2.73852412464161e-5	TRUE	1.4609796585742283	1.4609796585742283	-0.15847904626193998	NFAT5-independent
Brca2	ENSMUSG00000041147	-1.61631290665875	1.97929223506814e-73	-1.14249346386926	5.96447737357698e-40	TRUE	1.4147239855402016	1.4147239855402016	0.47381944278948995	NFAT5-independent
Nubp1	ENSMUSG00000022503	-0.615021095151985	7.696582543317539e-16	-0.481263786314297	3.4844393134283903e-10	TRUE	1.2779293033079693	1.2779293033079693	0.133757308837688	NFAT5-independent
Stx12	ENSMUSG00000028879	0.497420502986026	1.71712432279683e-10	0.253888619311536	0.00239090339034172	TRUE	1.959207562492836	1.959207562492836	-0.24353188367449002	NFAT5-independent
Gpr18	ENSMUSG00000050350	0.432020103425315	3.00633888014538e-8	0.351475942905922	1.18896923349931e-5	TRUE	1.229159810635893	1.229159810635893	-0.080544160519393	NFAT5-independent
Snhg6	ENSMUSG00000098234	-0.516030625939169	1.3577747884931699e-11	-0.498732968264634	1.50167443310193e-10	TRUE	1.0346832047913799	1.0346832047913799	0.01729765767453506	NFAT5-independent
Nxt1	ENSMUSG00000036992	0.430248071837599	1.28624713106091e-8	0.398363565900912	2.24696081599133e-7	TRUE	1.080038710027558	1.080038710027558	-0.03188450593668701	NFAT5-independent
Trp53bp2	ENSMUSG00000026510	0.567734261611506	7.67831568422199e-13	0.47983055836519	3.3267892250414103e-9	TRUE	1.1831973843971273	1.1831973843971273	-0.08790370324631597	NFAT5-independent
Mpp1	ENSMUSG00000031402	0.0494517394462781	0.679605893792908	0.922047547367744	7.06169597758414e-33	TRUE	0.053632526421715065	0.053632526421715065	0.8725958079214658	Strongly NFAT5-dependent
Fuca1	ENSMUSG00000028673	-0.458691971855191	2.0363254589504403e-9	-0.284087109925768	2.8956598093955e-4	TRUE	1.6146173333068412	1.6146173333068412	0.17460486192942298	NFAT5-independent
Pxk	ENSMUSG00000033885	0.262285743832433	5.3017205375631e-4	0.252840531277326	0.00102814115895621	TRUE	1.0373564021060657	1.0373564021060657	-0.009445212555107052	NFAT5-independent
Snx18	ENSMUSG00000042364	0.483209376033746	5.87597830878133e-11	0.378185604579031	6.5779211519745e-7	TRUE	1.277704307575694	1.277704307575694	-0.10502377145471498	NFAT5-independent
Arl8a	ENSMUSG00000026426	0.78949235456695	3.61116788145312e-27	0.354282562176129	6.27626124531084e-6	TRUE	2.228425665992727	2.228425665992727	-0.43520979239082097	NFAT5-independent
Qdpr	ENSMUSG00000015806	-0.362753504765227	5.54575268808678e-6	-0.462895372223175	1.00068756243434e-8	TRUE	0.7836619818059732	0.7836619818059732	-0.10014186745794801	Partially dependent
Bin1	ENSMUSG00000024381	-0.81314624296923	3.25003305915159e-25	-1.48160613382672	6.8921378321318e-66	TRUE	0.5488275354726163	0.5488275354726163	-0.6684598908574899	Strongly NFAT5-dependent
Smox	ENSMUSG00000027333	0.705409145328866	8.16735848566191e-18	0.555424282188106	3.87439350973909e-11	TRUE	1.2700365611490578	1.2700365611490578	-0.14998486314075998	NFAT5-independent
Cenpt	ENSMUSG00000036672	0.336172879257345	1.0953109152541e-4	0.255220018840214	0.00456721578107408	TRUE	1.3171885214373145	1.3171885214373145	-0.08095286041713101	NFAT5-independent
4930453N24Rik	ENSMUSG00000059920	0.271011054835813	0.0012447346848919	0.287798956733486	5.5751909227821e-4	TRUE	0.9416679542962371	0.9416679542962371	0.016787901897672985	Partially dependent
Gm5854	ENSMUSG00000115584	0.22174619753671	0.0284741131649827	0.300535339042041	0.00185486509294048	TRUE	0.7378373479921793	0.7378373479921793	0.078789141505331	Partially dependent
Pdlim1	ENSMUSG00000055044	-0.450978238212869	3.65280354398109e-8	-0.350446737631327	2.54856873586819e-5	TRUE	1.2868667040847217	1.2868667040847217	0.10053150058154198	NFAT5-independent
Trappc4	ENSMUSG00000032112	-0.379121985789564	1.97213188380438e-6	-0.327346662678525	5.23286298312159e-5	TRUE	1.1581666441545049	1.1581666441545049	0.051775323111038996	NFAT5-independent
Rev1	ENSMUSG00000026082	0.498885531855301	1.7131320722497897e-11	0.289520431374985	2.3847940020358e-4	TRUE	1.723144475455508	1.723144475455508	-0.20936510048031598	NFAT5-independent
Scarb2	ENSMUSG00000029426	-0.581497294088291	2.542634738964e-5	-0.305625643073953	0.0291999341262529	TRUE	1.9026456295998193	1.9026456295998193	0.27587165101433797	NFAT5-independent
Mapk9	ENSMUSG00000020366	-0.609599559797065	1.81205854775278e-13	-0.585671846074495	3.0805896650234798e-12	TRUE	1.0408551544400626	1.0408551544400626	0.023927713722570076	NFAT5-independent
Uhrf1bp1	ENSMUSG00000039512	0.344902240707401	1.81547641919596e-5	0.251852754719054	0.00268240989641522	TRUE	1.3694598698836757	1.3694598698836757	-0.093049485988347	NFAT5-independent
Kdm5b	ENSMUSG00000042207	0.795704493248056	1.1401834289420401e-24	0.62949668760174	3.1238168118542303e-15	TRUE	1.2640328518320492	1.2640328518320492	-0.166207805646316	NFAT5-independent
Slc37a3	ENSMUSG00000029924	-0.0687196526523187	0.518460408536728	0.263956969176641	0.00109789845958573	FALSE	-0.2603441495281424	0.2603441495281424	0.33267662182895974	Strongly NFAT5-dependent
Plcb3	ENSMUSG00000024960	1.02351732649865	5.8208743643362395e-31	0.866825587651475	6.04349534690458e-22	TRUE	1.1807650132614407	1.1807650132614407	-0.1566917388471749	NFAT5-independent
Ikbkg	ENSMUSG00000004221	-0.683437556515766	3.2450803067425304e-15	-0.371462000017131	2.11397897508762e-5	TRUE	1.8398586032602189	1.8398586032602189	0.311975556498635	NFAT5-independent
Spire1	ENSMUSG00000024533	-0.0790936041139731	0.439637875947126	-0.461866409398625	5.04801688931588e-8	TRUE	0.1712477948265544	0.1712477948265544	-0.3827728052846519	Strongly NFAT5-dependent
Atg5	ENSMUSG00000038160	-0.469016378830759	1.5669433586467501e-9	-0.345621406159443	1.15913854721451e-5	TRUE	1.3570235247940374	1.3570235247940374	0.123394972671316	NFAT5-independent
Ddx28	ENSMUSG00000045538	0.522415152486933	3.95588154717608e-12	0.421121160236691	5.11922440593893e-8	TRUE	1.2405340833343776	1.2405340833343776	-0.10129399225024205	NFAT5-independent
Sesn3	ENSMUSG00000032009	0.30117185038238	1.5014040866537e-4	0.464932861480298	1.7140477966025e-9	TRUE	0.6477749269507	0.6477749269507	0.16376101109791802	Strongly NFAT5-dependent
Acad9	ENSMUSG00000027710	-0.480435194259151	8.60701680930124e-10	-0.362484061636722	4.32149563787458e-6	TRUE	1.3253967418314754	1.3253967418314754	0.11795113262242901	NFAT5-independent
Gbp5	ENSMUSG00000105504	-2.01108677568436	1.56407132817474e-122	-0.751011985839434	5.34393361892914e-23	TRUE	2.677835791710426	2.677835791710426	1.260074789844926	NFAT5-independent
Mrps16	ENSMUSG00000049960	-0.365918911324773	7.03893792452056e-6	-0.338486228703218	4.08885565563085e-5	TRUE	1.0810451956248057	1.0810451956248057	0.027432682621555016	NFAT5-independent
Plekha5	ENSMUSG00000030231	-0.236428959166635	0.00825593851570319	-0.296009131275535	7.7028545747183e-4	TRUE	0.7987218439777088	0.7987218439777088	-0.059580172108900015	Partially dependent
Zfp644	ENSMUSG00000049606	0.468097313954406	1.65154266302246e-8	0.554289338882815	1.79199716702876e-11	TRUE	0.8444999409475721	0.8444999409475721	0.08619202492840894	Partially dependent
Smarca2	ENSMUSG00000024921	-0.542048218065691	5.71984438443285e-12	-0.297020977996073	2.2158397789149e-4	TRUE	1.8249492736935826	1.8249492736935826	0.245027240069618	NFAT5-independent
Snx12	ENSMUSG00000046032	-0.334747072754587	1.15152186524112e-5	-0.261758786354149	7.838925682218e-4	TRUE	1.278837961533363	1.278837961533363	0.07298828640043797	NFAT5-independent
Maml2	ENSMUSG00000031925	1.18017573581371	2.86348154310303e-50	0.952429496521859	8.72394920477833e-32	TRUE	1.2391213629182514	1.2391213629182514	-0.2277462392918509	NFAT5-independent
Tagap1	ENSMUSG00000052031	0.546250296092412	3.18002913544035e-13	0.711904107450813	1.40789108001907e-21	TRUE	0.767308813610341	0.767308813610341	0.16565381135840096	Partially dependent
Ubl4a	ENSMUSG00000015290	-0.365329689569467	2.85651293890711e-6	-0.268247563301799	7.7496522247729e-4	TRUE	1.3619124254949642	1.3619124254949642	0.09708212626766799	NFAT5-independent
Kxd1	ENSMUSG00000055553	-0.796662301191371	5.7792259470525e-19	-0.519748573340849	6.4736438056592e-9	TRUE	1.5327840076030823	1.5327840076030823	0.27691372785052204	NFAT5-independent
R3hdm4	ENSMUSG00000035781	-0.656362311450053	8.22980735289402e-17	-0.515124743719887	8.495707037611259e-11	TRUE	1.2741812919143478	1.2741812919143478	0.14123756773016594	NFAT5-independent
Vps41	ENSMUSG00000041236	-0.836873569936032	9.25416594585522e-28	-0.559190497633237	2.38272253552813e-13	TRUE	1.49658045599502	1.49658045599502	0.277683072302795	NFAT5-independent
Lama5	ENSMUSG00000015647	0.574882688423042	2.3555716833404e-12	0.565516858865568	8.62813259047042e-12	TRUE	1.0165615390781841	1.0165615390781841	-0.009365829557474004	NFAT5-independent
Elovl6	ENSMUSG00000041220	0.354457927655715	6.90314521468106e-6	0.4552913243962	5.560912614930241e-9	TRUE	0.7785299404195575	0.7785299404195575	0.10083339674048503	Partially dependent
Mrps34	ENSMUSG00000038880	0.412982060143164	1.17117233532697e-7	0.404917221709651	2.86849887411992e-7	TRUE	1.0199172522212354	1.0199172522212354	-0.008064838433513022	NFAT5-independent
Gpalpp1	ENSMUSG00000022008	-0.186784993930112	0.0310461458554225	-0.279528132858505	7.9713666967326e-4	TRUE	0.6682153671618489	0.6682153671618489	-0.09274313892839298	Strongly NFAT5-dependent
Siva1	ENSMUSG00000064326	-0.226389847380425	0.0119981763264103	-0.363095489070977	3.364164606877e-5	TRUE	0.6234994765692914	0.6234994765692914	-0.136705641690552	Strongly NFAT5-dependent
Mecr	ENSMUSG00000028910	-0.857988489607286	4.9565858887663694e-23	-0.476240468733787	3.26886897013261e-8	TRUE	1.8015866897840045	1.8015866897840045	0.381748020873499	NFAT5-independent
Zfp628	ENSMUSG00000074406	0.886141524627146	2.2143746460572198e-25	0.75770387380919	2.84787121472867e-18	TRUE	1.1695090328260616	1.1695090328260616	-0.128437650817956	NFAT5-independent
Akt1s1	ENSMUSG00000011096	0.218638162078768	0.00920092643340715	0.551309197346051	6.29960041068981e-13	TRUE	0.3965799285251741	0.3965799285251741	0.33267103526728303	Strongly NFAT5-dependent
Setd6	ENSMUSG00000031671	0.404040596472024	1.66657349098986e-6	0.561339764319127	1.4621607803677e-11	TRUE	0.7197790396376107	0.7197790396376107	0.15729916784710302	Partially dependent
Mrgbp	ENSMUSG00000027569	0.214535486263782	0.0174999378428703	0.270984945213783	0.00182263893129116	TRUE	0.7916878411622925	0.7916878411622925	0.05644945895000103	Partially dependent
Mfsd6	ENSMUSG00000041439	0.808234603372704	3.0818660023331696e-23	0.795932260982121	4.38284406556878e-22	TRUE	1.015456519346763	1.015456519346763	-0.012302342390583032	NFAT5-independent
AU040320	ENSMUSG00000028830	-0.584476686311547	1.8641166399918e-12	-0.500505600892103	2.4519647195383404e-9	TRUE	1.1677725189683663	1.1677725189683663	0.08397108541944398	NFAT5-independent
Pofut2	ENSMUSG00000020260	0.0224471483667483	0.865118079345823	-0.437513248449331	4.03641388614511e-7	FALSE	-0.05130621403193447	0.05130621403193447	-0.45996039681607925	Strongly NFAT5-dependent
Jarid2	ENSMUSG00000038518	0.334181225971398	3.17199632235055e-5	0.331492808491954	4.18899113760691e-5	TRUE	1.008110032587658	1.008110032587658	-0.002688417479443983	NFAT5-independent
Rb1	ENSMUSG00000022105	-0.462602582094691	6.9801918742415e-8	-0.291205820474527	9.4881670727993e-4	TRUE	1.5885760158944242	1.5885760158944242	0.17139676162016404	NFAT5-independent
Arid3b	ENSMUSG00000004661	0.404577881995595	2.10371713265603e-7	0.268314717677827	0.00106936499859279	TRUE	1.507848266755844	1.507848266755844	-0.13626316431776803	NFAT5-independent
Bard1	ENSMUSG00000026196	-0.477731492878289	7.33515759551648e-10	-0.575891923667627	3.90260076097152e-13	TRUE	0.8295506035851429	0.8295506035851429	-0.098160430789338	Partially dependent
Psmg2	ENSMUSG00000024537	-1.09570166771622	3.32463365815199e-42	-0.901348067193573	3.70257384097816e-29	TRUE	1.2156254698895446	1.2156254698895446	0.19435360052264694	NFAT5-independent
Pepd	ENSMUSG00000063931	-0.131545206929038	0.226206683573351	-0.450271856766252	1.68344739015407e-6	TRUE	0.292146188912994	0.292146188912994	-0.318726649837214	Strongly NFAT5-dependent
Gm13050	ENSMUSG00000082575	0.351734505618411	7.29385605405422e-5	0.32697419252043203	2.6434749309503e-4	TRUE	1.0757255883319652	1.0757255883319652	-0.024760313097978992	NFAT5-independent
Fbxo34	ENSMUSG00000037536	0.551429705398097	7.951622071849291e-14	0.387500694948098	4.9389351284136e-7	TRUE	1.4230418489235372	1.4230418489235372	-0.16392901044999897	NFAT5-independent
Ankle1	ENSMUSG00000046295	-1.00807583666871	1.44816972980218e-36	-0.510033647342017	5.014028502960749e-11	TRUE	1.9764888883746865	1.9764888883746865	0.498042189326693	NFAT5-independent
Lrpap1	ENSMUSG00000029103	-0.451708455401561	2.85356794024722e-7	-0.436448061764646	9.41474289316465e-7	TRUE	1.034964970574538	1.034964970574538	0.015260393636915004	NFAT5-independent
Ldah	ENSMUSG00000037669	-0.48547019291406	2.20115641821998e-8	-0.403236510062203	4.36653911941839e-6	TRUE	1.2039341200507159	1.2039341200507159	0.082233682851857	NFAT5-independent
Crls1	ENSMUSG00000027357	0.440515917629382	4.08009171287585e-7	0.319277517086229	3.8887082187999e-4	TRUE	1.3797273345445416	1.3797273345445416	-0.12123840054315305	NFAT5-independent
Pced1b	ENSMUSG00000044250	0.378623283582425	3.73850383735147e-6	0.448184623565414	3.22762601304937e-8	TRUE	0.8447931135396565	0.8447931135396565	0.06956133998298902	Partially dependent
Cox15	ENSMUSG00000040018	-0.433278953541879	6.50196724142785e-8	-0.627792272903618	2.8132174843508802e-14	TRUE	0.6901629284761812	0.6901629284761812	-0.19451331936173905	Partially dependent
1810037I17Rik	ENSMUSG00000054091	0.803379461805342	2.8497686807665903e-21	-0.422761869655968	1.24597702105002e-5	FALSE	-1.900312018345245	1.900312018345245	-1.22614133146131	NFAT5-independent (Opposite direction)
Tmem134	ENSMUSG00000024845	-0.473521933496683	1.3755295715637e-7	-0.391312446383723	1.7188530563308e-5	TRUE	1.2100865634934213	1.2100865634934213	0.08220948711296	NFAT5-independent
Ifi47	ENSMUSG00000078920	-0.227676474459733	0.0181593010817451	0.322319904782988	3.3009414586016e-4	FALSE	-0.7063680246897048	0.7063680246897048	0.5499963792427209	NFAT5-independent (Opposite direction)
Alg3	ENSMUSG00000033809	-0.693608461245329	1.5486480536109102e-15	-0.596951639342984	1.0645874821693899e-11	TRUE	1.1619173405884726	1.1619173405884726	0.09665682190234504	NFAT5-independent
Fanci	ENSMUSG00000039187	-1.34541253296139	8.22211569617512e-53	-0.969648612834215	2.88982933588064e-29	TRUE	1.3875258677768263	1.3875258677768263	0.37576392012717497	NFAT5-independent
Dlg4	ENSMUSG00000020886	0.332823856274592	8.47862988350893e-5	0.350042662509505	3.68862569632363e-5	TRUE	0.9508094067406843	0.9508094067406843	0.01721880623491301	Partially dependent
Zgrf1	ENSMUSG00000051278	-0.602975168420298	1.25769661106957e-14	-0.533226135083506	1.72413640859647e-11	TRUE	1.130805729028771	1.130805729028771	0.06974903333679194	NFAT5-independent
Sgf29	ENSMUSG00000030714	0.574170613267862	6.707683231780789e-11	0.433520073930483	1.54147078479318e-6	TRUE	1.3244383542892941	1.3244383542892941	-0.14065053933737903	NFAT5-independent
Hmgb3	ENSMUSG00000015217	-0.00181057801799288	0.980109520174383	-0.391432662165997	3.07210672352127e-6	TRUE	0.004625515939252556	0.004625515939252556	-0.3896220841480041	Strongly NFAT5-dependent
Cers6	ENSMUSG00000027035	0.57158490949982	1.73703837979436e-11	0.381880789795185	1.46049482763066e-5	TRUE	1.4967626672354464	1.4967626672354464	-0.18970411970463497	NFAT5-independent
C330007P06Rik	ENSMUSG00000006423	-0.446426401538163	9.172659954815191e-9	-0.435564043847363	3.94597022880229e-8	TRUE	1.0249386005209524	1.0249386005209524	0.010862357690799962	NFAT5-independent
Heca	ENSMUSG00000039879	0.943125646601179	6.81683622521767e-29	1.02833834427267	8.74905617057224e-34	TRUE	0.9171355438158239	0.9171355438158239	0.08521269767149087	Partially dependent
Gen1	ENSMUSG00000051235	-0.881714634293924	8.875731989827739e-28	-0.879282417744016	9.57017224014302e-27	TRUE	1.0027661380471458	1.0027661380471458	0.002432216549907995	NFAT5-independent
Aar2	ENSMUSG00000027628	0.593336445302456	1.01929871546131e-14	0.313673594710291	1.136783213303e-4	TRUE	1.8915728174392927	1.8915728174392927	-0.279662850592165	NFAT5-independent
Pdk1	ENSMUSG00000006494	-1.16575806084481	3.27960050916186e-49	-0.780209116334628	7.24941523149011e-24	TRUE	1.4941610350843706	1.4941610350843706	0.38554894451018196	NFAT5-independent
Bcl7b	ENSMUSG00000029681	0.552001117051401	1.8557388525018197e-11	0.448364961712695	1.08807126619851e-7	TRUE	1.231142404488588	1.231142404488588	-0.10363615533870596	NFAT5-independent
Btla	ENSMUSG00000052013	-0.199254705863611	0.0272724958797999	-0.625890035495823	9.32527514994135e-13	TRUE	0.31835417495625035	0.31835417495625035	-0.426635329632212	Strongly NFAT5-dependent
Gm7536	ENSMUSG00000057036	-0.00272307765721592	0.991185391154391	0.313503838314146	0.0234572201614886	FALSE	-0.008685946787315773	0.008685946787315773	0.31622691597136193	Strongly NFAT5-dependent
B3gat3	ENSMUSG00000071649	-0.0416191042350637	0.725305817951339	-0.259511740417824	0.00239773555444222	TRUE	0.1603746488234225	0.1603746488234225	-0.21789263618276028	Strongly NFAT5-dependent
Ppp1r11	ENSMUSG00000036398	-0.562069416830535	9.055528803831359e-11	-0.576431990481051	5.8192412465431096e-11	TRUE	0.9750836631420648	0.9750836631420648	-0.014362573650515964	Partially dependent
Spred2	ENSMUSG00000045671	0.83036863965369	4.79051585611624e-24	0.746260562932156	4.2701222207358797e-19	TRUE	1.1127060451795312	1.1127060451795312	-0.08410807672153398	NFAT5-independent
Mrpl40	ENSMUSG00000022706	-0.626093826067011	3.79250194725595e-12	-0.686219772709534	7.3144778839067e-14	TRUE	0.9123809178433957	0.9123809178433957	-0.06012594664252302	Partially dependent
Nt5c2	ENSMUSG00000025041	-0.581631313056379	7.73469919341323e-13	-0.505379904430163	7.737385272981881e-10	TRUE	1.1508793839204838	1.1508793839204838	0.07625140862621604	NFAT5-independent
Def8	ENSMUSG00000001482	-0.774361711806671	1.24968272195152e-21	-0.643985149966649	2.9982637047072202e-15	TRUE	1.2024527457609449	1.2024527457609449	0.130376561840022	NFAT5-independent
Ormdl3	ENSMUSG00000038150	1.29792584748532	3.56798150061738e-55	1.04556643040281	1.09861382706795e-34	TRUE	1.2413614379196232	1.2413614379196232	-0.25235941708250986	NFAT5-independent
Fbf1	ENSMUSG00000020776	-0.832721282227248	4.0950643520545e-21	-0.72564289762422	3.67667453458085e-16	TRUE	1.1475634708940257	1.1475634708940257	0.10707838460302799	NFAT5-independent
Galnt12	ENSMUSG00000039774	-0.435112183763459	5.69682273762069e-8	-0.311094705228249	1.2627140965884e-4	TRUE	1.3986486315934528	1.3986486315934528	0.12401747853521	NFAT5-independent
Nfs1	ENSMUSG00000027618	-0.598502671281786	2.99956988163321e-14	-0.582363743617054	3.59612523240195e-13	TRUE	1.0277127960688166	1.0277127960688166	0.016138927664732017	NFAT5-independent
Ankrd46	ENSMUSG00000048307	-0.267482140874177	0.00169012565598666	-0.307919699547493	2.9029195914803e-4	TRUE	0.868674986586628	0.868674986586628	-0.040437558673316	Partially dependent
Rab11fip1	ENSMUSG00000031488	0.45237053326053	7.69224831028556e-8	0.330943847602888	1.5130560300378e-4	TRUE	1.3669102373020892	1.3669102373020892	-0.12142668565764203	NFAT5-independent
Mtrr	ENSMUSG00000034617	-1.16479135111113	3.54181887985442e-41	-0.99248509812875	2.4397850609759396e-30	TRUE	1.1736109220251765	1.1736109220251765	0.17230625298238011	NFAT5-independent
Entpd6	ENSMUSG00000033068	-0.357586844857005	1.69118500966951e-5	-0.276210144597837	0.00116644559331212	TRUE	1.294618796053464	1.294618796053464	0.08137670025916799	NFAT5-independent
BC031181	ENSMUSG00000036299	-0.464557793261353	1.9403091742012e-8	-0.457598092531221	4.70251719750254e-8	TRUE	1.0152091996092776	1.0152091996092776	0.006959700730131968	NFAT5-independent
Tnik	ENSMUSG00000027692	0.784974072618461	8.1767603738429e-23	0.521769473276833	3.2528626831649503e-10	TRUE	1.504446144939531	1.504446144939531	-0.263204599341628	NFAT5-independent
Clcc1	ENSMUSG00000027884	-0.339053447450156	5.20793515261974e-5	-0.440777304563836	1.71910132538632e-7	TRUE	0.7692171169875925	0.7692171169875925	-0.10172385711368004	Partially dependent
Ccnc	ENSMUSG00000028252	-0.420288473836728	1.81065639140767e-7	-0.528462523791665	9.56765728225643e-11	TRUE	0.7953042172625616	0.7953042172625616	-0.10817404995493701	Partially dependent
Sptssa	ENSMUSG00000044408	-0.49358413795795	4.85767956244939e-10	-0.65342797861308	1.3161096230829801e-15	TRUE	0.7553764976602269	0.7553764976602269	-0.15984384065513002	Partially dependent
Lnpk	ENSMUSG00000009207	-0.587693006221432	3.26923745895714e-11	-0.729597827491354	9.37008899296616e-16	TRUE	0.8055026811718354	0.8055026811718354	-0.1419048212699221	Partially dependent
Txlng	ENSMUSG00000038344	0.29230833036037	0.00150494112051266	0.314298047409427	5.8112233873053e-4	TRUE	0.9300354640116117	0.9300354640116117	0.021989717049057	Partially dependent
Wrap73	ENSMUSG00000029029	0.158686341480726	0.107458305374493	0.307850428497145	3.9401164432233e-4	TRUE	0.5154657157873589	0.5154657157873589	0.149164087016419	Strongly NFAT5-dependent
Brip1	ENSMUSG00000034329	-0.245715609937728	0.00487315309444582	-0.308253339128804	3.4984511579417e-4	TRUE	0.797122297627587	0.797122297627587	-0.06253772919107597	Partially dependent
Rab5b	ENSMUSG00000000711	-0.639133968255659	3.2685372459579104e-15	-0.461350487471251	1.70450734918076e-8	TRUE	1.3853544877753847	1.3853544877753847	0.17778348078440803	NFAT5-independent
Taf6	ENSMUSG00000036980	-0.637416117169525	8.095502903507531e-15	-0.37313593468824	5.94581852986622e-6	TRUE	1.7082678399819478	1.7082678399819478	0.26428018248128493	NFAT5-independent
Psen2	ENSMUSG00000010609	-0.0816805562844813	0.509603781051078	0.60395510437872	1.2098497224974299e-11	FALSE	-0.1352427617422075	0.1352427617422075	0.6856356606632014	Strongly NFAT5-dependent
Slc5a6	ENSMUSG00000006641	1.01043639518332	1.7121759341587898e-35	0.584893133706641	6.45442951034935e-12	TRUE	1.7275572868839908	1.7275572868839908	-0.425543261476679	NFAT5-independent
Lias	ENSMUSG00000029199	-0.481395287941071	1.95039862845899e-8	-0.358135465686211	3.74238948601409e-5	TRUE	1.3441709466519494	1.3441709466519494	0.12325982225485999	NFAT5-independent
Als2	ENSMUSG00000026024	1.1188015924466	1.99004707456057e-46	0.837659103576188	3.4554321545401295e-25	TRUE	1.335628763144984	1.335628763144984	-0.28114248887041193	NFAT5-independent
Ankrd12	ENSMUSG00000034647	0.392025744348935	9.0030561507552e-7	0.499338793200743	3.12780911747895e-10	TRUE	0.7850897019958426	0.7850897019958426	0.10731304885180798	Partially dependent
Adcy3	ENSMUSG00000020654	-1.04042230576483	1.5961359791784999e-34	-1.16109504719449	5.818895551712579e-40	TRUE	0.8960698853024677	0.8960698853024677	-0.12067274142966	Partially dependent
Marcksl1	ENSMUSG00000047945	1.04976006673616	3.79425068953568e-41	0.59783354927386	3.63862864610014e-13	TRUE	1.7559403750612834	1.7559403750612834	-0.45192651746229995	NFAT5-independent
Ctdsp2	ENSMUSG00000078429	0.365285022879574	1.03105151532453e-5	0.582295401231916	6.24165759248592e-13	TRUE	0.6273190928638103	0.6273190928638103	0.21701037835234205	Strongly NFAT5-dependent
Luzp1	ENSMUSG00000001089	0.475830470600825	1.36925028757482e-8	0.329837767223326	1.6021861892453e-4	TRUE	1.4426197297129124	1.4426197297129124	-0.14599270337749903	NFAT5-independent
Chpf2	ENSMUSG00000038181	0.133574756993443	0.167104902181756	0.331610702930122	5.95075215292809e-5	TRUE	0.40280592819584077	0.40280592819584077	0.198035945936679	Strongly NFAT5-dependent
Ivd	ENSMUSG00000027332	-0.435157423550065	3.09649825525951e-5	-0.300065376532854	0.00495147711760286	TRUE	1.450208713108291	1.450208713108291	0.135092047017211	NFAT5-independent
Tpm1	ENSMUSG00000032366	-0.460418192027638	9.309867443558361e-9	-0.343556322839611	2.65777177180009e-5	TRUE	1.34015345205154	1.34015345205154	0.11686186918802699	NFAT5-independent
Mrpl57	ENSMUSG00000021967	-0.564790702184464	6.31570981741601e-12	-0.557732623601358	2.43730308704511e-11	TRUE	1.0126549502116822	1.0126549502116822	0.007058078583106031	NFAT5-independent
Trip4	ENSMUSG00000032386	-0.351357196528356	2.11878248904869e-5	-0.416575772008388	7.03669798940423e-7	TRUE	0.8434412660016176	0.8434412660016176	-0.065218575480032015	Partially dependent
Fgd3	ENSMUSG00000037946	0.329440548909247	2.49227401445224e-5	0.378337902666304	1.18084885916037e-6	TRUE	0.8707574540841478	0.8707574540841478	0.048897353757057005	Partially dependent
Crcp	ENSMUSG00000025532	-0.233151838963794	0.0144974591164881	-0.378694405503794	3.97637279238246e-5	TRUE	0.6156727841110347	0.6156727841110347	-0.14554256654000003	Strongly NFAT5-dependent
Rnf168	ENSMUSG00000014074	-0.344374260446052	1.97985305330307e-5	-0.328770160135686	5.85738896100559e-5	TRUE	1.0474620333667937	1.0474620333667937	0.01560410031036602	NFAT5-independent
Zfp553	ENSMUSG00000045598	0.438278687840981	2.87743368667013e-8	0.444470771736403	2.60344617658374e-8	TRUE	0.9860686364792188	0.9860686364792188	0.006192083895421974	Partially dependent
Dele1	ENSMUSG00000024442	-0.942814800219187	5.386299956089369e-26	-0.904958748588925	1.6339135464051098e-23	TRUE	1.0418317980673593	1.0418317980673593	0.037856051630261955	NFAT5-independent
Mmgt1	ENSMUSG00000061273	-0.312238283674181	2.0124014458649e-4	-0.761102855648265	8.672229548662909e-19	TRUE	0.4102445304954661	0.4102445304954661	-0.44886457197408397	Strongly NFAT5-dependent
Foxo4	ENSMUSG00000042903	0.406838104531471	1.06213262170363e-6	0.350129116692747	3.85771876251869e-5	TRUE	1.1619659295244746	1.1619659295244746	-0.05670898783872402	NFAT5-independent
Zbtb22	ENSMUSG00000051390	0.168926387908967	0.0602951035623057	0.303125132287658	2.1191639585539e-4	TRUE	0.5572826859788722	0.5572826859788722	0.13419874437869098	Strongly NFAT5-dependent
Oxr1	ENSMUSG00000022307	0.251516180577046	0.00344906133546665	0.467308611388496	6.86815848361915e-9	TRUE	0.5382228669609269	0.5382228669609269	0.21579243081145	Strongly NFAT5-dependent
Lsm8	ENSMUSG00000044155	-0.728761322961816	9.640022781254839e-18	-0.656272444222842	2.07757885844178e-14	TRUE	1.1104554661361947	1.1104554661361947	0.07248887873897392	NFAT5-independent
Zc3h10	ENSMUSG00000039810	0.943671227586036	6.2501393523354e-32	0.749386336004629	9.80540938999639e-20	TRUE	1.2592586523758114	1.2592586523758114	-0.19428489158140705	NFAT5-independent
Rmi2	ENSMUSG00000037991	-1.31959175435752	1.9425870183161002e-48	-0.742245388015928	2.59641035455867e-17	TRUE	1.777837593420254	1.777837593420254	0.577346366341592	NFAT5-independent
Mrps35	ENSMUSG00000040112	-0.352726966694193	2.51978601292352e-5	-0.358702934291172	2.23837036497052e-5	TRUE	0.9833400649236728	0.9833400649236728	-0.005975967596978993	Partially dependent
Cnpy2	ENSMUSG00000025381	-0.529642872503525	1.6943486856485901e-9	-0.464507286023152	1.68323324159887e-7	TRUE	1.1402251125876346	1.1402251125876346	0.06513558648037304	NFAT5-independent
Adora2a	ENSMUSG00000020178	0.607432574940519	7.41925705614795e-12	0.421733620168856	4.26236280682933e-6	TRUE	1.4403228623255406	1.4403228623255406	-0.18569895477166304	NFAT5-independent
Haus2	ENSMUSG00000027285	-0.411262079591233	1.89070098964942e-6	-0.428313040623584	9.28167083104508e-7	TRUE	0.9601904228563147	0.9601904228563147	-0.017050961032350986	Partially dependent
Coa3	ENSMUSG00000017188	-0.751830984682814	8.411135710891791e-17	-0.635017817442946	2.89273110218245e-12	TRUE	1.183952582165717	1.183952582165717	0.1168131672398679	NFAT5-independent
Agpat4	ENSMUSG00000023827	-0.620692330008772	6.077010617045861e-15	-0.6513161191857	1.1687230163650702e-15	TRUE	0.9529816808231079	0.9529816808231079	-0.030623789176927985	Partially dependent
Arhgef3	ENSMUSG00000021895	-0.186517569453246	0.0501737081835558	-0.369547231026308	4.10346888253827e-5	TRUE	0.504719163867765	0.504719163867765	-0.183029661573062	Strongly NFAT5-dependent
Zfp346	ENSMUSG00000021481	0.294030133504832	7.5730752516266e-4	0.266628009556966	0.00268432452571551	TRUE	1.1027728631864218	1.1027728631864218	-0.02740212394786601	NFAT5-independent
Dnph1	ENSMUSG00000040658	-0.837420205139417	2.5159648282492597e-20	-0.815242721254457	7.85299392682965e-19	TRUE	1.027203534980152	1.027203534980152	0.022177483884959992	NFAT5-independent
Tfe3	ENSMUSG00000000134	0.409799442088911	1.11552942869975e-6	0.376484392822661	1.06562556305173e-5	TRUE	1.0884898548289694	1.0884898548289694	-0.03331504926625001	NFAT5-independent
Snhg12	ENSMUSG00000086290	-0.199891963902956	0.0180012819902501	-0.323192458431433	7.40644829162371e-5	TRUE	0.6184920430170375	0.6184920430170375	-0.12330049452847702	Strongly NFAT5-dependent
Ammecr1l	ENSMUSG00000041915	0.451437750956132	3.23397564785136e-8	0.336066569047441	7.23506592519256e-5	TRUE	1.343298597762054	1.343298597762054	-0.115371181908691	NFAT5-independent
Pex19	ENSMUSG00000003464	-0.494859414181559	8.094714795769321e-9	-0.431720920906332	6.58426901473406e-7	TRUE	1.1462483984854785	1.1462483984854785	0.06313849327522697	NFAT5-independent
Slf1	ENSMUSG00000021597	-0.507506918983763	5.078155054300941e-10	-0.516259807489868	5.47869959984653e-10	TRUE	0.9830455743811186	0.9830455743811186	-0.008752888506105005	Partially dependent
Bloc1s6	ENSMUSG00000005804	-0.660848485880022	2.91068552659147e-16	-0.436798722065362	8.16146339267754e-8	TRUE	1.512935941651252	1.512935941651252	0.22404976381465996	NFAT5-independent
Ccdc92	ENSMUSG00000037979	0.735334828059034	4.02368790730106e-19	0.662100485698249	2.8979121902864e-15	TRUE	1.1106091053287062	1.1106091053287062	-0.07323434236078508	NFAT5-independent
Eif1b	ENSMUSG00000006941	-0.393465941752928	2.03969723140817e-6	-0.372405130493573	9.5263264123896e-6	TRUE	1.0565534938561176	1.0565534938561176	0.021060811259354995	NFAT5-independent
Ncf4	ENSMUSG00000071715	-1.00977182272113	4.41011468987185e-33	-0.961187988107534	4.03563833849105e-29	TRUE	1.0505456114877714	1.0505456114877714	0.048583834613596055	NFAT5-independent
Mapk3	ENSMUSG00000063065	-0.491498418005873	5.3668432239162e-10	-0.351059517987534	1.31699607332359e-5	TRUE	1.4000429922065978	1.4000429922065978	0.14043890001833903	NFAT5-independent
Btbd9	ENSMUSG00000062202	0.317118536629221	1.1791319140743e-4	0.297014960760113	3.6514630803242e-4	TRUE	1.0676853981282943	1.0676853981282943	-0.020103575869107992	NFAT5-independent
Recql5	ENSMUSG00000020752	-0.922752364137201	1.3717150284630099e-25	-0.623818110947769	1.1141974680296299e-12	TRUE	1.479200984939761	1.479200984939761	0.298934253189432	NFAT5-independent
Lsm1	ENSMUSG00000037296	0.413044183534672	4.34217797002859e-5	0.375708569056724	2.2848517624619e-4	TRUE	1.0993738699430917	1.0993738699430917	-0.037335614477947976	NFAT5-independent
Rnf157	ENSMUSG00000052949	-0.302338265613053	2.9311711249821e-4	-0.437608651228568	2.28613194740284e-7	TRUE	0.6908873139602038	0.6908873139602038	-0.13527038561551502	Partially dependent
Cetn3	ENSMUSG00000021537	-0.424959848043064	4.18261984623764e-7	-0.26788939238576	0.00191276142494523	TRUE	1.5863257751957682	1.5863257751957682	0.15707045565730404	NFAT5-independent
Soat1	ENSMUSG00000026600	0.230085850298301	0.00841745694989475	0.349014205515321	2.50437440045241e-5	TRUE	0.6592449437941308	0.6592449437941308	0.11892835521701997	Strongly NFAT5-dependent
Vwa8	ENSMUSG00000058997	-0.97864305606348	1.03366024778936e-29	-0.879765219071749	5.6544168842727204e-24	TRUE	1.1123911639699262	1.1123911639699262	0.09887783699173103	NFAT5-independent
Taf11	ENSMUSG00000024218	-0.333361499008986	1.4023050026922e-4	-0.354024487030813	5.75481901977947e-5	TRUE	0.9416340146549563	0.9416340146549563	-0.020662988021827033	Partially dependent
Tns1	ENSMUSG00000055322	0.410767347551113	7.01173793906042e-7	0.347184703406419	4.13222309333587e-5	TRUE	1.183137803943693	1.183137803943693	-0.063582644144694	NFAT5-independent
Itfg1	ENSMUSG00000031703	-0.528844884022273	1.4728758103500801e-9	-0.577136472624284	8.593787135779729e-11	TRUE	0.916325529761747	0.916325529761747	-0.04829158860201099	Partially dependent
Wrap53	ENSMUSG00000041346	0.304459920885947	1.1826666260729e-4	0.284381427154924	4.0964825740449e-4	TRUE	1.0706040965188797	1.0706040965188797	-0.020078493731022995	NFAT5-independent
Xxylt1	ENSMUSG00000047434	-0.780966340619857	1.4533457990737598e-20	-0.588209353634796	3.22670542444315e-12	TRUE	1.3277013291168078	1.3277013291168078	0.19275698698506105	NFAT5-independent
Guk1	ENSMUSG00000020444	-0.412919531123831	4.51386106507034e-6	-0.394950273993115	1.38164523877816e-5	TRUE	1.0454975178243053	1.0454975178243053	0.01796925713071601	NFAT5-independent
Fam168a	ENSMUSG00000029461	0.442109093919098	1.34188317577881e-7	0.321392933073617	2.1721685475567e-4	TRUE	1.3756030342391823	1.3756030342391823	-0.12071616084548098	NFAT5-independent
Ano8	ENSMUSG00000034863	-0.503368124621984	7.211714524707111e-9	-0.561549475805588	2.16624760292738e-10	TRUE	0.8963914068299358	0.8963914068299358	-0.05818135118360401	Partially dependent
Vipas39	ENSMUSG00000021038	-0.509441995801373	1.0392745717025302e-9	-0.295362805415974	5.4808211854017e-4	TRUE	1.7248007753850412	1.7248007753850412	0.21407919038539897	NFAT5-independent
Hdac4	ENSMUSG00000026313	-0.153603395086239	0.090999928815804	-0.323185281719272	1.1100342964628e-4	TRUE	0.4752796732236813	0.4752796732236813	-0.16958188663303303	Strongly NFAT5-dependent
Tsr2	ENSMUSG00000025264	-0.391074998467366	1.44295313045675e-6	-0.462032058984399	1.97690460799461e-8	TRUE	0.8464239458339644	0.8464239458339644	-0.07095706051703299	Partially dependent
Zfp687	ENSMUSG00000019338	0.449501017934558	2.16496027883151e-8	0.471372085683903	5.9355763640565705e-9	TRUE	0.9536012665713695	0.9536012665713695	0.021871067749344997	Partially dependent
Cobll1	ENSMUSG00000034903	0.116775266175359	0.248078101495997	0.288519647649508	7.4738276387098e-4	TRUE	0.40473938993997705	0.40473938993997705	0.171744381474149	Strongly NFAT5-dependent
Yipf1	ENSMUSG00000057375	-0.341154430833247	3.06383480202018e-5	-0.263581450946862	0.00168127736866743	TRUE	1.2943036378611623	1.2943036378611623	0.07757297988638501	NFAT5-independent
Foxred1	ENSMUSG00000039048	-0.396571589563618	1.33347737706063e-6	-0.293815346985502	4.7038465348917e-4	TRUE	1.3497306850454833	1.3497306850454833	0.102756242578116	NFAT5-independent
Resf1	ENSMUSG00000032712	0.188539355522975	0.0498097991915022	0.373998177219306	1.55449352383655e-5	TRUE	0.504118380802746	0.504118380802746	0.18545882169633102	Strongly NFAT5-dependent
Abhd17b	ENSMUSG00000047368	0.386304494862973	2.61929609448928e-5	0.263493202581071	0.00608932038789763	TRUE	1.46608903409611	1.46608903409611	-0.12281129228190202	NFAT5-independent
Oas3	ENSMUSG00000032661	-2.13096847750477	8.665678364503519e-117	-1.39907580994444	5.29392625897981e-59	TRUE	1.5231258108803947	1.5231258108803947	0.7318926675603301	NFAT5-independent
Eme1	ENSMUSG00000039055	-0.622801103545485	8.272994062465879e-12	-0.532130014006269	7.174192882120351e-9	TRUE	1.1703927370241285	1.1703927370241285	0.09067108953921599	NFAT5-independent
Mns1	ENSMUSG00000032221	-0.202013656543795	0.0234632818053538	-0.270673621699168	0.00180730047263951	TRUE	0.746336696112623	0.746336696112623	-0.06865996515537298	Partially dependent
Ripk3	ENSMUSG00000022221	0.342825402235552	1.75593565886299e-5	0.528906180779136	1.21663463416339e-11	TRUE	0.64817809792	0.64817809792	0.18608077854358396	Strongly NFAT5-dependent
Dis3l	ENSMUSG00000032396	-0.519767379486514	3.82409240055247e-10	-0.446285108563581	1.14107602540523e-7	TRUE	1.1646531992954996	1.1646531992954996	0.07348227092293297	NFAT5-independent
Znhit2	ENSMUSG00000075227	0.29074323499048	8.3899042536574e-4	0.405663782122456	1.67074424002709e-6	TRUE	0.7167098661588541	0.7167098661588541	0.11492054713197603	Partially dependent
Nxpe3	ENSMUSG00000075033	-0.174823095294707	0.0607860472777166	-0.251126066506525	0.0046036971581616	TRUE	0.6961567061783471	0.6961567061783471	-0.07630297121181803	Strongly NFAT5-dependent
Thap7	ENSMUSG00000022760	0.274137251060031	0.00188039927611978	0.25241986616538	0.00469476580937723	TRUE	1.0860367498983707	1.0860367498983707	-0.021717384894651026	NFAT5-independent
Mlst8	ENSMUSG00000024142	0.431170716031849	4.48395261330742e-8	0.291272446982422	4.9080114488397e-4	TRUE	1.480300387141904	1.480300387141904	-0.13989826904942698	NFAT5-independent
Orc5	ENSMUSG00000029012	-0.708022090944631	2.52129637961211e-16	-0.71359598215648	4.94801293573592e-16	TRUE	0.9921890098161641	0.9921890098161641	-0.005573891211849036	Partially dependent
Phtf1	ENSMUSG00000058388	-0.721207214259487	4.36074530462466e-19	-0.553633878729481	8.88738147264966e-12	TRUE	1.302678976067298	1.302678976067298	0.16757333553000597	NFAT5-independent
4931406P16Rik	ENSMUSG00000066571	0.660280145925319	1.11208990582041e-16	0.393110599734838	2.46588405810298e-6	TRUE	1.6796294639999354	1.6796294639999354	-0.26716954619048106	NFAT5-independent
E4f1	ENSMUSG00000024137	0.53666669169715	1.17710790219075e-9	0.290213154795417	0.00197981119285617	TRUE	1.8492155949149447	1.8492155949149447	-0.246453536901733	NFAT5-independent
Snap23	ENSMUSG00000027287	0.438975593083351	2.22797038306234e-6	0.317592488338928	9.30368335298e-4	TRUE	1.3821976564347627	1.3821976564347627	-0.12138310474442299	NFAT5-independent
Zfp771	ENSMUSG00000054716	0.407701654794685	3.59606779354581e-6	0.356135469236841	7.14945343758755e-5	TRUE	1.1447937372493244	1.1447937372493244	-0.051566185557844035	NFAT5-independent
Ripk2	ENSMUSG00000041135	0.939024751419859	5.72776438587725e-27	0.378992414811597	4.90359189750426e-5	TRUE	2.4776874542110896	2.4776874542110896	-0.560032336608262	NFAT5-independent
Dctd	ENSMUSG00000031562	-0.4422121659553	2.85186869859874e-7	-0.501762156988935	9.2480986506221e-9	TRUE	0.8813182895438083	0.8813182895438083	-0.05954999103363501	Partially dependent
Relt	ENSMUSG00000008318	-0.165989692576129	0.0894508591055932	-0.286853533837301	0.00157923151092483	TRUE	0.5786566069298482	0.5786566069298482	-0.120863841261172	Strongly NFAT5-dependent
Nadk2	ENSMUSG00000022253	0.23822681483204	0.00767196134881256	0.40501219893423	1.84929936875532e-6	TRUE	0.5881966406417445	0.5881966406417445	0.16678538410219002	Strongly NFAT5-dependent
Slc25a44	ENSMUSG00000050144	0.0756378359535916	0.512333347055492	0.257088927685357	0.0033606590342509	TRUE	0.29420884296566185	0.29420884296566185	0.18145109173176543	Strongly NFAT5-dependent
Ing3	ENSMUSG00000029670	0.381328419806438	1.10442901796072e-5	0.309739178511171	5.0630356721941e-4	TRUE	1.2311274977849955	1.2311274977849955	-0.071589241295267	NFAT5-independent
Pag1	ENSMUSG00000027508	-0.378812209201455	4.8149724908572e-6	-0.436410957510774	1.97550982021783e-7	TRUE	0.868017181241612	0.868017181241612	-0.05759874830931905	Partially dependent
Nif3l1	ENSMUSG00000026036	-0.316033893590269	3.5335278888368e-4	-0.319236174998556	3.4062876959298e-4	TRUE	0.9899689268977694	0.9899689268977694	-0.003202281408286989	Partially dependent
Zfp444	ENSMUSG00000044876	0.260633467569025	0.00358428734756889	0.277675907652945	0.00177935835805763	TRUE	0.9386247073864954	0.9386247073864954	0.017042440083919974	Partially dependent
Crbn	ENSMUSG00000005362	0.149354195646601	0.136661025738876	0.296546873993336	8.0858891684111e-4	TRUE	0.5036444783092108	0.5036444783092108	0.14719267834673502	Strongly NFAT5-dependent
Ikbke	ENSMUSG00000042349	-0.648648145664225	5.2178160960443505e-14	-0.50794855069728	5.22603944867553e-9	TRUE	1.2769957602473745	1.2769957602473745	0.14069959496694506	NFAT5-independent
Plekhn1	ENSMUSG00000078485	-0.566478448967364	4.233727462662271e-9	-0.435963422695245	7.76116730556783e-6	TRUE	1.2993715056764152	1.2993715056764152	0.13051502627211897	NFAT5-independent
Atg101	ENSMUSG00000037204	0.957022874472364	2.09723193201651e-29	1.01917417672246	1.02673961483346e-32	TRUE	0.9390179778200748	0.9390179778200748	0.06215130225009602	Partially dependent
Dtx2	ENSMUSG00000004947	0.63698070781326	6.1575712714113e-15	0.484253452319252	9.44949791686464e-9	TRUE	1.3153870246304822	1.3153870246304822	-0.152727255494008	NFAT5-independent
Fig4	ENSMUSG00000038417	-0.402716665291359	1.00379843919971e-6	-0.426101920227414	3.04226264262827e-7	TRUE	0.945118165805087	0.945118165805087	-0.023385254936054978	Partially dependent
Tigd2	ENSMUSG00000049232	0.0246307094535766	0.845414205891184	0.39966502540218	9.65788955946069e-7	TRUE	0.0616283834913773	0.0616283834913773	0.3750343159486034	Strongly NFAT5-dependent
Crtap	ENSMUSG00000032431	-0.309818909798416	2.5857663103972e-4	-0.323356935149397	1.5496967113071e-4	TRUE	0.9581328746058092	0.9581328746058092	-0.013538025350981031	Partially dependent
Ssh1	ENSMUSG00000042121	0.550492892083692	5.29620642286512e-11	0.59464847987443	1.85075331855373e-12	TRUE	0.925745058996767	0.925745058996767	0.04415558779073803	Partially dependent
Spc25	ENSMUSG00000005233	-0.516930630751054	1.0795800466493202e-9	-0.51817872963254	1.8679274717650503e-9	TRUE	0.997591373767173	0.997591373767173	-0.001248098881485915	Partially dependent
Clcn5	ENSMUSG00000004317	0.414185572177087	1.6762492288418e-6	0.333039212828271	1.7748219905876e-4	TRUE	1.24365406901997	1.24365406901997	-0.08114635934881603	NFAT5-independent
Timm22	ENSMUSG00000020843	-0.358156849370625	9.24894467333638e-5	-0.341547418867598	2.2076193523801e-4	TRUE	1.0486299400478436	1.0486299400478436	0.01660943050302699	NFAT5-independent
Sorl1	ENSMUSG00000049313	-0.868811632481174	2.09381435346088e-23	-0.413678666836073	1.66871319681527e-6	TRUE	2.1002089354185984	2.1002089354185984	0.455132965645101	NFAT5-independent
Ncs1	ENSMUSG00000062661	0.847482217185353	2.5392870058516502e-21	0.491938331532315	1.48277590632834e-7	TRUE	1.7227407641636128	1.7227407641636128	-0.355543885653038	NFAT5-independent
Zcrb1	ENSMUSG00000022635	-0.281694213117474	0.00167240025734292	-0.311396412481918	4.8502351152367e-4	TRUE	0.9046161157487043	0.9046161157487043	-0.029702199364444015	Partially dependent
Echs1	ENSMUSG00000025465	-0.719274224198453	5.25784332542206e-16	-0.715102734119048	2.1846146287689303e-15	TRUE	1.0058334136906133	1.0058334136906133	0.0041714900794049825	NFAT5-independent
Cd81	ENSMUSG00000037706	0.237096177900687	0.00567425361754197	0.290407467824359	5.0392465552423e-4	TRUE	0.8164258986758731	0.8164258986758731	0.05331128992367201	Partially dependent
Pfdn2	ENSMUSG00000006412	-0.276144919574983	0.00124000749457395	-0.350063805612155	4.02832457432514e-5	TRUE	0.7888416772824874	0.7888416772824874	-0.073918886037172	Partially dependent
Atp11c	ENSMUSG00000062949	-0.1847118462751	0.075597423151554	-0.432466380938076	7.0734692414886e-6	TRUE	0.4271126136427898	0.4271126136427898	-0.24775453466297598	Strongly NFAT5-dependent
Glipr1	ENSMUSG00000056888	-0.968152684843484	2.55491914893221e-28	-0.421701733169274	1.04310761542806e-6	TRUE	2.2958233478610364	2.2958233478610364	0.54645095167421	NFAT5-independent
Slc25a13	ENSMUSG00000015112	-0.223454647200626	0.0172622528517478	-0.504636103162325	2.77396532222605e-8	TRUE	0.4428035287216617	0.4428035287216617	-0.28118145596169897	Strongly NFAT5-dependent
Fam172a	ENSMUSG00000064138	-0.700408804302875	8.915711518545481e-17	-0.575944032227907	1.18603195968752e-11	TRUE	1.2161056719235455	1.2161056719235455	0.12446477207496798	NFAT5-independent
Itpripl2	ENSMUSG00000095115	0.75502566793158	3.0318500622124696e-19	0.284125298192309	0.00195393222219865	TRUE	2.6573686776055547	2.6573686776055547	-0.470900369739271	NFAT5-independent
Usp45	ENSMUSG00000040455	0.270352429349365	0.00506775820460408	0.313010546251516	9.4838392164218e-4	TRUE	0.8637166785176831	0.8637166785176831	0.04265811690215099	Partially dependent
Itpr2	ENSMUSG00000030287	-0.036362039873836	0.787491410906318	0.26798565549653097	0.0038296695636967	FALSE	-0.13568651578183707	0.13568651578183707	0.304347695370367	Strongly NFAT5-dependent
Zbtb41	ENSMUSG00000033964	0.438527196683948	1.31624512293449e-6	0.396755907713337	1.61055056040551e-5	TRUE	1.1052820844215165	1.1052820844215165	-0.041771288970611	NFAT5-independent
Mcu	ENSMUSG00000009647	0.214999745778786	0.0186432849833776	-0.384569552265687	2.53620787025361e-5	FALSE	-0.5590659596219137	0.5590659596219137	-0.599569298044473	NFAT5-independent (Opposite direction)
Nipal3	ENSMUSG00000028803	0.235579897603177	0.00969845929628052	0.557393614710257	2.9007637039363898e-11	TRUE	0.4226454903428264	0.4226454903428264	0.32181371710707996	Strongly NFAT5-dependent
Mtif2	ENSMUSG00000020459	-0.855176782736355	6.77290003527574e-22	-0.547423772231658	5.90529010370889e-10	TRUE	1.562184227495445	1.562184227495445	0.30775301050469706	NFAT5-independent
Mettl9	ENSMUSG00000030876	-0.524841255552185	6.16538430043569e-9	-0.526885193260234	8.610008331263311e-9	TRUE	0.9961207152256422	0.9961207152256422	-0.002043937708049004	Partially dependent
Hikeshi	ENSMUSG00000062797	-0.532457805660427	1.66740105991692e-10	-0.381080986396593	5.17308664217954e-6	TRUE	1.397230049956613	1.397230049956613	0.151376819263834	NFAT5-independent
Dnlz	ENSMUSG00000075467	-0.444028681960752	5.25380398281572e-7	-0.398923324740847	8.4796077470022e-6	TRUE	1.113067736135025	1.113067736135025	0.045105357219904996	NFAT5-independent
Itm2a	ENSMUSG00000031239	0.21876912429486	0.0289219528050461	0.369681220384754	7.6615730591217e-5	TRUE	0.5917777594089609	0.5917777594089609	0.15091209608989398	Strongly NFAT5-dependent
Pde4dip	ENSMUSG00000038170	0.431319018360446	9.93799186288298e-7	0.551955062006876	2.74514812051775e-10	TRUE	0.7814386497194092	0.7814386497194092	0.12063604364643005	Partially dependent
Parpbp	ENSMUSG00000035365	-0.556686910528987	2.64484169392481e-8	-0.33585944607771	9.8934973917835e-4	TRUE	1.6574996387035745	1.6574996387035745	0.220827464451277	NFAT5-independent
Galnt10	ENSMUSG00000020520	-0.499090390714682	9.43012263505578e-9	-0.478243192016543	5.18555198811665e-8	TRUE	1.0435912085025936	1.0435912085025936	0.020847198698139002	NFAT5-independent
Susd3	ENSMUSG00000021384	-0.414365761512104	8.71769486732369e-7	0.255163438696905	0.00228060154273674	FALSE	-1.6239229398546668	1.6239229398546668	0.669529200209009	NFAT5-independent (Opposite direction)
Gipc1	ENSMUSG00000019433	-1.21610196035905	2.2563780756198895e-43	-0.868836717761551	1.1912067943496599e-23	TRUE	1.399689879005326	1.399689879005326	0.3472652425974989	NFAT5-independent
Thoc7	ENSMUSG00000053453	-0.576329313056501	1.98563724314859e-11	-0.505580871836852	6.125768913403351e-9	TRUE	1.1399349642374903	1.1399349642374903	0.07074844121964907	NFAT5-independent
Arhgap15	ENSMUSG00000049744	-0.849856725521024	8.599784955635419e-25	-0.442941634057124	6.48459186496944e-8	TRUE	1.9186652601083378	1.9186652601083378	0.4069150914639	NFAT5-independent
C1d	ENSMUSG00000000581	-0.571177029661573	6.003061331602489e-11	-0.509445035099278	7.67944790810738e-9	TRUE	1.12117498514882	1.12117498514882	0.061731994562295056	NFAT5-independent
Ccdc58	ENSMUSG00000075229	-0.336583108571572	4.1965182942684e-4	-0.402027086648461	2.51453594931633e-5	TRUE	0.837215003042533	0.837215003042533	-0.06544397807688901	Partially dependent
Zdhhc2	ENSMUSG00000039470	-0.918584185124927	2.40633273976874e-27	-1.07269431303443	3.0866115262673997e-34	TRUE	0.8563336021857361	0.8563336021857361	-0.15411012790950296	Partially dependent
Mrpl54	ENSMUSG00000034932	-0.292923811087826	0.00257524225289199	-0.364284633724639	1.5512393014425e-4	TRUE	0.8041069646359164	0.8041069646359164	-0.07136082263681298	Partially dependent
Prkx	ENSMUSG00000035725	0.479791323411264	4.09705860588294e-8	0.284505619794061	0.00207362917128508	TRUE	1.686403677222827	1.686403677222827	-0.195285703617203	NFAT5-independent
Cwf19l1	ENSMUSG00000025200	-0.673558423529157	2.3536226986666e-15	-0.540752841522386	3.42900429318949e-10	TRUE	1.2455938680467813	1.2455938680467813	0.13280558200677095	NFAT5-independent
Trmt2b	ENSMUSG00000067369	-0.598544665223224	9.85017651636593e-13	-0.50625285887063	2.5280798220757802e-9	TRUE	1.1823037731746986	1.1823037731746986	0.09229180635259404	NFAT5-independent
Vamp2	ENSMUSG00000020894	0.40316631333708	1.19947870644459e-5	0.425238408559936	3.61446154403029e-6	TRUE	0.9480947751224945	0.9480947751224945	0.022072095222856025	Partially dependent
Kdm4b	ENSMUSG00000024201	0.296313546093903	0.00122376448093835	0.415477752782639	3.04305955624522e-6	TRUE	0.713187515118101	0.713187515118101	0.11916420668873601	Partially dependent
Pgm2l1	ENSMUSG00000030729	0.986489758335013	1.22301677593639e-27	1.02464466098172	2.95870463168719e-29	TRUE	0.9627627956308771	0.9627627956308771	0.038154902646706956	Partially dependent
Stk11ip	ENSMUSG00000026213	-0.880584020792898	3.5386354041792002e-25	-0.620593426334071	2.33498208173664e-13	TRUE	1.4189386858230622	1.4189386858230622	0.259990594458827	NFAT5-independent
Gm4739	ENSMUSG00000112808	-0.889044325865294	3.0397897730711195e-25	-0.484262346166768	1.12129427847147e-8	TRUE	1.8358733296169367	1.8358733296169367	0.40478197969852603	NFAT5-independent
Pqlc1	ENSMUSG00000034006	0.991912970603114	8.33178694715845e-31	1.05061288805156	9.595640941065959e-34	TRUE	0.9441279294057497	0.9441279294057497	0.05869991744844594	Partially dependent
Klhl42	ENSMUSG00000040102	0.594488004610733	1.91409437212086e-12	0.534306156564526	5.24309598072715e-10	TRUE	1.1126355130046852	1.1126355130046852	-0.060181848046207076	NFAT5-independent
Gtf2a1	ENSMUSG00000020962	-0.399157191462617	1.53670494718905e-5	-0.288598586471597	0.00224449236345051	TRUE	1.3830878256983457	1.3830878256983457	0.11055860499102005	NFAT5-independent
Gm11427	ENSMUSG00000083161	0.668555549948957	1.99075779443498e-16	0.4552617455489	6.68242376718295e-8	TRUE	1.4685080758166777	1.4685080758166777	-0.21329380440005707	NFAT5-independent
Ttc5	ENSMUSG00000006288	-0.404292843623787	1.60327762012908e-6	-0.448146507771027	1.55606435084109e-7	TRUE	0.9021443581801907	0.9021443581801907	-0.04385366414724001	Partially dependent
Tfdp2	ENSMUSG00000032411	0.844480403452505	1.66836682952963e-22	0.957272497759705	2.6325389391720897e-28	TRUE	0.8821734724739652	0.8821734724739652	0.11279209430720005	Partially dependent
Dhx40	ENSMUSG00000018425	0.222861658674544	0.0175019894960815	0.296549377520515	9.7084021844252e-4	TRUE	0.7515161911244498	0.7515161911244498	0.07368771884597103	Partially dependent
Rttn	ENSMUSG00000023066	-0.457361448141184	6.33632117360547e-7	-0.304051186254714	0.00119839764372796	TRUE	1.504225172659043	1.504225172659043	0.15331026188647	NFAT5-independent
Alg9	ENSMUSG00000032059	-0.266228401099061	0.00495164734747401	-0.404892166500808	1.34845846958917e-5	TRUE	0.6575291475749746	0.6575291475749746	-0.13866376540174702	Strongly NFAT5-dependent
Ppdpf	ENSMUSG00000016344	-0.490004308790251	1.21329234958941e-8	-0.492891137155135	1.76062413737718e-8	TRUE	0.9941430710611958	0.9941430710611958	-0.00288682836488402	Partially dependent
Hdhd5	ENSMUSG00000058979	0.356346682377968	4.7646358864517e-4	0.308318572042755	0.00287703016284427	TRUE	1.155774301940374	1.155774301940374	-0.04802811033521304	NFAT5-independent
Dglucy	ENSMUSG00000021185	-1.23860985083548	6.343506099889729e-45	-1.02109933165921	2.9084406032275897e-31	TRUE	1.2130160234487977	1.2130160234487977	0.21751051917626985	NFAT5-independent
Smyd3	ENSMUSG00000055067	0.66598259702784	3.39732276647863e-14	0.44476940504979	1.06347070835273e-6	TRUE	1.4973660271287907	1.4973660271287907	-0.22121319197805	NFAT5-independent
0610010F05Rik	ENSMUSG00000042208	-0.860393340898928	6.84694222809607e-23	-0.883735518623589	5.1760051764345095e-23	TRUE	0.9735869191259663	0.9735869191259663	-0.023342177724660962	Partially dependent
Gm12191	ENSMUSG00000083061	0.0372509575444877	0.906704082898947	1.375540260996	7.9467525079834e-4	TRUE	0.02708096491302629	0.02708096491302629	1.3382893034515122	Strongly NFAT5-dependent
Msh3	ENSMUSG00000014850	0.502502790721336	1.73549320015928e-7	0.600118121410879	3.8535482365564e-10	TRUE	0.8373398049369862	0.8373398049369862	0.09761533068954298	Partially dependent
Hsf2	ENSMUSG00000019878	0.476012016280698	8.85584569644757e-9	0.433277452123165	2.85913290076225e-7	TRUE	1.0986309440939592	1.0986309440939592	-0.04273456415753302	NFAT5-independent
Pbk	ENSMUSG00000022033	-0.184895810805888	0.0795464739162016	-0.381910523703103	9.41734408998082e-5	TRUE	0.4841338463603738	0.4841338463603738	-0.19701471289721503	Strongly NFAT5-dependent
Hnrnph3	ENSMUSG00000020069	-0.167795324589131	0.0657526845830296	-0.276609665248777	0.00126638576931586	TRUE	0.6066141052526829	0.6066141052526829	-0.10881434065964601	Strongly NFAT5-dependent
Apex2	ENSMUSG00000025269	0.726428674264027	4.22736847579861e-16	0.618815547415924	1.21663463416339e-11	TRUE	1.1739017826838358	1.1739017826838358	-0.10761312684810298	NFAT5-independent
Anks3	ENSMUSG00000022515	0.335275180284204	1.9424365651231e-4	0.349901547428391	1.0076805188248e-4	TRUE	0.9581986211501955	0.9581986211501955	0.014626367144187025	Partially dependent
Fam110a	ENSMUSG00000027459	0.559759017020657	3.58409250283361e-12	0.426127069635926	2.95232703508565e-7	TRUE	1.313596476043879	1.313596476043879	-0.133631947384731	NFAT5-independent
Caskin2	ENSMUSG00000034471	1.59326444861239	4.684494601380801e-80	1.20750038399944	1.0321349629124797e-43	TRUE	1.3194732438388432	1.3194732438388432	-0.3857640646129499	NFAT5-independent
Hes6	ENSMUSG00000067071	0.854607200922745	7.036437389740389e-25	0.749732665450495	8.538457033673459e-19	TRUE	1.1398825745564036	1.1398825745564036	-0.10487453547225001	NFAT5-independent
Sap30l	ENSMUSG00000020519	0.621190307337582	4.89509271107945e-13	0.58560221051748	2.0482549200024397e-11	TRUE	1.0607717938575638	1.0607717938575638	-0.035588096820102	NFAT5-independent
Ppp1r35	ENSMUSG00000029725	0.309890947088683	6.2695189264618e-4	0.289933459808721	0.00152502942452594	TRUE	1.068834715707282	1.068834715707282	-0.019957487279961994	NFAT5-independent
Fads1	ENSMUSG00000010663	-0.0929164475164451	0.434555987106999	-0.390148927058289	4.91608872661282e-5	TRUE	0.23815635792473472	0.23815635792473472	-0.29723247954184395	Strongly NFAT5-dependent
Acot9	ENSMUSG00000025287	0.234224266258342	0.01572482475933	0.324554259268587	4.7240085808862e-4	TRUE	0.7216798411032658	0.7216798411032658	0.090329993010245	Partially dependent
Abhd12	ENSMUSG00000032046	-0.295033557926019	8.636061321084e-4	-0.406729906387728	5.11456639724044e-6	TRUE	0.7253795535870161	0.7253795535870161	-0.111696348461709	Partially dependent
Tnfrsf10b	ENSMUSG00000022074	-0.15014988163093199	0.122588414782585	-0.541691349449947	1.9498490935119704e-9	TRUE	0.2771871505487389	0.2771871505487389	-0.391541467819015	Strongly NFAT5-dependent
1810032O08Rik	ENSMUSG00000020812	-0.131769052872221	0.197630506529139	-0.293363420994592	0.00113953762038073	TRUE	0.44916660852086965	0.44916660852086965	-0.16159436812237102	Strongly NFAT5-dependent
Irgq	ENSMUSG00000041037	0.785568538235429	3.54108862783058e-21	0.778025865857779	2.65859050931438e-20	TRUE	1.0096946293287232	1.0096946293287232	-0.00754267237765005	NFAT5-independent
AI837181	ENSMUSG00000047423	0.268130170786232	0.00366707848037528	0.40735036619966	4.2362262130051e-6	TRUE	0.6582298508473904	0.6582298508473904	0.13922019541342795	Strongly NFAT5-dependent
Mob4	ENSMUSG00000025979	0.202897222841482	0.044612857781751	0.271892320637213	0.00449458481947956	TRUE	0.7462410941433265	0.7462410941433265	0.06899509779573101	Partially dependent
Gm5527	ENSMUSG00000100007	-0.276145559263042	0.00177209595792765	-0.287343693196748	0.00120214771457235	TRUE	0.9610287812162333	0.9610287812162333	-0.011198133933706	Partially dependent
Micu1	ENSMUSG00000020111	-0.322621728945047	1.5441780226663e-4	-0.325705887327174	1.5981305549316e-4	TRUE	0.9905308485289094	0.9905308485289094	-0.0030841583821270002	Partially dependent
4930523C07Rik	ENSMUSG00000090394	0.285778115200078	0.00135187034673225	0.254683723350236	0.00494575049341792	TRUE	1.122090220139752	1.122090220139752	-0.03109439184984203	NFAT5-independent
Zbtb2	ENSMUSG00000075327	0.522829030869879	4.3177856722891e-9	0.495968460287984	3.83143142871068e-8	TRUE	1.0541578199676211	1.0541578199676211	-0.02686057058189495	NFAT5-independent
A630001G21Rik	ENSMUSG00000052760	-0.356766556213442	2.98326553372203e-5	-0.497838800312033	5.147933670266781e-9	TRUE	0.7166306764153971	0.7166306764153971	-0.14107224409859098	Partially dependent
Prkcb	ENSMUSG00000052889	-0.0762440215461226	0.511611811003613	-0.521618168033407	1.85819848066139e-8	TRUE	0.14616826295291072	0.14616826295291072	-0.4453741464872844	Strongly NFAT5-dependent
Tmem242	ENSMUSG00000004945	-0.638395505088956	3.57802539291986e-14	-0.625064972521618	2.84841017958908e-13	TRUE	1.0213266350753274	1.0213266350753274	0.013330532567338071	NFAT5-independent
Gm5641	ENSMUSG00000069014	-0.747295135655329	7.00477387316961e-14	-0.433860000492705	1.43373357069392e-5	TRUE	1.72243381460996	1.72243381460996	0.313435135162624	NFAT5-independent
Apba3	ENSMUSG00000004931	0.534127232683144	7.54288228138108e-10	0.536384137494402	8.74192770781353e-10	TRUE	0.9957923721946726	0.9957923721946726	0.0022569048112579537	Partially dependent
Flywch1	ENSMUSG00000040097	-0.632476383084898	6.17255155931794e-13	-0.70308988571197	5.3362815859227706e-15	TRUE	0.8995668917131888	0.8995668917131888	-0.070613502627072	Partially dependent
Dpp4	ENSMUSG00000035000	-1.60749078061036	5.76724134408754e-68	-0.820001884319168	3.34039778669122e-21	TRUE	1.960350105713512	1.960350105713512	0.787488896291192	NFAT5-independent
Jag2	ENSMUSG00000002799	2.6299614363355	1.8222486365549895e-164	2.17611415035096	5.28846848395464e-108	TRUE	1.2085585840758144	1.2085585840758144	-0.45384728598454016	NFAT5-independent
Zfp143	ENSMUSG00000061079	0.501209311731933	2.26495804037774e-8	0.277331772877777	0.00361183435549664	TRUE	1.8072552831976492	1.8072552831976492	-0.22387753885415596	NFAT5-independent
Eogt	ENSMUSG00000035245	-0.72945160347467	3.54065419787985e-18	-0.649050915899352	2.91177883726776e-14	TRUE	1.1238742379153897	1.1238742379153897	0.08040068757531793	NFAT5-independent
Klhl18	ENSMUSG00000054792	-0.372015970759543	3.34879430590463e-5	-0.328450397396139	2.5937144078051e-4	TRUE	1.1326397340626757	1.1326397340626757	0.043565573363404	NFAT5-independent
Vps13c	ENSMUSG00000035284	-0.497378530536457	3.54065482239688e-8	-0.301539265731271	9.1308131205747e-4	TRUE	1.6494652175074145	1.6494652175074145	0.195839264805186	NFAT5-independent
Hmgxb4	ENSMUSG00000034518	-0.948744471907435	2.24371246509024e-25	-0.889666491073097	6.791963660212649e-22	TRUE	1.0664046374985747	1.0664046374985747	0.05907798083433802	NFAT5-independent
Usp32	ENSMUSG00000000804	0.218305144323654	0.0297516321758744	0.404367700436207	1.29488757686249e-5	TRUE	0.5398679075706586	0.5398679075706586	0.186062556112553	Strongly NFAT5-dependent
Mrps12	ENSMUSG00000045948	-0.254391185577273	0.00560755361001869	-0.315994067875895	5.0910848934436e-4	TRUE	0.8050505102430714	0.8050505102430714	-0.061602882298621986	Partially dependent
Dbt	ENSMUSG00000000340	-0.107934040997004	0.358417131343637	-0.251816999159418	0.0115189042826666	TRUE	0.42862094837638065	0.42862094837638065	-0.14388295816241403	Strongly NFAT5-dependent
Srbd1	ENSMUSG00000024135	-0.920419523940363	3.35239435396966e-26	-0.671028129539446	9.78817344506761e-15	TRUE	1.371655648135175	1.371655648135175	0.24939139440091695	NFAT5-independent
1700123O20Rik	ENSMUSG00000040822	0.316730634029994	3.5815259344493e-4	0.357247844162275	5.04837367655367e-5	TRUE	0.886585151472946	0.886585151472946	0.04051721013228099	Partially dependent
Psmg1	ENSMUSG00000022913	-0.764138620676937	4.7103157720815894e-18	-0.677119362891069	3.53806608551678e-14	TRUE	1.1285139113646454	1.1285139113646454	0.08701925778586805	NFAT5-independent
2700081O15Rik	ENSMUSG00000053080	1.81681830924668	1.26239591982602e-81	1.11217488834059	4.57630543253309e-29	TRUE	1.6335724968196743	1.6335724968196743	-0.7046434209060901	NFAT5-independent
Ripor1	ENSMUSG00000038604	0.698580940086814	1.94852086211892e-15	0.620959786546864	4.13435905673941e-12	TRUE	1.1250019006409393	1.1250019006409393	-0.07762115353995003	NFAT5-independent
Tada3	ENSMUSG00000048930	-0.355472041114972	6.00092491294345e-5	-0.25618775291994	0.00502090117346411	TRUE	1.3875450214283227	1.3875450214283227	0.09928428819503199	NFAT5-independent
Tspan32	ENSMUSG00000000244	-0.927638546877915	4.2584482640291204e-21	-0.480883779227865	8.04079445606261e-7	TRUE	1.9290285656284465	1.9290285656284465	0.44675476765005	NFAT5-independent
Taf5	ENSMUSG00000025049	0.27693362379999	0.00255173222638667	0.40033655016685	5.11798584772929e-6	TRUE	0.6917520363418508	0.6917520363418508	0.12340292636686001	Partially dependent
Pdcd7	ENSMUSG00000041837	0.343594671524077	1.0014652910066e-4	0.459128226363031	1.40081237059168e-7	TRUE	0.7483632061697683	0.7483632061697683	0.115533554838954	Partially dependent
Atxn7l2	ENSMUSG00000048997	0.809618629695456	9.689278231608089e-19	0.545090080519697	9.99376618854032e-9	TRUE	1.4852932728541923	1.4852932728541923	-0.26452854917575896	NFAT5-independent
Kif16b	ENSMUSG00000038844	-0.33186120728854	4.2489512405381e-4	-0.370257584728271	8.79781205969553e-5	TRUE	0.8962982015131175	0.8962982015131175	-0.03839637743973101	Partially dependent
Tbcb	ENSMUSG00000006095	-0.595183294620483	1.31679339443201e-10	-0.482555309350488	2.51989822563353e-7	TRUE	1.2333991214843134	1.2333991214843134	0.11262798526999501	NFAT5-independent
Fut7	ENSMUSG00000036587	-0.539025266470332	5.30430569624532e-10	-0.399807175885153	5.64295042222847e-6	TRUE	1.3482130861632413	1.3482130861632413	0.13921809058517898	NFAT5-independent
Coq9	ENSMUSG00000031782	-0.505323205709867	6.32154318477718e-9	-0.407957448813479	3.93818533928458e-6	TRUE	1.2386664520517292	1.2386664520517292	0.09736575689638799	NFAT5-independent
Mrpl48	ENSMUSG00000030706	-0.409360313356112	2.00207956598251e-6	-0.32494100778064	2.0205291651421e-4	TRUE	1.2597988667298696	1.2597988667298696	0.084419305575472	NFAT5-independent
Tradd	ENSMUSG00000031887	-0.519206214360428	1.59482329748663e-8	-0.281680483997853	0.00284189890784297	TRUE	1.843245250758606	1.843245250758606	0.23752573036257502	NFAT5-independent
Zfp408	ENSMUSG00000075040	0.619429251941639	7.93401582122914e-12	0.526421103836076	1.20629702830092e-8	TRUE	1.17668012818598	1.17668012818598	-0.09300814810556302	NFAT5-independent
Saal1	ENSMUSG00000006763	-0.785817324237088	5.70772705574865e-20	-0.622726622594656	4.89437949454121e-13	TRUE	1.2618977505135358	1.2618977505135358	0.163090701642432	NFAT5-independent
Thoc6	ENSMUSG00000041319	0.317768888263123	2.2475087822339e-4	0.423308422983995	5.41253216701013e-7	TRUE	0.7506793416088903	0.7506793416088903	0.10553953472087202	Partially dependent
Zfp655	ENSMUSG00000007812	0.216005031015509	0.0606165458036991	0.304272181350535	0.00489579099646197	TRUE	0.7099072615076225	0.7099072615076225	0.08826715033502602	Strongly NFAT5-dependent
Fancg	ENSMUSG00000028453	-0.527034023010259	1.21182063979663e-9	-0.35524057204007	5.29562186445917e-5	TRUE	1.483597495589021	1.483597495589021	0.17179345097018905	NFAT5-independent
Zcchc4	ENSMUSG00000029179	-0.463711719368552	1.49635304848047e-7	-0.349350276146965	1.000214813352e-4	TRUE	1.32735466673419	1.32735466673419	0.11436144322158698	NFAT5-independent
Vma21	ENSMUSG00000073131	-0.807179623446778	1.7538715193236302e-15	-0.803818946778561	5.927145712624681e-15	TRUE	1.004180887601226	1.004180887601226	0.003360676668216933	NFAT5-independent
Stx5a	ENSMUSG00000010110	0.177482744073168	0.0961027792446451	0.315288718121734	0.00103702761259738	TRUE	0.5629213285222636	0.5629213285222636	0.13780597404856598	Strongly NFAT5-dependent
St3gal2	ENSMUSG00000031749	0.591141188155985	8.14682937671255e-11	0.689763294961869	3.88153349874225e-14	TRUE	0.8570203611496378	0.8570203611496378	0.0986221068058839	Partially dependent
D030056L22Rik	ENSMUSG00000047044	-0.100996071202911	0.3559309785335	-0.286902994913199	0.00170624010929466	TRUE	0.3520216693222977	0.3520216693222977	-0.185906923710288	Strongly NFAT5-dependent
Thg1l	ENSMUSG00000011254	-0.47493912702654	1.27786173038855e-7	-0.402889205263059	8.30111300071522e-6	TRUE	1.1788330906419728	1.1788330906419728	0.07204992176348102	NFAT5-independent
Cdyl	ENSMUSG00000059288	0.337590784839945	1.0864805821812e-4	0.478214835462071	2.00117888633072e-8	TRUE	0.705939589920398	0.705939589920398	0.14062405062212602	Partially dependent
Rabepk	ENSMUSG00000070953	-0.586150062826377	4.04707182210243e-11	-0.324227984407216	3.1888821752593e-4	TRUE	1.8078330403775342	1.8078330403775342	0.26192207841916104	NFAT5-independent
Ddhd1	ENSMUSG00000037697	0.343205796041984	2.9196900621473e-4	0.254195240660447	0.00973547350524618	TRUE	1.3501660973284582	1.3501660973284582	-0.08901055538153696	NFAT5-independent
Ptcd1	ENSMUSG00000029624	0.441421964280435	5.35761465357104e-7	0.294242456174453	0.00139869986593689	TRUE	1.5001980680134106	1.5001980680134106	-0.14717950810598202	NFAT5-independent
Ttc7b	ENSMUSG00000033530	-0.737065704535538	3.55739002019001e-18	-0.759935751809998	1.8908218589272197e-18	TRUE	0.9699052884142	0.9699052884142	-0.02287004727445996	Partially dependent
Tanc1	ENSMUSG00000035168	0.182658663194787	0.0649574901955437	0.389404384947963	1.14071637362014e-5	TRUE	0.4690719217740604	0.4690719217740604	0.206745721753176	Strongly NFAT5-dependent
Tmppe	ENSMUSG00000079260	0.491049067440974	2.38998033934704e-8	0.479439436467411	6.45958479997774e-8	TRUE	1.024215010469528	1.024215010469528	-0.01160963097356299	NFAT5-independent
Pikfyve	ENSMUSG00000025949	0.59891799387835	6.8795884967088896e-12	0.549512618874369	5.991793976273e-10	TRUE	1.089907625970781	1.089907625970781	-0.04940537500398101	NFAT5-independent
Flad1	ENSMUSG00000042642	-1.21152357310566	1.17200500353383e-39	-0.795391819567552	8.672229548662909e-19	TRUE	1.5231783170266389	1.5231783170266389	0.41613175353810794	NFAT5-independent
Pex5	ENSMUSG00000005069	0.268057130992636	0.00613140953708882	0.27663146638377	0.00438364142872008	TRUE	0.969004482739361	0.969004482739361	0.008574335391134003	Partially dependent
Fam234b	ENSMUSG00000030207	-0.66458044106998	6.6492344085498794e-12	-0.460247652001463	2.22589284642456e-6	TRUE	1.4439626974302686	1.4439626974302686	0.20433278906851704	NFAT5-independent
Cntrob	ENSMUSG00000032782	-0.961542458243228	3.86090589988202e-23	-0.549231493152191	1.05799684543907e-8	TRUE	1.7507052494835478	1.7507052494835478	0.41231096509103704	NFAT5-independent
Gbp4	ENSMUSG00000079363	-2.21716255085924	1.0519214531692699e-109	-0.80078635788933	2.6306453960556597e-20	TRUE	2.768731671082808	2.768731671082808	1.4163761929699101	NFAT5-independent
Prdm15	ENSMUSG00000014039	0.43177061088055	3.64822411798895e-6	0.370270261847404	9.65686384172638e-5	TRUE	1.1660958369335412	1.1660958369335412	-0.061500349033145996	NFAT5-independent
Ugp2	ENSMUSG00000001891	-0.63440277795992694	9.656795153155539e-12	-0.57133081679621	1.32704235444599e-9	TRUE	1.110394817344877	1.110394817344877	0.06307196116371694	NFAT5-independent
3110082I17Rik	ENSMUSG00000053553	-0.963735481205733	7.036437389740389e-25	-1.25530991640832	3.33688755720287e-37	TRUE	0.7677271314506646	0.7677271314506646	-0.29157443520258686	Partially dependent
Rabep2	ENSMUSG00000030727	0.292340745845045	0.00190939597725983	0.473040471336044	1.70799729906143e-7	TRUE	0.6180036668307998	0.6180036668307998	0.180699725490999	Strongly NFAT5-dependent
Zfp367	ENSMUSG00000044934	-0.584686572138651	1.8324990390357397e-11	-0.507385104485781	8.855244200055291e-9	TRUE	1.1523526547575982	1.1523526547575982	0.07730146765287005	NFAT5-independent
Gcnt1	ENSMUSG00000038843	-0.0325913544609791	0.816038209816948	-0.334807230926987	4.8225053793699e-4	TRUE	0.0973436397139417	0.0973436397139417	-0.3022158764660079	Strongly NFAT5-dependent
Iffo1	ENSMUSG00000038271	0.845590762744384	8.8645158390404306e-17	0.810479095819706	3.0084962336426703e-15	TRUE	1.0433221129400834	1.0433221129400834	-0.03511166692467804	NFAT5-independent
Pomgnt1	ENSMUSG00000028700	-0.308001894868916	0.00140046150524153	-0.294007972937185	0.00215745402155379	TRUE	1.0475970831400576	1.0475970831400576	0.01399392193173099	NFAT5-independent
Atg7	ENSMUSG00000030314	-0.903602551219054	5.17582549135989e-24	-0.788337208291026	2.38757611814374e-18	TRUE	1.1462132469656006	1.1462132469656006	0.11526534292802793	NFAT5-independent
Cdip1	ENSMUSG00000004071	0.533965597340904	4.0856958408683203e-10	0.303285176477236	7.8528852721999e-4	TRUE	1.7606056568379047	1.7606056568379047	-0.23068042086366797	NFAT5-independent
Klhl5	ENSMUSG00000054920	-0.594560716260655	1.0989543555815499e-11	-0.632652350091542	1.78344480694941e-12	TRUE	0.9397905756212314	0.9397905756212314	-0.038091633830886984	Partially dependent
Wdr11	ENSMUSG00000042055	-1.29556543087718	4.62033203858209e-45	-1.15456343293339	1.1039422602905799e-35	TRUE	1.122125813031812	1.122125813031812	0.14100199794378998	NFAT5-independent
Fbxo18	ENSMUSG00000058594	-0.749509694058965	2.89616738278189e-16	-0.632436505224047	9.954927824166259e-12	TRUE	1.1851145338193967	1.1851145338193967	0.11707318883491791	NFAT5-independent
Frmd4b	ENSMUSG00000030064	-0.33399977469558	0.00208406507200613	-0.676566035428662	4.72067018413438e-10	TRUE	0.4936691427082396	0.4936691427082396	-0.342566260733082	Strongly NFAT5-dependent
Sdf2	ENSMUSG00000002064	0.666909597239626	1.4282696494350602e-14	0.647523137827677	1.69006799257391e-13	TRUE	1.0299394079985882	1.0299394079985882	-0.019386459411948942	NFAT5-independent
Mrpl58	ENSMUSG00000018858	-0.456652149466234	1.37789496104515e-6	-0.317045268129175	0.00100687307382075	TRUE	1.4403373756714717	1.4403373756714717	0.139606881337059	NFAT5-independent
Acox1	ENSMUSG00000020777	0.380601184492956	8.3309414491784e-5	0.332627327440766	7.2185060415861e-4	TRUE	1.1442270465908522	1.1442270465908522	-0.04797385705218998	NFAT5-independent
Poll	ENSMUSG00000025218	-0.492506891407313	2.59149246976634e-8	-0.32083105004354	3.87748540573e-4	TRUE	1.5350973396760534	1.5350973396760534	0.171675841363773	NFAT5-independent
Slc36a1	ENSMUSG00000020261	0.358065976797959	1.4323116824163e-4	0.465149706009795	5.31682741580668e-7	TRUE	0.7697865271582456	0.7697865271582456	0.10708372921183601	Partially dependent
Gm12250	ENSMUSG00000082292	-0.354639673093754	1.0942631721346e-4	0.641253671663888	2.96223024586388e-14	FALSE	-0.5530411579142392	0.5530411579142392	0.995893344757642	NFAT5-independent (Opposite direction)
Mbtps2	ENSMUSG00000046873	-0.440178752176834	1.56169780590776e-6	-0.486190276277033	2.03563213026353e-7	TRUE	0.9053631338484823	0.9053631338484823	-0.046011524100198986	Partially dependent
Wdr13	ENSMUSG00000031166	0.595435624708153	1.28476777164924e-9	0.562613688418636	1.48677956307577e-8	TRUE	1.0583383180415875	1.0583383180415875	-0.03282193628951702	NFAT5-independent
Acsl1	ENSMUSG00000018796	1.02141631678006	7.54784428162855e-32	0.829586310894185	1.4970737819605698e-20	TRUE	1.2312357416784125	1.2312357416784125	-0.19183000588587507	NFAT5-independent
Ralgds	ENSMUSG00000026821	0.8215857914546	3.39995829851267e-20	0.359720866619156	1.5525483607557e-4	TRUE	2.283953664340607	2.283953664340607	-0.461864924835444	NFAT5-independent
Med9	ENSMUSG00000061650	-0.681521437888385	2.13496846479333e-11	-0.721344152402296	3.22404912235491e-12	TRUE	0.944793737661435	0.944793737661435	-0.03982271451391095	Partially dependent
Rnasel	ENSMUSG00000066800	-0.437796256440061	7.12374010576016e-7	-0.345730919401437	1.1852787863698e-4	TRUE	1.2662918815534823	1.2662918815534823	0.09206533703862396	NFAT5-independent
Nfu1	ENSMUSG00000029993	-0.817188780157357	2.48760656232789e-19	-0.852158787098219	5.04313615968431e-20	TRUE	0.9589630389660802	0.9589630389660802	-0.03497000694086205	Partially dependent
Mir142hg	ENSMUSG00000084796	0.515576559982035	2.83557513473874e-9	0.632325424351385	3.0126245123463e-13	TRUE	0.8153658545532841	0.8153658545532841	0.11674886436934995	Partially dependent
Rrp36	ENSMUSG00000023971	-0.413302071040183	4.26867879147026e-6	-0.415551083271598	5.01802454311874e-6	TRUE	0.9945878802343415	0.9945878802343415	-0.002249012231414993	Partially dependent
Zfp319	ENSMUSG00000046556	0.508823513301756	1.17732600387789e-7	0.455156599513276	2.91873702239429e-6	TRUE	1.117908679882636	1.117908679882636	-0.05366691378848004	NFAT5-independent
Impact	ENSMUSG00000024423	0.10846629316076	0.402676464550049	0.329929698038194	0.00146147423855789	TRUE	0.32875577374730147	0.32875577374730147	0.221463404877434	Strongly NFAT5-dependent
Snrk	ENSMUSG00000038145	0.372835318994748	1.806586279402e-4	0.306197587136683	0.00261374425396503	TRUE	1.2176298398730316	1.2176298398730316	-0.06663773185806499	NFAT5-independent
Osbpl5	ENSMUSG00000037606	-0.435893357668354	7.48381791154998e-7	0.310862770512028	2.6173036035869e-4	FALSE	-1.40220508538345	1.40220508538345	0.7467561281803821	NFAT5-independent (Opposite direction)
Ndst2	ENSMUSG00000039308	0.622448323647105	1.10140527257306e-12	0.731073210261764	7.43925708644562e-17	TRUE	0.8514172245817004	0.8514172245817004	0.10862488661465897	Partially dependent
Mad2l1bp	ENSMUSG00000034509	0.57033009817197	1.78769857707472e-11	0.482233175447164	3.23570483131798e-8	TRUE	1.1826853215627808	1.1826853215627808	-0.08809692272480601	NFAT5-independent
Dffb	ENSMUSG00000029027	0.493659539582692	1.86450156205085e-7	0.502348396151378	1.364513450667e-7	TRUE	0.9827035248141456	0.9827035248141456	0.008688856568686065	Partially dependent
Hyal2	ENSMUSG00000010047	0.728692786792289	6.361055982920551e-15	0.370786073581405	1.7520044508896e-4	TRUE	1.965264713838576	1.965264713838576	-0.357906713210884	NFAT5-independent
Depdc1a	ENSMUSG00000028175	-0.785611908571045	5.064273214329819e-19	-0.453300207998246	2.429093612331e-7	TRUE	1.7330940835881656	1.7330940835881656	0.332311700572799	NFAT5-independent
Abcg1	ENSMUSG00000024030	0.36477294508264	2.0757681177037e-4	1.12415735241034	3.4799988723303198e-34	TRUE	0.3244856641292424	0.3244856641292424	0.7593844073277001	Strongly NFAT5-dependent
Cib1	ENSMUSG00000030538	-0.207476772963647	0.0340037958218579	-0.255736221016398	0.00724867872016526	TRUE	0.8112920889307402	0.8112920889307402	-0.04825944805275098	Partially dependent
Babam2	ENSMUSG00000052139	-0.401860360466662	5.26200810414532e-6	-0.443996305049743	6.86484951032813e-7	TRUE	0.9050984341449411	0.9050984341449411	-0.04213594458308101	Partially dependent
Haus8	ENSMUSG00000035439	-0.0684518718574577	0.616039522604044	-0.443410538159984	1.68094997262262e-5	TRUE	0.15437583450657646	0.15437583450657646	-0.3749586663025263	Strongly NFAT5-dependent
Gale	ENSMUSG00000028671	0.28400023545132	0.00333721776661495	0.277978895700604	0.0041220586483157896	TRUE	1.0216611399061073	1.0216611399061073	-0.006021339750716004	NFAT5-independent
Ap4e1	ENSMUSG00000001998	-0.244624040863574	0.00706894585672279	-0.256657752971864	0.00483926729146981	TRUE	0.9531137790736866	0.9531137790736866	-0.01203371210828999	Partially dependent
Rpp30	ENSMUSG00000024800	-0.281939301818402	0.00294358646969487	-0.375463742682377	5.6559534718917e-5	TRUE	0.7509095280523748	0.7509095280523748	-0.09352444086397499	Partially dependent
Ccnh	ENSMUSG00000021548	-0.991775136161884	1.81037031988747e-29	-0.55480611151202	1.26090076319077e-10	TRUE	1.7876067252737842	1.7876067252737842	0.436969024649864	NFAT5-independent
E2f7	ENSMUSG00000020185	0.870808994855443	3.00076447484258e-23	0.359988977574447	1.2900825375375e-4	TRUE	2.4189879388053117	2.4189879388053117	-0.510820017280996	NFAT5-independent
Gabbr1	ENSMUSG00000024462	0.433527534481818	6.56406627347479e-6	0.507195818424785	1.17515418464961e-7	TRUE	0.8547537632077468	0.8547537632077468	0.07366828394296698	Partially dependent
Stard3	ENSMUSG00000018167	0.440832859338382	9.13067196838127e-7	0.321565282967568	5.4811210794837e-4	TRUE	1.370896930384251	1.370896930384251	-0.11926757637081403	NFAT5-independent
Tnfsf10	ENSMUSG00000039304	0.220683103769236	0.0272724958797999	0.436857532765119	1.9862658270896e-6	TRUE	0.5051603491243645	0.5051603491243645	0.21617442899588302	Strongly NFAT5-dependent
Gcdh	ENSMUSG00000003809	-0.550502624345983	1.5683522835652002e-10	-0.486213309762343	2.26592479387321e-8	TRUE	1.1322245057731226	1.1322245057731226	0.06428931458363996	NFAT5-independent
Gm12715	ENSMUSG00000059195	0.0121036047283075	0.943903561636369	-0.344680888377469	8.1714319884112e-4	FALSE	-0.035115392632539946	0.035115392632539946	-0.35678449310577653	Strongly NFAT5-dependent
Dhcr7	ENSMUSG00000058454	-0.156199671342601	0.165273953960166	-0.275673272988786	0.00719760243441685	TRUE	0.5666115893250012	0.5666115893250012	-0.11947360164618503	Strongly NFAT5-dependent
Slc10a7	ENSMUSG00000031684	-0.720119653529993	2.95195641466603e-14	-0.502278284740181	1.02524906148133e-7	TRUE	1.4337065236704334	1.4337065236704334	0.21784136878981197	NFAT5-independent
Rnf139	ENSMUSG00000037075	0.380862434858085	3.68337429922786e-5	0.250546456002507	0.0104956277682869	TRUE	1.5201270093170827	1.5201270093170827	-0.130315978855578	NFAT5-independent
Gem	ENSMUSG00000028214	-0.0999283811170823	0.3999716636653	-0.620120294561379	3.17452081765614e-10	TRUE	0.16114354262145741	0.16114354262145741	-0.5201919134442967	Strongly NFAT5-dependent
Tada2b	ENSMUSG00000029196	0.549675950405164	2.3318060095162903e-9	0.367577178852322	1.187489316306e-4	TRUE	1.495402821582681	1.495402821582681	-0.18209877155284204	NFAT5-independent
Zfp52	ENSMUSG00000051341	0.618290768680416	2.82045413530602e-12	0.702636585390911	2.6269752506436604e-15	TRUE	0.8799581199382476	0.8799581199382476	0.08434581671049501	Partially dependent
Tbc1d5	ENSMUSG00000023923	-1.39365580278631	3.14413860661728e-47	-1.1861296826538	6.806892721988189e-35	TRUE	1.174960734199147	1.174960734199147	0.20752612013251004	NFAT5-independent
Xrcc3	ENSMUSG00000021287	-0.163963529901685	0.107049450811915	-0.283522708325103	0.0026571117041776	TRUE	0.5783082803853412	0.5783082803853412	-0.11955917842341801	Strongly NFAT5-dependent
Hcfc2	ENSMUSG00000020246	0.477128442121694	3.79580227898824e-7	0.458969851576228	1.33682848168188e-6	TRUE	1.039563798108099	1.039563798108099	-0.01815859054546598	NFAT5-independent
Plcg2	ENSMUSG00000034330	-0.516744310972246	2.20929808275886e-8	-0.328099763457132	4.7722045754219e-4	TRUE	1.574960937269196	1.574960937269196	0.18864454751511406	NFAT5-independent
Med27	ENSMUSG00000026799	-0.331852459491585	7.3218712308897e-4	-0.363021685113563	2.2751944416893e-4	TRUE	0.9141394938645954	0.9141394938645954	-0.031169225621977992	Partially dependent
Gm17590	ENSMUSG00000106588	1.2425214890021	2.91793256920889e-45	0.732506278620346	2.6133265843799502e-15	TRUE	1.6962605308207768	1.6962605308207768	-0.5100152103817539	NFAT5-independent
Rdh13	ENSMUSG00000008435	0.609478571068894	7.405235270178601e-10	0.405921660987551	7.49451628140493e-5	TRUE	1.5014684596680978	1.5014684596680978	-0.20355691008134302	NFAT5-independent
Bach2	ENSMUSG00000040270	1.09037283083733	7.18043780545635e-33	0.649058994094252	1.2159434214700599e-11	TRUE	1.679928697943585	1.679928697943585	-0.4413138367430779	NFAT5-independent
Pinx1	ENSMUSG00000021958	-0.233175743031935	0.0173333705803773	-0.324436028354403	7.0505838758267e-4	TRUE	0.7187110020260193	0.7187110020260193	-0.091260285322468	Partially dependent
Slc52a2	ENSMUSG00000022560	-0.371053453017153	7.50445294051166e-5	-0.454782100398151	1.77211296937617e-6	TRUE	0.8158928258001017	0.8158928258001017	-0.083728647380998	Partially dependent
Ston2	ENSMUSG00000020961	0.0266931983894786	0.866308873431117	0.529976498256858	1.33706445396212e-8	TRUE	0.05036675867189397	0.05036675867189397	0.5032832998673794	Strongly NFAT5-dependent
Gm4294	ENSMUSG00000078377	0.262341897735962	0.00467345365828695	0.338409525150801	1.623216255706e-4	TRUE	0.7752201939914605	0.7752201939914605	0.07606762741483902	Partially dependent
Tnip2	ENSMUSG00000059866	0.787213382911476	1.04434074966677e-16	0.54258117633243	3.21871662292283e-8	TRUE	1.450867477992204	1.450867477992204	-0.24463220657904605	NFAT5-independent
Vti1a	ENSMUSG00000024983	-0.365915795306378	5.02247526291924e-5	-0.285446073178416	0.00198090751772634	TRUE	1.2819086674829294	1.2819086674829294	0.080469722127962	NFAT5-independent
Mtfr1l	ENSMUSG00000046671	-0.547336721743642	1.22288937509389e-9	-0.363517539432987	7.03598276137705e-5	TRUE	1.50566798674247	1.50566798674247	0.18381918231065503	NFAT5-independent
Atp6v1h	ENSMUSG00000033793	-0.467199514306282	2.39278200874938e-7	-0.415207041794971	6.50790652929431e-6	TRUE	1.1252205942523126	1.1252205942523126	0.051992472511311005	NFAT5-independent
Ppp2r3d	ENSMUSG00000093803	0.522392152727266	1.11089268402403e-8	0.415721242238692	9.56171505146493e-6	TRUE	1.2565923981034568	1.2565923981034568	-0.10667091048857402	NFAT5-independent
Dmac2	ENSMUSG00000057229	0.245105807539359	0.00899078438178159	0.317304144289945	5.1842634079431e-4	TRUE	0.7724633035848001	0.7724633035848001	0.07219833675058601	Partially dependent
Nprl3	ENSMUSG00000020289	-0.731890827854372	2.44010713915781e-13	-0.468696195388865	2.61852805428558e-6	TRUE	1.5615463386621717	1.5615463386621717	0.263194632465507	NFAT5-independent
Cbx2	ENSMUSG00000025577	0.847289814289099	1.4795190893805298e-19	0.764506143445956	1.0518178434949001e-15	TRUE	1.1082838529851462	1.1082838529851462	-0.08278367084314298	NFAT5-independent
Irgm1	ENSMUSG00000046879	0.236998803443376	0.0130492508525138	0.29884352639674	0.00113558006120945	TRUE	0.7930531616359663	0.7930531616359663	0.06184472295336399	Partially dependent
Tmem184c	ENSMUSG00000031617	-0.505493065921767	1.84672781404801e-8	-0.440159141099227	1.44021737136672e-6	TRUE	1.1484325070686456	1.1484325070686456	0.06533392482254002	NFAT5-independent
Zkscan1	ENSMUSG00000029729	0.555804876101058	1.05556913610421e-9	0.439414969202573	2.70224918199481e-6	TRUE	1.2648746971676983	1.2648746971676983	-0.116389906898485	NFAT5-independent
Filip1l	ENSMUSG00000043336	0.968871645546713	4.6516696681689395e-25	1.6240438432691	2.0557460705032e-71	TRUE	0.5965797349389498	0.5965797349389498	0.655172197722387	Strongly NFAT5-dependent
Nepro	ENSMUSG00000036208	0.588550503897454	2.69438371551742e-11	0.308302494703874	0.00103427756265063	TRUE	1.9090033782008788	1.9090033782008788	-0.28024800919358	NFAT5-independent
Ppp2r3c	ENSMUSG00000021022	-0.284432079619302	0.00276639466254795	-0.341588758455834	3.1189857039637e-4	TRUE	0.8326740051548795	0.8326740051548795	-0.05715667883653197	Partially dependent
Nr4a2	ENSMUSG00000026826	0.590324086346344	7.66109504251688e-12	0.522032411734022	3.1138868468543902e-9	TRUE	1.1308188401281047	1.1308188401281047	-0.068291674612322	NFAT5-independent
Wasl	ENSMUSG00000029684	0.260176763482746	0.0127161157488685	0.307119688304129	0.00248359405786416	TRUE	0.847151040427935	0.847151040427935	0.046942924821383014	Partially dependent
Msantd4	ENSMUSG00000041124	0.324519848045217	3.4660416502364e-4	0.362421461407428	7.8851642010054e-5	TRUE	0.8954211673474749	0.8954211673474749	0.037901613362210984	Partially dependent
Mbnl2	ENSMUSG00000022139	0.117360529875909	0.298583532108647	0.355613250786399	1.052878899397e-4	TRUE	0.33002293816774064	0.33002293816774064	0.23825272091049	Strongly NFAT5-dependent
Rad51d	ENSMUSG00000018841	-0.999489609885417	1.05927155288874e-24	-0.684440113191608	1.34518324194446e-12	TRUE	1.4603025021790494	1.4603025021790494	0.315049496693809	NFAT5-independent
Ccdc40	ENSMUSG00000039963	-0.369629606357597	8.41985630172441e-5	-0.548620344570541	8.60202051913069e-9	TRUE	0.673743892321278	0.673743892321278	-0.17899073821294398	Strongly NFAT5-dependent
Trub1	ENSMUSG00000025086	-0.689170492678098	2.13937657511509e-13	-0.673949038684364	2.21482399259479e-12	TRUE	1.0225854673276904	1.0225854673276904	0.015221453993734091	NFAT5-independent
Rasa3	ENSMUSG00000031453	-1.17893960185165	2.05344405122627e-31	-0.463613472628371	2.19113561956538e-6	TRUE	2.5429364577519062	2.5429364577519062	0.7153261292232791	NFAT5-independent
Tusc3	ENSMUSG00000039530	-0.0366863576251754	0.80400792954918	-0.327594432757009	0.00155388945347073	TRUE	0.11198712174815029	0.11198712174815029	-0.2909080751318336	Strongly NFAT5-dependent
Uap1	ENSMUSG00000026670	-0.244835484568442	0.0168107136244866	-0.532767508665677	9.20779488527513e-8	TRUE	0.45955408426019745	0.45955408426019745	-0.287932024097235	Strongly NFAT5-dependent
Dok1	ENSMUSG00000068335	0.381054272526005	3.52646555539249e-5	0.414620084186619	6.55118875224616e-6	TRUE	0.9190444145356302	0.9190444145356302	0.03356581166061401	Partially dependent
Qser1	ENSMUSG00000074994	0.432569250629573	6.03836295697731e-5	0.265231977513208	0.0190244073269738	TRUE	1.6309091184453126	1.6309091184453126	-0.16733727311636504	NFAT5-independent
Mrpl52	ENSMUSG00000010406	-0.427846408073979	4.59911846593719e-6	-0.272375304774375	0.0045993136813853	TRUE	1.5707973541448266	1.5707973541448266	0.155471103299604	NFAT5-independent
Bhlhb9	ENSMUSG00000072964	-0.453606053893643	3.98904601102965e-7	-0.3227747303023	4.2040832136385e-4	TRUE	1.405333228746906	1.405333228746906	0.13083132359134303	NFAT5-independent
Clcn6	ENSMUSG00000029016	0.685653972112352	1.29718492789504e-14	0.34544892127226	2.6063988334639e-4	TRUE	1.9848201279284496	1.9848201279284496	-0.340205050840092	NFAT5-independent
Fcho2	ENSMUSG00000041685	0.305843767431009	0.00447402812225532	0.251315772383397	0.0218966141640638	TRUE	1.2169700474048495	1.2169700474048495	-0.05452799504761202	NFAT5-independent
Pam16	ENSMUSG00000014301	-0.40903319103278	6.2332117435081e-5	-0.438894615924045	1.98761399140187e-5	TRUE	0.9319621981955851	0.9319621981955851	-0.029861424891264976	Partially dependent
Mipep	ENSMUSG00000021993	-0.809527748369603	3.6707508404001996e-19	-0.724497641225008	3.0961018517847304e-15	TRUE	1.1173642290964851	1.1173642290964851	0.08503010714459491	NFAT5-independent
Slc12a7	ENSMUSG00000017756	0.383771309008412	2.47828332998375e-5	0.321241447826123	5.4347750049982e-4	TRUE	1.194650664182457	1.194650664182457	-0.06252986118228898	NFAT5-independent
Xrcc5	ENSMUSG00000026187	-0.985368903788627	5.55963654296269e-23	-0.830215610976556	1.22830353835459e-16	TRUE	1.1868831310333579	1.1868831310333579	0.1551532928120709	NFAT5-independent
Spats2	ENSMUSG00000051934	0.779144911291566	2.07093969221105e-17	0.352157299057597	3.3165208567192e-4	TRUE	2.212491160559853	2.212491160559853	-0.426987612233969	NFAT5-independent
Rex1bd	ENSMUSG00000058833	-0.139163211053426	0.189791895989961	-0.334367239753802	3.998277404013e-4	TRUE	0.41619870163085737	0.41619870163085737	-0.195204028700376	Strongly NFAT5-dependent
Acsl6	ENSMUSG00000020333	0.652876781004366	1.49717572962754e-12	-0.671116621052001	3.28872961870163e-10	FALSE	-0.9728216535316271	0.9728216535316271	-1.323993402056367	NFAT5-independent (Opposite direction)
Qsox2	ENSMUSG00000036327	-0.469518694547667	6.61791493157928e-7	-0.675653835966925	3.89496866745919e-12	TRUE	0.6949101293500999	0.6949101293500999	-0.20613514141925798	Partially dependent
Slc27a4	ENSMUSG00000059316	0.860869162511328	6.88745235124117e-20	0.865703135580685	1.0653548505157799e-19	TRUE	0.9944161308066481	0.9944161308066481	0.004833973069357067	Partially dependent
Bnip3	ENSMUSG00000078566	-0.968078426688524	5.32213498005385e-24	-0.644480544742611	9.24788561768555e-12	TRUE	1.5021065175445283	1.5021065175445283	0.323597881945913	NFAT5-independent
Il16	ENSMUSG00000001741	-0.305049439651885	0.00102385970329941	0.442071649838217	2.51599603373786e-7	FALSE	-0.6900452443931263	0.6900452443931263	0.747121089490102	NFAT5-independent (Opposite direction)
Dus2	ENSMUSG00000031901	-0.59826565327811	1.7074060070803497e-11	-0.559972386449636	5.675970444966731e-10	TRUE	1.068384205641394	1.068384205641394	0.038293266828474004	NFAT5-independent
Zbtb8os	ENSMUSG00000057572	-0.46636654984245	1.39454288695358e-5	-0.289995372071678	0.00858558105166429	TRUE	1.608186180733872	1.608186180733872	0.176371177770772	NFAT5-independent
Coasy	ENSMUSG00000001755	-0.908019624616808	8.805982470639691e-24	-0.498004955449633	1.78768875835195e-8	TRUE	1.8233144362930798	1.8233144362930798	0.41001466916717494	NFAT5-independent
Cmtm4	ENSMUSG00000096188	0.75243168356414	6.06195700930447e-17	0.660964466747832	5.75112506186441e-13	TRUE	1.1383844690870562	1.1383844690870562	-0.09146721681630798	NFAT5-independent
Plcxd2	ENSMUSG00000087141	0.475546379998186	7.16696877352299e-7	0.409619107642274	2.70986967488392e-5	TRUE	1.1609477466404892	1.1609477466404892	-0.065927272355912	NFAT5-independent
Faap20	ENSMUSG00000073684	-0.748430069115129	4.66509959669885e-16	-0.564196100200631	1.04578675277735e-9	TRUE	1.3265424359526472	1.3265424359526472	0.18423396891449795	NFAT5-independent
Mcm8	ENSMUSG00000027353	-1.17591500882746	2.70376924276896e-36	-1.16697729192659	2.88036157698144e-34	TRUE	1.0076588610272907	1.0076588610272907	0.008937716900869974	NFAT5-independent
Mon1a	ENSMUSG00000032583	0.456855126642729	3.23384670074967e-7	0.482921226572621	8.09998779316629e-8	TRUE	0.9460241163659593	0.9460241163659593	0.026066099929892006	Partially dependent
Golm1	ENSMUSG00000021556	0.395681947950927	2.31604599015196e-5	0.263488275917992	0.00725023589020013	TRUE	1.5017060875758999	1.5017060875758999	-0.13219367203293497	NFAT5-independent
Stat1	ENSMUSG00000026104	-0.528064774684243	3.4560057112139505e-9	-0.295747854263829	0.00121984794814578	TRUE	1.7855236042158062	1.7855236042158062	0.23231692042041396	NFAT5-independent
Ppcdc	ENSMUSG00000063849	-1.02640861786082	3.915532927284659e-30	-0.552223423392473	3.18798574771501e-10	TRUE	1.858683595047972	1.858683595047972	0.47418519446834706	NFAT5-independent
Plxnb2	ENSMUSG00000036606	1.50683608283819	9.75288219895724e-53	1.08697843933259	1.44052577929525e-26	TRUE	1.3862612433816024	1.3862612433816024	-0.41985764350559984	NFAT5-independent
Ryk	ENSMUSG00000032547	-0.765923724098255	5.0562596023879505e-15	-0.682037426238637	5.53893812373892e-12	TRUE	1.1229936871972583	1.1229936871972583	0.0838862978596181	NFAT5-independent
Rpa3	ENSMUSG00000012483	-0.382477087711509	2.65913211795296e-5	-0.325083321378134	4.4221011517845e-4	TRUE	1.1765509411250756	1.1765509411250756	0.05739376633337501	NFAT5-independent
Fndc9	ENSMUSG00000048721	1.59217634632533	6.56612198733912e-64	1.56500964511248	1.1416579162515199e-60	TRUE	1.0173588075304785	1.0173588075304785	-0.02716670121285003	NFAT5-independent
Nipsnap1	ENSMUSG00000034285	-0.400419263086778	9.42379399977561e-5	-0.516350867351611	5.7862486048912e-7	TRUE	0.7754790170888027	0.7754790170888027	-0.11593160426483295	Partially dependent
Prdm10	ENSMUSG00000042496	0.636506003733526	1.5908461034216e-11	0.50957702509326	1.35307518543126e-7	TRUE	1.2490869336525448	1.2490869336525448	-0.12692897864026598	NFAT5-independent
Hist1h1c	ENSMUSG00000036181	2.05167765803968	8.89828013877826e-86	2.10149142526826	4.106652977751829e-89	TRUE	0.976295993107742	0.976295993107742	0.04981376722858011	Partially dependent
Fam220a	ENSMUSG00000083012	0.330646452176936	5.8175635682018e-4	0.277210727424242	0.00524864058493954	TRUE	1.1927621100712895	1.1927621100712895	-0.05343572475269398	NFAT5-independent
Trappc9	ENSMUSG00000047921	-0.335626555752399	8.2317644977358e-4	-0.340018258694482	7.4448003243932e-4	TRUE	0.9870839202607967	0.9870839202607967	-0.0043917029420829645	Partially dependent
Mterf3	ENSMUSG00000021519	0.193915905911656	0.0493403540878504	0.297554270062542	0.00123598237800082	TRUE	0.6516992879009851	0.6516992879009851	0.10363836415088598	Strongly NFAT5-dependent
Dph5	ENSMUSG00000033554	-0.590371265624158	1.4575099595434e-10	-0.302339904856345	0.0012963479366011	TRUE	1.9526739809773686	1.9526739809773686	0.288031360767813	NFAT5-independent
Cep164	ENSMUSG00000043987	-1.3452239933995	3.82405252478673e-39	-0.848429954467647	2.32350211407023e-17	TRUE	1.5855451429028926	1.5855451429028926	0.49679403893185303	NFAT5-independent
2310057M21Rik	ENSMUSG00000040177	0.46851237843581	1.56479095596958e-7	0.306536164243756	0.0010930935328944	TRUE	1.5284081719742906	1.5284081719742906	-0.161976214192054	NFAT5-independent
Yif1b	ENSMUSG00000030588	-0.338486248975611	2.7198921353878e-4	-0.45473229416658	1.22046341881211e-6	TRUE	0.7443637791241079	0.7443637791241079	-0.11624604519096898	Partially dependent
Tulp4	ENSMUSG00000034377	-0.511740259782509	6.51290882032919e-9	-0.289415951008743	0.0013342732448015	TRUE	1.7681826381678936	1.7681826381678936	0.22232430877376602	NFAT5-independent
Ythdc2	ENSMUSG00000034653	-0.37603898322242	8.16428849764055e-5	-0.299231318415195	0.00208799123249396	TRUE	1.2566832416273066	1.2566832416273066	0.076807664807225	NFAT5-independent
Itfg2	ENSMUSG00000001518	-0.304258543442784	0.00124769956509778	-0.286140876226037	0.00270225978828401	TRUE	1.063317298303214	1.063317298303214	0.018117667216747013	NFAT5-independent
Wdr20	ENSMUSG00000037957	0.287226729234145	0.004373808614141	0.396663829143824	4.74953107203062e-5	TRUE	0.7241061779041142	0.7241061779041142	0.10943709990967898	Partially dependent
Exd2	ENSMUSG00000032705	-0.0328096349448065	0.824418033940214	-0.284397169350392	0.00533471677508859	TRUE	0.11536554678005018	0.11536554678005018	-0.2515875344055855	Strongly NFAT5-dependent
Llgl2	ENSMUSG00000020782	0.401579938531206	6.60663019367047e-6	0.389362797803136	1.60521654942353e-5	TRUE	1.0313772676716975	1.0313772676716975	-0.012217140728070008	NFAT5-independent
Fam199x	ENSMUSG00000042595	1.00276885047595	5.92526688405595e-27	0.978608992649689	3.1743724755429e-25	TRUE	1.0246879581198671	1.0246879581198671	-0.024159857826260955	NFAT5-independent
Kdm1b	ENSMUSG00000038080	-0.357426529972799	2.3093859002464e-4	-0.350906695276526	3.5523748645818e-4	TRUE	1.018579966652204	1.018579966652204	0.006519834696272986	NFAT5-independent
Vps8	ENSMUSG00000033653	-0.597802708607712	1.05556913610421e-9	-0.734518235288098	2.72571297467822e-13	TRUE	0.813870479843482	0.813870479843482	-0.136715526680386	Partially dependent
Prpsap2	ENSMUSG00000020528	-1.33682057211998	3.1235480993970694e-43	-1.20165469841011	6.92315886481137e-35	TRUE	1.1124831233870311	1.1124831233870311	0.13516587370987	NFAT5-independent
Dph3	ENSMUSG00000021905	-0.322072578370964	5.4004457692914e-4	-0.310817683459812	9.4881670727993e-4	TRUE	1.0362106003296534	1.0362106003296534	0.011254894911152002	NFAT5-independent
Sepsecs	ENSMUSG00000029173	-0.0583845085474435	0.644329966936902	-0.279026058984736	0.00346071884501575	TRUE	0.20924392782481083	0.20924392782481083	-0.22064155043729247	Strongly NFAT5-dependent
Ugdh	ENSMUSG00000029201	-0.376566295998188	7.66102870450087e-5	-0.418055627305969	1.30966113707728e-5	TRUE	0.9007564338383717	0.9007564338383717	-0.041489331307780986	Partially dependent
Slamf7	ENSMUSG00000038179	-0.0135136615608991	0.912682403301077	-0.75755906528757	6.83285010913409e-14	TRUE	0.01783842630906846	0.01783842630906846	-0.7440454037266709	Strongly NFAT5-dependent
Tab1	ENSMUSG00000022414	-0.310991936029703	6.5892278496423e-4	-0.43558044693438	1.65047594622627e-6	TRUE	0.7139712955860799	0.7139712955860799	-0.12458851090467699	Partially dependent
Fam189b	ENSMUSG00000032657	0.0188679172809708	0.904385434728334	0.26902474862539	0.00457612329460617	TRUE	0.07013450389742353	0.07013450389742353	0.2501568313444192	Strongly NFAT5-dependent
Pot1a	ENSMUSG00000029676	-0.542411796449	7.111561964846961e-9	-0.283979830945869	0.00311873983641352	TRUE	1.910036338293307	1.910036338293307	0.25843196550313097	NFAT5-independent
Trim56	ENSMUSG00000043279	-1.42935479055806	1.13263432615083e-41	-1.14257549372964	8.4821897672094e-28	TRUE	1.2509937403718538	1.2509937403718538	0.28677929682841996	NFAT5-independent
Bola3	ENSMUSG00000045160	-0.852298838285122	5.4471752370277e-20	-0.563557047212745	1.2097466384584402e-9	TRUE	1.5123559229725607	1.5123559229725607	0.28874179107237696	NFAT5-independent
Sike1	ENSMUSG00000027854	-0.28675916966677	0.00633758000128961	-0.25146028167238	0.0178630883861659	TRUE	1.1403756003120202	1.1403756003120202	0.035298887994390016	NFAT5-independent
R3hcc1	ENSMUSG00000034194	-0.907573973785243	2.0620617708336202e-21	-0.779356456099432	5.75201855779571e-16	TRUE	1.1645171688543152	1.1645171688543152	0.1282175176858109	NFAT5-independent
Rad52	ENSMUSG00000030166	0.509338824406623	1.04038824359381e-8	0.395868037171453	1.64199212303164e-5	TRUE	1.2866379110724342	1.2866379110724342	-0.11347078723517001	NFAT5-independent
Pdp2	ENSMUSG00000048371	0.575847158071518	2.6004961081541896e-11	0.632586117246389	4.59857822205059e-13	TRUE	0.9103063478189303	0.9103063478189303	0.05673895917487104	Partially dependent
Gdpd5	ENSMUSG00000035314	-0.414474873241804	7.15760025248114e-5	-0.627239244506709	3.1163792556905403e-9	TRUE	0.6607923162839833	0.6607923162839833	-0.212764371264905	Strongly NFAT5-dependent
Sumf1	ENSMUSG00000030101	0.256223428825113	0.00988415633262923	0.297171764672026	0.00218699006530531	TRUE	0.8622065057489372	0.8622065057489372	0.04094833584691299	Partially dependent
Emc2	ENSMUSG00000022337	-0.693766383078776	9.86129152907812e-14	-0.49166240388314	1.45691293606571e-7	TRUE	1.4110625046768328	1.4110625046768328	0.20210397919563605	NFAT5-independent
Pus7l	ENSMUSG00000033356	-0.817742618549465	3.0780998156587e-17	-0.727366297786173	1.53625791829244e-13	TRUE	1.12425145492493	1.12425145492493	0.09037632076329194	NFAT5-independent
Gpr146	ENSMUSG00000044197	0.571375206241521	3.791147994112e-7	0.491485195372256	1.59695399407956e-5	TRUE	1.1625481532739872	1.1625481532739872	-0.07989001086926506	NFAT5-independent
Cenpn	ENSMUSG00000031756	-0.669211639133182	1.33239809635654e-12	-0.591480734293333	5.90529010370889e-10	TRUE	1.131417475385259	1.131417475385259	0.07773090483984901	NFAT5-independent
Mosmo	ENSMUSG00000046096	0.463665813253922	5.79318297344772e-6	0.35146518244828	8.0802220841967e-4	TRUE	1.3192368303001192	1.3192368303001192	-0.11220063080564197	NFAT5-independent
Gtf2ird1	ENSMUSG00000023079	0.737790436328523	2.18229875171487e-13	0.518018048024738	5.7850533531143e-7	TRUE	1.4242562380631374	1.4242562380631374	-0.21977238830378498	NFAT5-independent
Tbc1d25	ENSMUSG00000039201	0.768863196544972	2.59320268331723e-16	0.766210163245936	5.75072041790541e-16	TRUE	1.0034625399483046	1.0034625399483046	-0.0026530332990359895	NFAT5-independent
Paox	ENSMUSG00000025464	-0.377991024185566	2.9200494521195e-4	-0.460042807292899	1.10420446994592e-5	TRUE	0.8216431562311278	0.8216431562311278	-0.08205178310733297	Partially dependent
Tmem68	ENSMUSG00000028232	-0.0626043247542754	0.631565647821644	-0.260137606505561	0.00923787989884528	TRUE	0.24065849453772495	0.24065849453772495	-0.1975332817512856	Strongly NFAT5-dependent
Orai2	ENSMUSG00000039747	-0.1009256624355	0.40150998046302	0.342013075113617	3.1561871287068e-4	FALSE	-0.29509299433061853	0.29509299433061853	0.442938737549117	Strongly NFAT5-dependent
Pparg	ENSMUSG00000000440	-0.107991273293062	0.339490865582631	-0.685297706647794	5.37448240854054e-12	TRUE	0.15758300698438452	0.15758300698438452	-0.577306433354732	Strongly NFAT5-dependent
Smad7	ENSMUSG00000025880	0.285404662036109	0.00992159217170345	0.287726553166669	0.0085323906963351	TRUE	0.9919302160158466	0.9919302160158466	0.0023218911305600276	Partially dependent
Zbtb38	ENSMUSG00000040433	0.184355224670327	0.0659279520263837	0.631501625148593	4.91335563202065e-13	TRUE	0.2919315126496278	0.2919315126496278	0.447146400478266	Strongly NFAT5-dependent
Stat2	ENSMUSG00000040033	0.424832925909496	8.98435537350896e-6	0.385344441677371	7.15484861801012e-5	TRUE	1.1024758111476451	1.1024758111476451	-0.03948848423212503	NFAT5-independent
Exog	ENSMUSG00000042787	0.496420745958605	4.04445576691838e-8	0.357817615403749	1.3730968144325e-4	TRUE	1.3873569231589145	1.3873569231589145	-0.138603130554856	NFAT5-independent
Smpd1	ENSMUSG00000037049	-0.26867103446859	0.00924276572238476	-0.28474707888206	0.0055314359936593	TRUE	0.9435427240321976	0.9435427240321976	-0.016076044413470048	Partially dependent
Mkl2	ENSMUSG00000009569	0.432404394470649	7.25676484589546e-6	0.366051267560075	2.1518907171407e-4	TRUE	1.1812673054046572	1.1812673054046572	-0.06635312691057399	NFAT5-independent
Zkscan3	ENSMUSG00000021327	-0.312549897201457	0.00109278036131344	-0.265010295549962	0.00670249993558419	TRUE	1.1793877537958988	1.1793877537958988	0.047539601651494956	NFAT5-independent
Zswim4	ENSMUSG00000035671	0.71886400022715	8.204085049099749e-12	0.277327880702408	0.0148762164319645	TRUE	2.592108656390523	2.592108656390523	-0.44153611952474203	NFAT5-independent
Usp21	ENSMUSG00000053483	0.421717030639589	2.27715828796093e-5	0.45075453096554	5.98948178254916e-6	TRUE	0.9355802364010603	0.9355802364010603	0.029037500325951038	Partially dependent
Mfsd13a	ENSMUSG00000025227	-0.854337150864622	7.57946360024569e-16	-0.547852897973152	2.12317768258386e-7	TRUE	1.5594280034391452	1.5594280034391452	0.3064842528914701	NFAT5-independent
Nrm	ENSMUSG00000059791	-0.793056073377022	2.000267354483e-18	-0.680959225621148	9.57222421785874e-14	TRUE	1.1646160937956647	1.1646160937956647	0.11209684775587403	NFAT5-independent
Xpnpep3	ENSMUSG00000022401	-0.619235170635256	6.82532300103378e-10	-0.545834155135441	6.23715138152746e-8	TRUE	1.1344749404360774	1.1344749404360774	0.07340101549981504	NFAT5-independent
Mtg2	ENSMUSG00000039069	-0.701553871746822	1.08350286803721e-13	-0.545510360371778	9.53601581210552e-9	TRUE	1.2860505000651072	1.2860505000651072	0.15604351137504402	NFAT5-independent
Slc28a2	ENSMUSG00000027219	-1.19955767958856	1.74661511019139e-34	-0.577538094237251	9.01220462605377e-10	TRUE	2.077019146542713	2.077019146542713	0.6220195853513091	NFAT5-independent
Hs6st1	ENSMUSG00000045216	0.477969225427464	3.68153390665421e-7	0.420466658566088	1.07242056214033e-5	TRUE	1.1367589217596379	1.1367589217596379	-0.057502566861376	NFAT5-independent
Spg20	ENSMUSG00000036580	-0.427015073117218	6.33843559401659e-5	-0.548082550312498	3.76895295032635e-7	TRUE	0.7791072218477829	0.7791072218477829	-0.12106747719528	Partially dependent
Btg2	ENSMUSG00000020423	0.739780435248327	2.02730524207187e-14	0.92417014649029	8.381716181612809e-22	TRUE	0.8004807751665454	0.8004807751665454	0.1843897112419629	Partially dependent
Fam96b	ENSMUSG00000031879	-0.257816503675253	0.00885402901474282	-0.313530818477445	0.00130131563370522	TRUE	0.822300356077436	0.822300356077436	-0.05571431480219202	Partially dependent
Nck1	ENSMUSG00000032475	0.331454734866528	6.1495434155453e-4	0.353998814095313	2.3177686824774e-4	TRUE	0.9363159470282433	0.9363159470282433	0.022544079228784986	Partially dependent
Brwd3	ENSMUSG00000063663	0.377624414713016	9.47965604155929e-5	0.579995738454466	8.56820356927833e-10	TRUE	0.6510813609066929	0.6510813609066929	0.20237132374144995	Strongly NFAT5-dependent
Zmym5	ENSMUSG00000040123	0.394299180660913	2.48160238528786e-5	0.28433938395914	0.003470519116356	TRUE	1.3867202466668298	1.3867202466668298	-0.10995979670177303	NFAT5-independent
Lrrc42	ENSMUSG00000028617	0.500097422666348	5.2643628543868e-8	0.325136736441073	7.1449130782554e-4	TRUE	1.5381141735639723	1.5381141735639723	-0.17496068622527505	NFAT5-independent
Tef	ENSMUSG00000022389	0.378567949428654	1.2447486068203e-4	0.328410003462719	0.00105789724284145	TRUE	1.1527296532903235	1.1527296532903235	-0.050157945965935036	NFAT5-independent
Fibp	ENSMUSG00000024911	0.263602259733336	0.0318518569987519	0.42194883957354	2.6143312422445e-4	TRUE	0.6247256420938532	0.6247256420938532	0.158346579840204	Strongly NFAT5-dependent
Blvra	ENSMUSG00000001999	-0.665948607695461	2.02120496111057e-10	-0.662447211785933	4.60277044142267e-10	TRUE	1.0052855470552715	1.0052855470552715	0.0035013959095280267	NFAT5-independent
Zfp715	ENSMUSG00000012640	0.402661688342595	2.67738601910649e-5	0.490928904441691	2.20376158090535e-7	TRUE	0.8202036683917034	0.8202036683917034	0.08826721609909599	Partially dependent
Cenph	ENSMUSG00000045273	-0.636154257808945	1.8932080440363698e-11	-0.409566595738306	1.73503065146692e-5	TRUE	1.553237652748951	1.553237652748951	0.22658766207063896	NFAT5-independent
Pip4p1	ENSMUSG00000035953	0.532135903396255	9.44500340287464e-9	0.544795604481647	5.0367167110012e-9	TRUE	0.976762475722547	0.976762475722547	0.012659701085391939	Partially dependent
Lmtk3	ENSMUSG00000062044	1.05991275545156	3.87657896307965e-20	1.29802278829608	1.59717066346336e-29	TRUE	0.8165594356343404	0.8165594356343404	0.23811003284452004	Partially dependent
Adgrg5	ENSMUSG00000061577	-1.55945964158335	1.33873660990784e-57	-1.04343725860523	5.86469864498952e-29	TRUE	1.4945408827626978	1.4945408827626978	0.5160223829781199	NFAT5-independent
Dcakd	ENSMUSG00000020935	-0.067988888563107	0.623298170854637	-0.294909688854036	0.00517877687143713	TRUE	0.23054138650818537	0.23054138650818537	-0.226920800290929	Strongly NFAT5-dependent
Agpat2	ENSMUSG00000026922	0.451269208426787	1.70665809024027e-6	0.547514933900634	5.14096861554e-9	TRUE	0.8242135154411804	0.8242135154411804	0.09624572547384697	Partially dependent
Sytl1	ENSMUSG00000028860	-0.998724577415053	2.2831373542102598e-26	-0.590845852546164	1.55798345608475e-10	TRUE	1.690330181909876	1.690330181909876	0.4078787248688891	NFAT5-independent
Inka2	ENSMUSG00000048458	-0.342214612345111	2.8061143967563e-4	-0.545762606235566	9.64300090304165e-9	TRUE	0.6270393178923692	0.6270393178923692	-0.20354799389045503	Strongly NFAT5-dependent
Trim30a	ENSMUSG00000030921	-0.273028156244355	0.00603253569536144	-0.28018899080531	0.00486787567363684	TRUE	0.9744428410967413	0.9744428410967413	-0.0071608345609550095	Partially dependent
Ids	ENSMUSG00000035847	-0.781370224222632	3.90613301083189e-16	-0.611457168301728	2.28783698587429e-10	TRUE	1.2778821882043243	1.2778821882043243	0.169913055920904	NFAT5-independent
Gm17018	ENSMUSG00000041035	-0.446469424773316	2.04015537759636e-6	-0.296498610858408	0.00208581495235134	TRUE	1.505806126648351	1.505806126648351	0.14997081391490802	NFAT5-independent
Zer1	ENSMUSG00000039686	-0.999179170740149	8.65661138510139e-23	-0.789027884505828	8.42487086955229e-15	TRUE	1.266342027146404	1.266342027146404	0.210151286234321	NFAT5-independent
Cenpx	ENSMUSG00000025144	-0.649553357325398	2.2432081283515601e-10	-0.420896430780227	4.40136062816886e-5	TRUE	1.5432617380986184	1.5432617380986184	0.228656926545171	NFAT5-independent
Creb3	ENSMUSG00000028466	0.211922115513088	0.0516391516268178	0.351135967906216	4.9566566500743e-4	TRUE	0.6035329185351065	0.6035329185351065	0.13921385239312797	Strongly NFAT5-dependent
Sys1	ENSMUSG00000045503	-0.583223257735054	8.41281778819283e-10	-0.664328334039117	8.3482191506096e-12	TRUE	0.8779141696231079	0.8779141696231079	-0.08110507630406294	Partially dependent
Abcd1	ENSMUSG00000031378	-1.44604368117601	1.5286438778890302e-46	-1.02989364375866	1.1337103635816598e-25	TRUE	1.4040708862893694	1.4040708862893694	0.4161500374173499	NFAT5-independent
Eefsec	ENSMUSG00000033216	-0.729309808378604	2.72750757379688e-14	-0.481636976354285	5.14173389078969e-7	TRUE	1.5142313488865826	1.5142313488865826	0.24767283202431906	NFAT5-independent
D11Wsu47e	ENSMUSG00000041623	0.398378266007839	2.56599037202409e-5	0.412171060003612	1.44902145585586e-5	TRUE	0.9665362386295338	0.9665362386295338	0.01379279399577299	Partially dependent
Jmjd4	ENSMUSG00000036819	0.17558951752465	0.0954089382797588	0.292659560528611	0.00248626274570765	TRUE	0.5999787507624718	0.5999787507624718	0.11707004300396098	Strongly NFAT5-dependent
Abhd4	ENSMUSG00000040997	0.614815002024061	4.0101398085117003e-10	0.590692050109123	2.8991193874679904e-9	TRUE	1.040838457044549	1.040838457044549	-0.024122951914938073	NFAT5-independent
Golga1	ENSMUSG00000026754	0.232819882309455	0.0246898972447675	0.341109877004186	4.991893077603e-4	TRUE	0.6825363262835039	0.6825363262835039	0.108289994694731	Partially dependent
Trip10	ENSMUSG00000019487	1.25713785936624	2.2560046278852e-38	0.87176698464938	5.0790413808507095e-18	TRUE	1.4420572027878	1.4420572027878	-0.38537087471685993	NFAT5-independent
Zfp7	ENSMUSG00000033669	0.629935635425777	2.69557502337876e-10	0.380005680118486	2.5568978496855e-4	TRUE	1.6577005776054787	1.6577005776054787	-0.249929955307291	NFAT5-independent
Gm6560	ENSMUSG00000104913	0.20717597752477	0.0431721026333296	0.464141190191141	5.17756430050096e-7	TRUE	0.4463641277764025	0.4463641277764025	0.25696521266637096	Strongly NFAT5-dependent
Stap1	ENSMUSG00000029254	-0.816735069065932	6.1087670070797306e-17	-0.719832221395468	2.94173239953522e-13	TRUE	1.1346186580570232	1.1346186580570232	0.09690284767046398	NFAT5-independent
Vamp1	ENSMUSG00000030337	0.709389448984055	6.97791463610698e-14	0.528222893175512	6.56978504627366e-8	TRUE	1.3429736918811412	1.3429736918811412	-0.18116655580854302	NFAT5-independent
Vasn	ENSMUSG00000039646	-0.962216218770529	2.1562558302382597e-23	-0.581781845628501	9.39821994800585e-10	TRUE	1.6539124175163	1.6539124175163	0.380434373142028	NFAT5-independent
Triap1	ENSMUSG00000029535	-0.124330417516672	0.287789477587343	-0.261974181530856	0.0108458983447856	TRUE	0.47459034623237495	0.47459034623237495	-0.137643764014184	Strongly NFAT5-dependent
1110059E24Rik	ENSMUSG00000035171	-0.534336583016147	2.07328116287024e-8	-0.321455397036196	9.3491466777719e-4	TRUE	1.6622417540433467	1.6622417540433467	0.21288118597995093	NFAT5-independent
Gga2	ENSMUSG00000030872	-0.671772903157358	2.9999072350608398e-12	-0.613986744256107	3.14684127496591e-10	TRUE	1.0941162972032294	1.0941162972032294	0.05778615890125105	NFAT5-independent
Xrcc2	ENSMUSG00000028933	-0.22704261889332	0.0491998866680686	-0.264586635466627	0.0182702626597815	TRUE	0.8581031256280421	0.8581031256280421	-0.03754401657330697	Partially dependent
Pole2	ENSMUSG00000020974	-0.5566884267455	4.6010542479014e-9	-0.356427186263139	2.1441655720638e-4	TRUE	1.5618573672281957	1.5618573672281957	0.200261240482361	NFAT5-independent
Copg2	ENSMUSG00000025607	-1.12118095879482	2.4486197879757398e-33	-0.980983704819759	1.3475211617905499e-25	TRUE	1.142914967176565	1.142914967176565	0.140197253975061	NFAT5-independent
Rcn2	ENSMUSG00000032320	-0.277748543467701	0.0156669726790286	-0.454671782684302	4.85766919029852e-5	TRUE	0.6108770195236718	0.6108770195236718	-0.17692323921660097	Strongly NFAT5-dependent
Zfp984	ENSMUSG00000078495	-0.433719985965691	1.46294603004172e-5	-0.319608101811207	0.0017893202681347	TRUE	1.3570368945837614	1.3570368945837614	0.11411188415448398	NFAT5-independent
Grn	ENSMUSG00000034708	0.204665559533812	0.049604425171667	0.300110992487404	0.00199267960349509	TRUE	0.6819662213552609	0.6819662213552609	0.09544543295359204	Partially dependent
Ticam1	ENSMUSG00000047123	0.389379282406043	3.23857622676097e-5	0.453239416458464	1.21202683019847e-6	TRUE	0.8591028676380064	0.8591028676380064	0.06386013405242097	Partially dependent
Prag1	ENSMUSG00000050271	0.375290826464201	1.2375419441321e-4	-0.278588591438711	0.0089295465455694	FALSE	-1.3471148424495492	1.3471148424495492	-0.6538794179029119	NFAT5-independent (Opposite direction)
Adprm	ENSMUSG00000020910	0.390398767470624	3.94665555576548e-5	0.382023040891428	6.37510492766267e-5	TRUE	1.0219246633911183	1.0219246633911183	-0.008375726579195997	NFAT5-independent
Pmaip1	ENSMUSG00000024521	-0.324614093511868	0.00113482130803469	-0.417427889752082	2.23837036497052e-5	TRUE	0.7776531024428247	0.7776531024428247	-0.09281379624021402	Partially dependent
Slc20a2	ENSMUSG00000037656	-0.0625986081287227	0.619576267045361	-0.616535838636539	6.80239987435314e-10	TRUE	0.10153279696953012	0.10153279696953012	-0.5539372305078163	Strongly NFAT5-dependent
Bsdc1	ENSMUSG00000040859	0.737127802499051	8.64658058446894e-16	0.518709497512498	4.59399775889436e-8	TRUE	1.4210802116290349	1.4210802116290349	-0.218418304986553	NFAT5-independent
Mrpl27	ENSMUSG00000024414	-0.491132831788606	2.06532618137074e-6	-0.407876630955956	9.81989722555849e-5	TRUE	1.2041210368868627	1.2041210368868627	0.083256200832650007	NFAT5-independent
Cdk19	ENSMUSG00000038481	0.586368677853315	5.23595259773502e-10	0.802430529540955	1.08853531697737e-17	TRUE	0.7307407386266297	0.7307407386266297	0.21606185168763992	Partially dependent
Msantd2	ENSMUSG00000042138	0.539702081241235	9.766769523004091e-9	0.333522629375661	7.1682382865233e-4	TRUE	1.6181872943719962	1.6181872943719962	-0.20617945186557396	NFAT5-independent
Tpra1	ENSMUSG00000002871	0.2379932602057	0.0205901306030269	0.350265252030466	2.9573868735922e-4	TRUE	0.6794658014920629	0.6794658014920629	0.112271991824766	Strongly NFAT5-dependent
Ppa2	ENSMUSG00000028013	-0.430085250342369	4.54198075282576e-6	-0.486350748120706	3.62002580115584e-7	TRUE	0.8843108641330338	0.8843108641330338	-0.056265497778337004	Partially dependent
Rars2	ENSMUSG00000028292	-1.64782298452322	4.92126629072253e-50	-1.39187064826453	7.75609079413395e-37	TRUE	1.1838908928626573	1.1838908928626573	0.25595233625868996	NFAT5-independent
Fuca2	ENSMUSG00000019810	-0.725051471348874	1.5076702869221602e-14	-0.527215375500178	2.49087989664031e-8	TRUE	1.375247204543315	1.375247204543315	0.197836095848696	NFAT5-independent
Bbs9	ENSMUSG00000035919	1.00052618515224	3.32309652621895e-27	0.811845523371138	1.33540340331009e-17	TRUE	1.2324095611165253	1.2324095611165253	-0.188680661781102	NFAT5-independent
Supt7l	ENSMUSG00000053134	0.393674514232409	4.00868016814343e-5	0.282472252071672	0.00452143408514012	TRUE	1.3936749940752466	1.3936749940752466	-0.11120226216073703	NFAT5-independent
Cln5	ENSMUSG00000022125	-0.298907352074586	0.00266366925102092	-0.256294259614753	0.0113845144926146	TRUE	1.1662662773793162	1.1662662773793162	0.042613092459833024	NFAT5-independent
Pisd	ENSMUSG00000023452	0.566794862153073	1.99760000137321e-9	0.251959578949034	0.0142170461169333	TRUE	2.2495467904704007	2.2495467904704007	-0.314835283204039	NFAT5-independent
Gbp7	ENSMUSG00000040253	-2.36415992166643	4.95438737470493e-97	-1.31774234799869	4.57271330779205e-39	TRUE	1.794098766922819	1.794098766922819	1.0464175736677401	NFAT5-independent
Slc25a28	ENSMUSG00000040414	0.543025543621418	9.90850532029104e-9	0.413642759718346	2.12868133868648e-5	TRUE	1.312788706832848	1.312788706832848	-0.12938278390307195	NFAT5-independent
Zbtb43	ENSMUSG00000026788	0.501611459942458	2.70014212704561e-6	0.333073940353174	0.00263051901482739	TRUE	1.5060063222315614	1.5060063222315614	-0.16853751958928403	NFAT5-independent
Vhl	ENSMUSG00000033933	0.371279213581809	5.9598671176274e-4	0.310156624543332	0.00477627071116219	TRUE	1.1970700742841545	1.1970700742841545	-0.061122589038477004	NFAT5-independent
Nckap1	ENSMUSG00000027002	0.641890862779404	2.23272729637102e-11	0.25226919136338	0.0167188019696523	TRUE	2.5444679126703003	2.5444679126703003	-0.389621671416024	NFAT5-independent
Ndufa5	ENSMUSG00000023089	-0.419555362026522	5.76273713185521e-5	-0.410917318388855	7.48704347447993e-5	TRUE	1.021021366710791	1.021021366710791	0.008638043637667014	NFAT5-independent
Mdp1	ENSMUSG00000002329	-0.434126628893563	8.85889652432072e-6	-0.375935658422403	1.466736718097e-4	TRUE	1.1547897071412587	1.1547897071412587	0.05819097047116001	NFAT5-independent
Plxnd1	ENSMUSG00000030123	1.68278118277283	8.17155808812436e-64	0.377942675297829	8.1823636784282e-4	TRUE	4.452477300814874	4.452477300814874	-1.304838507475001	NFAT5-independent
Commd8	ENSMUSG00000029213	-0.59845199941608	1.72086322677323e-10	-0.331319999649667	4.9380830831854e-4	TRUE	1.8062658458555911	1.8062658458555911	0.26713199976641294	NFAT5-independent
Hps1	ENSMUSG00000025188	-0.997184272527404	2.20612146789886e-24	-0.983032712804337	5.661240877027709e-23	TRUE	1.0143958176963372	1.0143958176963372	0.014151559723067031	NFAT5-independent
Ccdc102a	ENSMUSG00000063605	0.458909796401339	1.65401420612182e-6	0.264268587659208	0.00944314516562621	TRUE	1.7365279788498125	1.7365279788498125	-0.19464120874213098	NFAT5-independent
Fuk	ENSMUSG00000033703	0.541934043489906	1.88991377106619e-8	0.558177165906676	8.126981107104771e-9	TRUE	0.9708997010109051	0.9708997010109051	0.01624312241676995	Partially dependent
Ubxn2b	ENSMUSG00000028243	-0.174428399802723	0.10337665271248	-0.32423823227335	0.00108120638622078	TRUE	0.5379637021203305	0.5379637021203305	-0.149809832470627	Strongly NFAT5-dependent
Tspan14	ENSMUSG00000037824	0.265557826354662	0.00847984985937767	0.32419268292571	9.5709170340253e-4	TRUE	0.8191357804812504	0.8191357804812504	0.058634856571048	Partially dependent
Tle1	ENSMUSG00000008305	0.402381318228023	9.47990858650342e-5	0.252090634376304	0.020155240064895	TRUE	1.5961771813679324	1.5961771813679324	-0.15029068385171895	NFAT5-independent
Cptp	ENSMUSG00000029073	0.594306064415558	1.6813191504094e-8	0.346417833282139	0.00161787265343601	TRUE	1.7155758373776535	1.7155758373776535	-0.247888231133419	NFAT5-independent
Rps6kc1	ENSMUSG00000089872	0.57923123646404	1.54967149702208e-8	0.31865992684905	0.00311873983641352	TRUE	1.8177096887944222	1.8177096887944222	-0.26057130961499	NFAT5-independent
Daglb	ENSMUSG00000039206	0.519028228780536	7.98963877472865e-8	0.347676084571825	5.5241290024054e-4	TRUE	1.4928499595240698	1.4928499595240698	-0.17135214420871103	NFAT5-independent
Fopnl	ENSMUSG00000022677	-0.613126733716901	3.99920479908223e-10	-0.545108667091727	4.04015540989446e-8	TRUE	1.1247789124103733	1.1247789124103733	0.06801806662517396	NFAT5-independent
Vta1	ENSMUSG00000019868	-0.456784117877317	1.47088034819614e-6	-0.310298049386023	0.00138616326326383	TRUE	1.4720818219165133	1.4720818219165133	0.14648606849129397	NFAT5-independent
Hps6	ENSMUSG00000074811	0.661304721069345	3.0609884489052598e-12	0.481301063603804	8.50558006519663e-7	TRUE	1.3739938908876295	1.3739938908876295	-0.18000365746554103	NFAT5-independent
Pnrc1	ENSMUSG00000040128	0.199603225119003	0.0693848403971869	0.280750749464284	0.00651134970078806	TRUE	0.7109623945790952	0.7109623945790952	0.08114752434528102	Strongly NFAT5-dependent
Stat4	ENSMUSG00000062939	-0.396453642949477	7.65938944960237e-5	-0.28589866108377	0.00529681710722061	TRUE	1.386692898268991	1.386692898268991	0.110554981865707	NFAT5-independent
Pcmtd2	ENSMUSG00000027589	0.0810052182129406	0.559402199259414	0.312484925629178	0.00277576070245287	TRUE	0.2592292029762373	0.2592292029762373	0.2314797074162374	Strongly NFAT5-dependent
Scly	ENSMUSG00000026307	-1.67899486582293	9.503413343316909e-56	-0.96437023227271	1.1241551569022401e-21	TRUE	1.741027262803498	1.741027262803498	0.7146246335502199	NFAT5-independent
Zfp850	ENSMUSG00000096916	0.450839838187973	2.30372791057388e-6	0.415010540023799	1.83392560359012e-5	TRUE	1.0863334655599817	1.0863334655599817	-0.03582929816417402	NFAT5-independent
Ppp1r13l	ENSMUSG00000040734	1.1570902033957	1.46846624832817e-28	0.984575077471542	2.84022591359935e-20	TRUE	1.1752178476497586	1.1752178476497586	-0.17251512592415796	NFAT5-independent
Papolg	ENSMUSG00000020273	0.32798749924404	0.00121195244400986	0.303391206541921	0.00300432790492488	TRUE	1.081071211596637	1.081071211596637	-0.02459629270211905	NFAT5-independent
Chid1	ENSMUSG00000025512	-1.61960688190392	3.15823814950706e-53	-1.35653383736775	1.02154679172255e-38	TRUE	1.1939303224803024	1.1939303224803024	0.26307304453617	NFAT5-independent
Med30	ENSMUSG00000038622	-0.755567130873666	2.4095049294661202e-14	-0.807501071159087	2.22285713170549e-15	TRUE	0.9356856081802157	0.9356856081802157	-0.051933940285420976	Partially dependent
Mex3d	ENSMUSG00000048696	0.943056798681624	1.70034438084068e-23	0.792380384204181	2.34746935824186e-16	TRUE	1.1901566690457301	1.1901566690457301	-0.15067641447744295	NFAT5-independent
Ngrn	ENSMUSG00000047084	0.534155055638829	6.87374846151926e-8	0.730722469533431	7.63768806425068e-14	TRUE	0.7309957992394691	0.7309957992394691	0.19656741389460197	Partially dependent
Parp9	ENSMUSG00000022906	-0.835135384675351	1.1911602071095898e-18	-0.742061805248937	8.95783283576084e-15	TRUE	1.1254256434815304	1.1254256434815304	0.09307357942641403	NFAT5-independent
Ift140	ENSMUSG00000024169	-0.907867254714942	2.47726847630691e-22	-0.595224448645584	1.33419021860716e-10	TRUE	1.525251956267535	1.525251956267535	0.312642806069358	NFAT5-independent
Mtg1	ENSMUSG00000039018	-0.943923787610989	5.06629004692591e-21	-1.00478142171644	1.6146837182776499e-22	TRUE	0.939431967201892	0.939431967201892	-0.060857634105450864	Partially dependent
Nckap5l	ENSMUSG00000023009	1.51071474125671	2.13922294119481e-50	1.11161282948735	2.15403804104286e-26	TRUE	1.3590296020183723	1.3590296020183723	-0.39910191176935994	NFAT5-independent
Tmem19	ENSMUSG00000069520	-0.693151101865233	1.02219025989942e-12	-0.697047360346175	2.0023836407728397e-12	TRUE	0.9944103389488385	0.9944103389488385	-0.0038962584809419942	Partially dependent
Hspa13	ENSMUSG00000032932	0.618001764909889	1.7057086232631e-9	0.548174159073179	1.44662080813588e-7	TRUE	1.1273821552529408	1.1273821552529408	-0.06982760583671	NFAT5-independent
Dph6	ENSMUSG00000057147	-0.469731634949345	1.00194095104113e-5	-0.491331326550507	4.94595127609509e-6	TRUE	0.9560384399814132	0.9560384399814132	-0.021599691601161985	Partially dependent
Manba	ENSMUSG00000028164	-0.109490921389297	0.371060846909658	-0.253115624858201	0.016171111958766	TRUE	0.4325727479314459	0.4325727479314459	-0.143624703468904	Strongly NFAT5-dependent
Cd24a	ENSMUSG00000047139	0.922688407385252	1.27192774684329e-14	2.30536091271549	2.13132940648104e-91	TRUE	0.4002359900768922	0.4002359900768922	1.382672505330238	Strongly NFAT5-dependent
Slc25a16	ENSMUSG00000071253	-0.551782337236803	1.01851220264555e-7	-0.344623994461293	0.00103427756265063	TRUE	1.601114101469732	1.601114101469732	0.20715834277551004	NFAT5-independent
Zfp830	ENSMUSG00000046010	0.347850772804388	4.5871188259894e-4	0.474501812741047	9.17991456354001e-7	TRUE	0.7330862885327328	0.7330862885327328	0.12665103993665905	Partially dependent
Pomt1	ENSMUSG00000039254	-0.631828158456552	2.5967788028112803e-9	-0.522154000502189	1.07068317059964e-6	TRUE	1.2100417843181943	1.2100417843181943	0.10967415795436308	NFAT5-independent
Usb1	ENSMUSG00000031792	-0.343382552290658	5.0521015371596e-4	-0.338932310282584	6.5847500142253e-4	TRUE	1.0131301793103278	1.0131301793103278	0.004450242008073979	NFAT5-independent
Lbh	ENSMUSG00000024063	-0.937813854773993	2.25023781196328e-22	-0.539713219945381	1.36337921377084e-8	TRUE	1.7376151261755268	1.7376151261755268	0.398100634828612	NFAT5-independent
Zfp12	ENSMUSG00000029587	0.547716572251775	1.85780473537421e-8	0.597302727026505	7.72270305019681e-10	TRUE	0.9169832104708778	0.9169832104708778	0.04958615477473005	Partially dependent
Dhx34	ENSMUSG00000006019	-0.847283742754098	6.20582825649605e-13	-0.72773028603134	8.435777765528931e-10	TRUE	1.164282645669098	1.164282645669098	0.11955345672275797	NFAT5-independent
Mrpl32	ENSMUSG00000015672	-0.239812733829173	0.0444914632192051	-0.252538174768942	0.0308317770924098	TRUE	0.9496098324484523	0.9496098324484523	-0.012725440939769017	Partially dependent
Ice2	ENSMUSG00000032235	-1.01919880211585	3.7775915802982498e-22	-0.742044148036483	1.31094231099991e-12	TRUE	1.3735015697014035	1.3735015697014035	0.277154654079367	NFAT5-independent
Cox17	ENSMUSG00000046516	0.43874068054565	5.48719133618346e-5	0.541953380312829	5.0344255220098e-7	TRUE	0.8095542836035047	0.8095542836035047	0.103212699767179	Partially dependent
Rnf167	ENSMUSG00000040746	0.244354672026131	0.0256325234103785	0.402387143905454	8.83353648472205e-5	TRUE	0.6072626218981421	0.6072626218981421	0.15803247187932298	Strongly NFAT5-dependent
Mcrip1	ENSMUSG00000061111	-0.773404696137407	4.31477851977206e-14	-0.659784901257079	1.5973035814078801e-10	TRUE	1.1722073279698426	1.1722073279698426	0.11361979488032803	NFAT5-independent
Sumf2	ENSMUSG00000025538	-0.497641329072052	3.92612018914487e-7	-0.317561730919087	0.00150432543460104	TRUE	1.5670695824455254	1.5670695824455254	0.18007959815296498	NFAT5-independent
Gzf1	ENSMUSG00000027439	0.712806656703111	1.0820916736455999e-13	0.587727450623043	2.10733156015956e-9	TRUE	1.21281838366997	1.21281838366997	-0.12507920608006806	NFAT5-independent
Tiam1	ENSMUSG00000002489	0.21237952186948	0.0485738881664573	0.335073323673559	7.6915117342431e-4	TRUE	0.6338299914211855	0.6338299914211855	0.12269380180407902	Strongly NFAT5-dependent
Mpi	ENSMUSG00000032306	0.433004614928024	2.05278915447781e-5	0.460214985170853	7.22243003079655e-6	TRUE	0.9408746539777985	0.9408746539777985	0.02721037024282902	Partially dependent
Ska2	ENSMUSG00000020492	-0.48017753301913	1.00967888613665e-5	-0.599732017992006	5.66940622257691e-8	TRUE	0.8006534895816257	0.8006534895816257	-0.11955448497287602	Partially dependent
0610037L13Rik	ENSMUSG00000028608	-0.136547423897051	0.227084883614175	-0.252946222951401	0.0130260776253088	TRUE	0.5398278824004661	0.5398278824004661	-0.11639879905435002	Strongly NFAT5-dependent
Gins1	ENSMUSG00000027454	-0.203591285054641	0.0444831441021154	-0.387831202793648	5.64209564158248e-5	TRUE	0.5249481825807737	0.5249481825807737	-0.18423991773900703	Strongly NFAT5-dependent
Hook2	ENSMUSG00000052566	-0.211527401342893	0.0413666034191422	-0.372142488150674	1.7023577033499e-4	TRUE	0.568404329196749	0.568404329196749	-0.16061508680778103	Strongly NFAT5-dependent
Gpatch3	ENSMUSG00000028850	0.883491896462426	1.03647638511193e-19	0.760597370594875	1.94698805260562e-14	TRUE	1.1615763222681579	1.1615763222681579	-0.12289452586755101	NFAT5-independent
Cab39l	ENSMUSG00000021981	-1.20492352716069	1.30052180171155e-32	-1.12589057688079	4.36728546476755e-28	TRUE	1.0701959425745047	1.0701959425745047	0.07903295027989987	NFAT5-independent
Wdr92	ENSMUSG00000078970	-0.698361105190242	1.5121560467597198e-11	-0.570279165258045	4.09619048933111e-8	TRUE	1.2245951592396704	1.2245951592396704	0.12808193993219696	NFAT5-independent
Rnf185	ENSMUSG00000020448	0.553902930924423	5.47674972476163e-8	0.489250636240949	2.33171655538912e-6	TRUE	1.132145550550973	1.132145550550973	-0.064652294683474	NFAT5-independent
Kdsr	ENSMUSG00000009905	0.275422220671871	0.00909649935565507	0.4690702647535	2.75314070205242e-6	TRUE	0.5871662336486144	0.5871662336486144	0.193648044081629	Strongly NFAT5-dependent
Tmem170b	ENSMUSG00000087370	0.657829101279861	7.93589892451804e-12	0.495661119553089	5.54902815667648e-7	TRUE	1.3271751108357868	1.3271751108357868	-0.16216798172677205	NFAT5-independent
Numb	ENSMUSG00000021224	0.580347111712342	2.2379582470547803e-9	0.539434480567602	3.97657265173702e-8	TRUE	1.0758435595397815	1.0758435595397815	-0.040912631144739975	NFAT5-independent
Gys1	ENSMUSG00000003865	-0.554972899723979	1.51257616382346e-7	-0.418264197323323	8.84335710072979e-5	TRUE	1.326847727526099	1.326847727526099	0.13670870240065602	NFAT5-independent
Senp7	ENSMUSG00000052917	0.190357514803074	0.085261142798188	0.278377840033812	0.00669508889896034	TRUE	0.6838098707136783	0.6838098707136783	0.088020325230738	Strongly NFAT5-dependent
Asl	ENSMUSG00000025533	0.461176586271148	4.6064970034559e-6	0.38857085098548	1.5391165842129e-4	TRUE	1.1868532729656067	1.1868532729656067	-0.072605735285668	NFAT5-independent
Nipsnap3b	ENSMUSG00000015247	-0.512896827427877	8.59752897895294e-8	-0.349196378016233	3.3462251159737e-4	TRUE	1.4687919454996012	1.4687919454996012	0.16370044941164402	NFAT5-independent
Fam8a1	ENSMUSG00000069237	0.307356234829824	0.00504121111176794	0.328330812488391	0.00238358569855126	TRUE	0.936117547117791	0.936117547117791	0.02097457765856703	Partially dependent
Lactb2	ENSMUSG00000025937	-0.633372122064901	1.92218084725215e-8	-0.54139573902134	1.90807685429713e-6	TRUE	1.16988752665439	1.16988752665439	0.09197638304356104	NFAT5-independent
Dtnb	ENSMUSG00000071454	-0.513661008876165	1.2582826853911e-7	-0.574681646578337	7.196576288835351e-9	TRUE	0.8938183634965727	0.8938183634965727	-0.06102063770217203	Partially dependent
Zfp770	ENSMUSG00000040321	0.507816997617051	6.61894084130735e-7	0.461415961976035	7.9395805442038e-6	TRUE	1.1005622680288334	1.1005622680288334	-0.046401035641016	NFAT5-independent
Btbd2	ENSMUSG00000003344	-1.2900085744833	1.2069240983367e-27	-1.21871938316636	2.23497242541915e-24	TRUE	1.058495164926091	1.058495164926091	0.07128919131694	NFAT5-independent
Tada1	ENSMUSG00000026563	0.37625251719977	1.4362385828919e-4	0.31508017480258	0.00184701538209721	TRUE	1.1941484970786207	1.1941484970786207	-0.061172342397189994	NFAT5-independent
Zbtb39	ENSMUSG00000044617	0.49092023646712	3.86887069693252e-7	0.338346503233056	7.5103602265706e-4	TRUE	1.4509392938190644	1.4509392938190644	-0.15257373323406404	NFAT5-independent
Rpl30-ps10	ENSMUSG00000083411	-0.0244658771311704	0.934742294389888	1.55842665358377	0.00349172392679056	FALSE	-0.015699087971133244	0.015699087971133244	1.5828925307149404	Strongly NFAT5-dependent
Polr3g	ENSMUSG00000035834	-0.195008039173163	0.126007670648912	-0.459344682110382	8.66379715145586e-5	TRUE	0.42453531469490696	0.42453531469490696	-0.264336642937219	Strongly NFAT5-dependent
Ccdc84	ENSMUSG00000043923	0.746377551276786	4.7038528109973e-13	0.663241109565899	2.67753239302839e-10	TRUE	1.1253487464992948	1.1253487464992948	-0.08313644171088697	NFAT5-independent
Trim46	ENSMUSG00000042766	1.02675464660465	1.45222707831403e-24	1.57386901837226	5.96928351844973e-58	TRUE	0.6523761727431098	0.6523761727431098	0.5471143717676099	Strongly NFAT5-dependent
Zfp672	ENSMUSG00000049755	-0.161652212987146	0.160219509040161	-0.310462119645187	0.00334205775290693	TRUE	0.520682565627945	0.520682565627945	-0.148809906658041	Strongly NFAT5-dependent
Pqlc3	ENSMUSG00000045679	-1.08330789401411	6.62749542720006e-28	-0.824312026919793	4.67621816180313e-17	TRUE	1.314196394855607	1.314196394855607	0.2589958670943171	NFAT5-independent
Qrsl1	ENSMUSG00000019863	-0.495439010260538	6.32389879550288e-7	-0.44248226889944	1.12071377349258e-5	TRUE	1.119681047317024	1.119681047317024	0.052956741361098014	NFAT5-independent
Ddr1	ENSMUSG00000003534	0.95407117134397	4.3939275888331495e-20	0.670892415085848	3.95107136254991e-10	TRUE	1.4220926483747565	1.4220926483747565	-0.28317875625812206	NFAT5-independent
Ppp1r12b	ENSMUSG00000073557	0.765136195492224	3.4921539699019705e-15	0.48889250963251	1.4280563497083e-6	TRUE	1.5650397181731428	1.5650397181731428	-0.276243685859714	NFAT5-independent
Nek8	ENSMUSG00000017405	-0.231473010175616	0.0634644217312685	-0.509649559252018	1.54987916945603e-5	TRUE	0.45418073257109254	0.45418073257109254	-0.27817654907640205	Strongly NFAT5-dependent
Hopx	ENSMUSG00000059325	0.0385467464829833	0.794322650659317	-0.251764903007658	0.0180122481061041	FALSE	-0.15310611615238048	0.15310611615238048	-0.2903116494906413	Strongly NFAT5-dependent
Ccdc66	ENSMUSG00000046753	-0.555403549095895	2.21445136377874e-8	-0.502939651972282	5.76285957797921e-7	TRUE	1.1043144976099526	1.1043144976099526	0.05246389712361299	NFAT5-independent
Gpatch2	ENSMUSG00000039210	0.372780485820492	3.4435120550768e-4	0.309284884577145	0.00384113558854379	TRUE	1.20529810672823	1.20529810672823	-0.06349560124334702	NFAT5-independent
Cep89	ENSMUSG00000023072	-0.753307190203091	2.31047348847847e-13	-0.560191186579274	4.24190402910561e-8	TRUE	1.3447323132715667	1.3447323132715667	0.19311600362381698	NFAT5-independent
Bin3	ENSMUSG00000022089	-0.804194251485278	1.67483964610541e-14	-0.49954100214145303	1.55129796950939e-6	TRUE	1.60986635338806	1.60986635338806	0.304653249343825	NFAT5-independent
Ift57	ENSMUSG00000032965	-0.516838272804485	1.13422392258377e-7	-0.276400585519618	0.00581993752472641	TRUE	1.8698884875111872	1.8698884875111872	0.24043768728486703	NFAT5-independent
Kat2b	ENSMUSG00000000708	0.131998203878874	0.262501299794765	0.300092199602214	0.00256438262285251	TRUE	0.4398588302323209	0.4398588302323209	0.16809399572334	Strongly NFAT5-dependent
Timmdc1	ENSMUSG00000002846	-0.544462809558902	1.92232136440971e-7	-0.728577719091362	1.1854905551970499e-11	TRUE	0.7472954432890468	0.7472954432890468	-0.18411490953246	Partially dependent
Ift52	ENSMUSG00000017858	-0.862579711909004	2.96576646194086e-17	-0.567996976854819	2.25500303062452e-8	TRUE	1.518634336199083	1.518634336199083	0.294582735054185	NFAT5-independent
Nprl2	ENSMUSG00000010057	0.666129291318385	1.4821622597786797e-11	0.562763804489926	2.29379518608585e-8	TRUE	1.183674724642511	1.183674724642511	-0.10336548682845903	NFAT5-independent
Tbc1d17	ENSMUSG00000038520	0.167538354695595	0.124643505114993	0.320329848303521	9.9289205070237e-4	TRUE	0.5230182437973997	0.5230182437973997	0.15279149360792602	Strongly NFAT5-dependent
Plscr3	ENSMUSG00000019461	-0.26276419103244	0.0197530056086638	-0.263238353975266	0.0186345405128713	TRUE	0.9981987315462754	0.9981987315462754	-4.7416294282603966e-4	Partially dependent
Etv5	ENSMUSG00000013089	0.119625713434291	0.354339562361996	-0.494293375286207	8.04892723630522e-6	FALSE	-0.242013588316908	0.242013588316908	-0.6139190887204979	Strongly NFAT5-dependent
Pnpla7	ENSMUSG00000036833	-0.628439302145637	1.15040868812199e-10	-0.550706878977158	2.36906865192975e-8	TRUE	1.141150267294379	1.141150267294379	0.07773242316847906	NFAT5-independent
Snrnp27	ENSMUSG00000001158	-0.771660897264172	1.30509904591144e-12	-0.74829561136841	1.21663463416339e-11	TRUE	1.0312246731649726	1.0312246731649726	0.023365285895761922	NFAT5-independent
Rnf25	ENSMUSG00000026171	0.873801412215775	2.05850707741587e-17	0.747741171633455	1.07628114739157e-12	TRUE	1.1685880694611732	1.1685880694611732	-0.12606024058232002	NFAT5-independent
Aff3	ENSMUSG00000037138	-0.894287955238506	2.6603412680944598e-20	-0.938522480457981	3.99844308073981e-21	TRUE	0.9528679108486677	0.9528679108486677	-0.04423452521947502	Partially dependent
Rabgef1	ENSMUSG00000025340	0.380895401822255	4.6479501145982e-4	0.390889219353413	3.1952961762075e-4	TRUE	0.974433120596958	0.974433120596958	0.009993817531157967	Partially dependent
Stard10	ENSMUSG00000030688	0.5297244050589	2.34915033438934e-7	0.738888322190789	3.0133262139692e-13	TRUE	0.7169207972975913	0.7169207972975913	0.2091639171318891	Partially dependent
Swt1	ENSMUSG00000052748	0.360909663534497	6.6027151964873e-4	0.255224833701827	0.0207522356869429	TRUE	1.4140852138085394	1.4140852138085394	-0.10568482983266997	NFAT5-independent
Pak6	ENSMUSG00000074923	0.82604599118858	1.08645109465019e-16	0.520852886079034	5.19330438134192e-7	TRUE	1.5859487645485295	1.5859487645485295	-0.305193105109546	NFAT5-independent
Prune1	ENSMUSG00000015711	0.341884282943892	0.00125083794508676	0.328849654888027	0.00210497814228985	TRUE	1.0396370434395112	1.0396370434395112	-0.013034628055865027	NFAT5-independent
Cnn3	ENSMUSG00000053931	0.84863713201815	1.29944727442878e-17	0.654067498716664	1.59601026442848e-10	TRUE	1.297476382304958	1.297476382304958	-0.19456963330148602	NFAT5-independent
Eef2k	ENSMUSG00000035064	-0.853710216097342	9.32131167659107e-17	-0.653581440830632	1.72149910363633e-10	TRUE	1.3062032713358076	1.3062032713358076	0.20012877526671002	NFAT5-independent
Zfp512	ENSMUSG00000062761	-0.896710166566936	2.4988334489601196e-19	-0.838174663356711	1.16202186250054e-16	TRUE	1.0698368797928142	1.0698368797928142	0.05853550321022505	NFAT5-independent
Gpcpd1	ENSMUSG00000027346	-0.38215212505841	8.75768816287557e-5	-0.398798730077057	5.24514878379585e-5	TRUE	0.9582581293189412	0.9582581293189412	-0.01664660501864701	Partially dependent
Limk1	ENSMUSG00000029674	-0.748710064876301	7.3492712002735e-11	-0.56343040829323	1.0499220130444e-6	TRUE	1.328842131798191	1.328842131798191	0.185279656583071	NFAT5-independent
Trmt10a	ENSMUSG00000004127	0.645806511728444	9.73995019184385e-9	0.425555119594306	2.4038705665342e-4	TRUE	1.5175625482877755	1.5175625482877755	-0.22025139213413808	NFAT5-independent
Bnip1	ENSMUSG00000024191	-0.58223491851111	7.432550812442831e-9	-0.513494368084856	4.88524466766353e-7	TRUE	1.1338681681799758	1.1338681681799758	0.06874055042625393	NFAT5-independent
Wdr44	ENSMUSG00000036769	0.441470709440292	1.73447680827666e-5	0.330815973421836	0.00192351255408436	TRUE	1.3344903055130168	1.3344903055130168	-0.11065473601845599	NFAT5-independent
Dhrs11	ENSMUSG00000034449	-0.45971802548058	2.52740611144371e-6	-0.296725740844345	0.00302826319929087	TRUE	1.5493028146881829	1.5493028146881829	0.162992284636235	NFAT5-independent
Pdxp	ENSMUSG00000116165	0.503757942454735	1.03250490264159e-6	0.395052654444236	1.8631791047003e-4	TRUE	1.2751665804231254	1.2751665804231254	-0.10870528801049906	NFAT5-independent
Nfxl1	ENSMUSG00000072889	0.805487337734925	2.45197228854117e-14	0.878145901668914	1.41054284519421e-16	TRUE	0.9172591208409654	0.9172591208409654	0.07265856393398906	Partially dependent
Socs3	ENSMUSG00000053113	0.565089988962213	1.53759228925302e-8	0.441010750850734	1.6711201262882e-5	TRUE	1.2813519576838508	1.2813519576838508	-0.12407923811147897	NFAT5-independent
A430005L14Rik	ENSMUSG00000047613	-0.894035513548516	7.616150865031849e-19	-0.654696977648193	7.512582121118889e-11	TRUE	1.3655714690482863	1.3655714690482863	0.23933853590032295	NFAT5-independent
Stk38l	ENSMUSG00000001630	0.160519975551664	0.207596843495002	0.309018666428389	0.00558706513866849	TRUE	0.5194507419468862	0.5194507419468862	0.148498690876725	Strongly NFAT5-dependent
Fdft1	ENSMUSG00000021273	0.610562817772062	4.6415665018461905e-9	0.517441528848474	1.09265668456133e-6	TRUE	1.1799648534798166	1.1799648534798166	-0.09312128892358795	NFAT5-independent
Hdhd2	ENSMUSG00000025421	-0.253714167744184	0.037028030032543	-0.288893640176849	0.0148600674028976	TRUE	0.8782269058912838	0.8782269058912838	-0.035179472432665004	Partially dependent
Ndufaf1	ENSMUSG00000027305	0.208033483863199	0.0621134841786549	0.354244104382104	5.3564704179364e-4	TRUE	0.5872602572343858	0.5872602572343858	0.14621062051890502	Strongly NFAT5-dependent
Isoc2a	ENSMUSG00000086784	-0.414090939708793	2.894706966184e-4	-0.398784949273393	5.1950804536552e-4	TRUE	1.038381564959481	1.038381564959481	0.015305990435400041	NFAT5-independent
Hist1h4i	ENSMUSG00000060639	1.27483518811896	4.8987260968978703e-32	1.04072672984692	5.28556675955672e-21	TRUE	1.224947098559172	1.224947098559172	-0.23410845827203985	NFAT5-independent
Ppp2r5b	ENSMUSG00000024777	0.974742014125248	2.2767141612266498e-20	0.823431043031678	2.04887392543656e-14	TRUE	1.18375669993747	1.18375669993747	-0.15131097109356995	NFAT5-independent
Rybp	ENSMUSG00000072872	0.642827552498339	6.64550408827867e-10	0.263323649774712	0.0197232289646154	TRUE	2.4412070584936583	2.4412070584936583	-0.379503902723627	NFAT5-independent
Kctd13	ENSMUSG00000030685	-0.267765236597339	0.0113511596318282	-0.541809248309817	2.16100989645971e-7	TRUE	0.4942057327973583	0.4942057327973583	-0.27404401171247805	Strongly NFAT5-dependent
Plcb2	ENSMUSG00000040061	-1.40559153145015	3.22758136943492e-40	-0.86279882949774	2.5517200726799602e-17	TRUE	1.6291069057991017	1.6291069057991017	0.5427927019524099	NFAT5-independent
Mettl4	ENSMUSG00000055660	-0.42551238824278	2.03978600398963e-5	-0.48639790960941	1.56434194384147e-6	TRUE	0.8748236368541907	0.8748236368541907	-0.06088552136663	Partially dependent
Gm13546	ENSMUSG00000086862	-0.720036912417643	3.75968713903322e-12	-0.302222510233122	0.00392324899420818	TRUE	2.3824728074101302	2.3824728074101302	0.417814402184521	NFAT5-independent
Kin	ENSMUSG00000037262	0.465504568920222	1.58507789300172e-5	0.258856472184844	0.0238016927315512	TRUE	1.7983114928175912	1.7983114928175912	-0.20664809673537804	NFAT5-independent
Mthfsd	ENSMUSG00000031816	-0.687743385825151	6.471609640443889e-11	-0.437706283444655	3.40489670637327e-5	TRUE	1.571244032442846	1.571244032442846	0.25003710238049603	NFAT5-independent
Ap5b1	ENSMUSG00000049562	0.564130987889892	2.08056275140909e-8	1.14986804153791	2.57118303994901e-32	TRUE	0.49060498032051203	0.49060498032051203	0.5857370536480179	Strongly NFAT5-dependent
Gm45902	ENSMUSG00000051396	0.115183539082139	0.345639621429125	0.283845633428205	0.00464535089998937	TRUE	0.4057964101507771	0.4057964101507771	0.168662094346066	Strongly NFAT5-dependent
Tm2d3	ENSMUSG00000078681	0.3402652612082	0.00122213182036375	0.334518847512341	0.00154667045931581	TRUE	1.0171781462796263	1.0171781462796263	-0.005746413695858987	NFAT5-independent
Adck5	ENSMUSG00000022550	-0.874086779889002	2.00741010575752e-17	-0.657662421886497	1.93939516509815e-10	TRUE	1.3290812289102578	1.3290812289102578	0.21642435800250492	NFAT5-independent
Slc35a2	ENSMUSG00000031156	-0.609997627037661	5.205752537113081e-10	-0.467638191675448	2.29740007414223e-6	TRUE	1.304422174870212	1.304422174870212	0.14235943536221302	NFAT5-independent
Gm13910	ENSMUSG00000063684	-0.207256069012354	0.0744252316653322	-0.260347397882764	0.0195000805874895	TRUE	0.796075054707029	0.796075054707029	-0.053091328870410015	Strongly NFAT5-dependent
Krcc1	ENSMUSG00000053012	-1.22492312561832	5.03385051168507e-33	-0.868260876615837	5.02142020282793e-18	TRUE	1.4107777496466523	1.4107777496466523	0.356662249002483	NFAT5-independent
Rfx5	ENSMUSG00000005774	-0.624446630329596	8.120026584642091e-9	-0.387663134075876	3.8136711025923e-4	TRUE	1.6107970437224377	1.6107970437224377	0.23678349625372003	NFAT5-independent
Osgep	ENSMUSG00000006289	-0.379038377287959	5.6102271933909e-4	-0.330034297396346	0.0029206789964382	TRUE	1.1484817798580578	1.1484817798580578	0.04900407989161304	NFAT5-independent
Fech	ENSMUSG00000024588	-0.507663301342742	2.23078364239806e-7	-0.518064172547671	1.95577054285041e-7	TRUE	0.9799235852311868	0.9799235852311868	-0.010400871204929052	Partially dependent
Mrpl41	ENSMUSG00000036850	-0.587380223970805	1.00332757486289e-7	-0.539129961935131	1.3469375570405e-6	TRUE	1.0894965322693002	1.0894965322693002	0.04825026203567406	NFAT5-independent
L3mbtl3	ENSMUSG00000039089	0.722169002845853	1.05923293579023e-13	0.637779725939785	1.16654546123627e-10	TRUE	1.132317277382435	1.132317277382435	-0.0843892769060679	NFAT5-independent
Mmachc	ENSMUSG00000028690	-0.764666828761017	5.03908563570613e-14	-0.936858013168083	6.678550930696019e-19	TRUE	0.8162035420663334	0.8162035420663334	-0.17219118440706604	Partially dependent
Lclat1	ENSMUSG00000054469	-0.449035083664818	1.49194813802065e-5	-0.430472566380348	4.10085230138783e-5	TRUE	1.043121254951399	1.043121254951399	0.018562517284470004	NFAT5-independent
Cox18	ENSMUSG00000035505	-0.252850156567285	0.019090412936571	-0.355820786437795	7.8493245971641e-4	TRUE	0.7106109766622319	0.7106109766622319	-0.10297062987051003	Partially dependent
Neil3	ENSMUSG00000039396	-0.855502543694203	1.65785759505046e-14	-0.495241005609467	7.56660071700148e-6	TRUE	1.727446907675549	1.727446907675549	0.360261538084736	NFAT5-independent
Tmem5	ENSMUSG00000034620	-0.425838335015041	1.3225406447216e-4	-0.548093183574874	1.16488205407825e-6	TRUE	0.7769451395792956	0.7769451395792956	-0.12225484855983304	Partially dependent
Ano10	ENSMUSG00000037949	-0.556205566000599	4.46956243425077e-8	-0.672995877164667	1.45399402380866e-10	TRUE	0.8264620703827996	0.8264620703827996	-0.11679031116406802	Partially dependent
Hgsnat	ENSMUSG00000037260	-1.06843762511352	1.92956316431973e-21	-0.985790874430472	3.8264641140698095e-18	TRUE	1.0838380155738367	1.0838380155738367	0.08264675068304794	NFAT5-independent
Dars2	ENSMUSG00000026709	-1.11871888899592	1.80863763047908e-20	-0.905586386420231	5.85723714894588e-14	TRUE	1.2353530328765194	1.2353530328765194	0.21313250257568905	NFAT5-independent
Sema6b	ENSMUSG00000001227	0.930669101316972	8.067515322144541e-21	1.15571124008585	1.9230505526564098e-31	TRUE	0.8052782295756151	0.8052782295756151	0.22504213876887802	Partially dependent
Atp6v1g1	ENSMUSG00000039105	-0.110991227051254	0.384701594511531	-0.291896341252032	0.00771821843884406	TRUE	0.3802419262097597	0.3802419262097597	-0.180905114200778	Strongly NFAT5-dependent
Mfsd4a	ENSMUSG00000059149	0.741408238176118	8.16611006801287e-13	0.607692301244241	1.00975905235744e-8	TRUE	1.220038885893561	1.220038885893561	-0.133715936931877	NFAT5-independent
Irgm2	ENSMUSG00000069874	-0.0109076722149507	0.9510521112952	0.370852275348188	5.6826664314308e-4	FALSE	-0.029412445170276063	0.029412445170276063	0.3817599475631387	Strongly NFAT5-dependent
B4galt3	ENSMUSG00000052423	0.593309040201231	4.9511449879439e-8	0.271713736996752	0.0197471485348534	TRUE	2.1835813189243476	2.1835813189243476	-0.321595303204479	NFAT5-independent
Mocs3	ENSMUSG00000074576	-0.03654829824418	0.843632726047494	0.313086353363399	0.013247468856359	FALSE	-0.11673551993420304	0.11673551993420304	0.349634651607579	Strongly NFAT5-dependent
Stx1a	ENSMUSG00000007207	0.624619058246022	4.50786394715005e-10	0.471988584488398	4.52525161108613e-6	TRUE	1.3233774688069302	1.3233774688069302	-0.15263047375762406	NFAT5-independent
Dmac1	ENSMUSG00000028398	-0.538739314091873	6.07484621227125e-6	-0.364601753467015	0.00244489563879118	TRUE	1.4776103213135314	1.4776103213135314	0.17413756062485802	NFAT5-independent
Zbtb6	ENSMUSG00000066798	0.403095878445553	7.18783962724966e-5	0.388631210940761	1.3428267469825e-4	TRUE	1.0372195209689343	1.0372195209689343	-0.014464667504792028	NFAT5-independent
Ift20	ENSMUSG00000001105	0.368632668906101	2.486651147778e-4	0.370331039701163	2.2370256729384e-4	TRUE	0.9954139118437588	0.9954139118437588	0.0016983707950619653	Partially dependent
Angel1	ENSMUSG00000021257	-1.07629386513243	1.1101308873342e-23	-1.29347995759132	1.4248752900280298e-30	TRUE	0.8320916445714958	0.8320916445714958	-0.21718609245888998	Partially dependent
Tec	ENSMUSG00000029217	-0.556594151712458	1.94945073899113e-8	-0.570877974291711	1.52580294362494e-8	TRUE	0.9749792018215888	0.9749792018215888	-0.014283822579253092	Partially dependent
D1Ertd622e	ENSMUSG00000044768	0.368825751803101	4.1926400159067e-4	0.455599324993702	9.60578282394507e-6	TRUE	0.809539723984884	0.809539723984884	0.08677357319060097	Partially dependent
Pcx	ENSMUSG00000024892	0.0084248292810037	0.967724446632001	0.356809555024654	6.1194556459039e-4	TRUE	0.023611557376655958	0.023611557376655958	0.3483847257436503	Strongly NFAT5-dependent
Pigb	ENSMUSG00000079469	-0.559474134122139	1.09616097187268e-6	-0.503597828168266	1.37867138118197e-5	TRUE	1.1109542234467364	1.1109542234467364	0.05587630595387294	NFAT5-independent
Rbm4b	ENSMUSG00000033760	0.292910417237233	0.00511917303420766	0.309491540184318	0.00287095959419326	TRUE	0.946424632682334	0.946424632682334	0.016581122947085025	Partially dependent
Serinc5	ENSMUSG00000021703	1.19875161523963	9.64034401603848e-32	0.733719643700198	6.8163765639191694e-12	TRUE	1.633800628799093	1.633800628799093	-0.465031971539432	NFAT5-independent
Gk	ENSMUSG00000025059	-0.458852165144337	5.35314544061953e-6	-0.569235080962684	3.16657411602757e-8	TRUE	0.8060855356425527	0.8060855356425527	-0.11038291581834703	Partially dependent
Tbccd1	ENSMUSG00000004462	-0.208839909404446	0.0626949381801856	-0.311871940344452	0.0032715142740668	TRUE	0.6696335334746352	0.6696335334746352	-0.10303203094000599	Strongly NFAT5-dependent
Kdm8	ENSMUSG00000030752	0.709847042095267	1.3635728674279798e-11	0.401625435053186	2.5337456674904e-4	TRUE	1.767435476294633	1.767435476294633	-0.30822160704208096	NFAT5-independent
Zfp866	ENSMUSG00000043090	0.234940990794461	0.0373499075549091	0.321870855029267	0.00271901685374917	TRUE	0.729923157451141	0.729923157451141	0.08692986423480598	Partially dependent
Gm11847	ENSMUSG00000060989	-0.715246453135862	2.33865207544733e-10	-0.457646056215506	5.11924856111041e-5	TRUE	1.562881277838548	1.562881277838548	0.25760039692035597	NFAT5-independent
Gm12184	ENSMUSG00000078154	0.382704284775852	4.5999641630332e-4	0.429069989831316	7.667749851644e-5	TRUE	0.8919390631964446	0.8919390631964446	0.046365705055464	Partially dependent
March2	ENSMUSG00000079557	-0.831948758828621	2.53930159991003e-12	-0.734189940058842	8.92211913119249e-10	TRUE	1.1331519453425691	1.1331519453425691	0.09775881876977899	NFAT5-independent
Yif1a	ENSMUSG00000024875	-0.541664664168375	3.75348803398197e-6	-0.592810834845939	6.33833191764551e-7	TRUE	0.9137226115463022	0.9137226115463022	-0.051146170677563996	Partially dependent
Klf10	ENSMUSG00000037465	-0.234695049114207	0.028947506072479	-0.740108913484017	1.1749760893324799e-11	TRUE	0.31710879958112453	0.31710879958112453	-0.50541386436981	Strongly NFAT5-dependent
Klhl28	ENSMUSG00000020948	0.549666088861497	4.51265849572999e-8	0.484045902069621	2.03570912498059e-6	TRUE	1.1355660413843103	1.1355660413843103	-0.06562018679187603	NFAT5-independent
Zfp703	ENSMUSG00000085795	0.805271365193868	1.36450660235784e-14	0.470106923073474	1.72410482387446e-5	TRUE	1.7129536402679406	1.7129536402679406	-0.335164442120394	NFAT5-independent
H2afv	ENSMUSG00000041126	0.0368583760933389	0.825000562903549	0.410906322860576	6.28282818063316e-5	TRUE	0.08970019209425809	0.08970019209425809	0.37404794676723707	Strongly NFAT5-dependent
Neto2	ENSMUSG00000036902	0.0813155860404922	0.565800302417411	0.264338225493896	0.0165286420735125	TRUE	0.30761947459002636	0.30761947459002636	0.1830226394534038	Strongly NFAT5-dependent
Taz	ENSMUSG00000009995	-0.763750048952742	4.00854459677063e-13	-0.46483216206021	9.35195839013561e-6	TRUE	1.6430662748629106	1.6430662748629106	0.298917886892532	NFAT5-independent
Lysmd3	ENSMUSG00000035840	0.72820145011847	8.388077353666179e-11	0.533824954581689	3.30878860719231e-6	TRUE	1.3641202867503572	1.3641202867503572	-0.19437649553678105	NFAT5-independent
Mrrf	ENSMUSG00000026887	-0.668784475851091	1.71286804132413e-10	-0.658611233803521	5.68557969313293e-10	TRUE	1.0154465055034347	1.0154465055034347	0.010173242047569975	NFAT5-independent
Shq1	ENSMUSG00000035378	-0.345804279358468	0.00543107693009688	-0.379182331687381	0.00211498654029278	TRUE	0.9119736086320822	0.9119736086320822	-0.033378052328913	Partially dependent
Tsen2	ENSMUSG00000042389	-0.989199135672304	9.745426506199988e-19	-0.946250545810617	7.484701823949499e-17	TRUE	1.0453881797498934	1.0453881797498934	0.042948589861687037	NFAT5-independent
Rsrc1	ENSMUSG00000034544	-1.11690795353969	5.72284975912798e-25	-0.880596200718994	2.67103855639536e-16	TRUE	1.2683542725119081	1.2683542725119081	0.23631175282069594	NFAT5-independent
Cebpb	ENSMUSG00000056501	0.375737566041608	0.00174850430198435	0.560228934600635	1.66871319681527e-6	TRUE	0.6706857551180508	0.6706857551180508	0.18449136855902704	Strongly NFAT5-dependent
Zbtb48	ENSMUSG00000028952	0.462773412033266	3.22764871291475e-6	0.368764041209324	2.9199182421075e-4	TRUE	1.2549309594168887	1.2549309594168887	-0.094009370823942	NFAT5-independent
Mgat4b	ENSMUSG00000036620	0.912570460892355	4.3073253656136995e-19	0.778774763779034	9.311122683488271e-14	TRUE	1.1718028155715683	1.1718028155715683	-0.13379569711332107	NFAT5-independent
Mast4	ENSMUSG00000034751	1.05025713245461	3.9784265888888896e-25	0.442634643959509	4.72675529633766e-5	TRUE	2.3727404684362767	2.3727404684362767	-0.6076224884951009	NFAT5-independent
Nfkbie	ENSMUSG00000023947	-0.169002806854447	0.148734491771046	-0.351704496906183	0.00105576042732151	TRUE	0.48052500989069924	0.48052500989069924	-0.182701690051736	Strongly NFAT5-dependent
Snap47	ENSMUSG00000009894	-0.874984481077384	3.24777956121829e-18	-0.83509439038618	3.0254579028323397e-16	TRUE	1.0477671639882016	1.0477671639882016	0.03989009069120397	NFAT5-independent
Polb	ENSMUSG00000031536	-0.34279197565205	0.00420387301637973	-0.378948283291985	0.00146374619380518	TRUE	0.9045877518540543	0.9045877518540543	-0.03615630763993499	Partially dependent
Acsf3	ENSMUSG00000015016	-0.972542857048726	2.4309495580192097e-19	-0.710822053231842	3.19893517830701e-11	TRUE	1.368194546900926	1.368194546900926	0.261720803816884	NFAT5-independent
Gm12346	ENSMUSG00000083899	-0.163345409803483	0.160883993027249	-0.256086811813682	0.0166911731999103	TRUE	0.6378517060157173	0.6378517060157173	-0.09274140201019898	Strongly NFAT5-dependent
Txnrd2	ENSMUSG00000075704	-0.415139569972788	1.3239979666221e-4	-0.62468054874067	2.03093775994696e-8	TRUE	0.6645629847282617	0.6645629847282617	-0.20954097876788202	Strongly NFAT5-dependent
Lrrc8b	ENSMUSG00000070639	-1.03562597908299	6.95072415894022e-24	-0.98860955404518	3.66196746859829e-21	TRUE	1.0475581333858537	1.0475581333858537	0.047016425037810006	NFAT5-independent
Dusp16	ENSMUSG00000030203	0.686196987347496	1.22885115573822e-8	0.332873120798122	0.0085706313536277	TRUE	2.061437059568576	2.061437059568576	-0.35332386654937403	NFAT5-independent
Zfp326	ENSMUSG00000029290	-0.814188832662396	2.9016398081077e-15	-0.712183069159469	1.0683552259271699e-11	TRUE	1.1432296946111284	1.1432296946111284	0.1020057635029269	NFAT5-independent
Ndufb9	ENSMUSG00000022354	-0.556458097121763	7.06626073524877e-7	-0.286281108047556	0.0127651428101813	TRUE	1.9437471823300547	1.9437471823300547	0.27017698907420695	NFAT5-independent
Mad2l2	ENSMUSG00000029003	-0.341120357077353	0.00120953507745117	-0.35852906344875	7.2185060415861e-4	TRUE	0.9514440859997797	0.9514440859997797	-0.01740870637139702	Partially dependent
Gbp3	ENSMUSG00000028268	-1.32876499856882	2.7387021057958496e-31	-0.339270417790222	0.00186876733572539	TRUE	3.9165365705135633	3.9165365705135633	0.989494580778598	NFAT5-independent
Dync2h1	ENSMUSG00000047193	0.36647283781748	0.00304868074794241	0.443234608227542	2.6253855725159e-4	TRUE	0.8268145831007514	0.8268145831007514	0.07676177041006199	Partially dependent
Smad5	ENSMUSG00000021540	0.288713696015749	0.00680837490197361	0.329436966143852	0.00158251598071412	TRUE	0.8763852441795473	0.8763852441795473	0.040723270128103006	Partially dependent
Trps1	ENSMUSG00000038679	0.995453852470609	9.19229245277968e-20	0.271509969518142	0.0250385521121149	TRUE	3.6663620648526276	3.6663620648526276	-0.723943882952467	NFAT5-independent
Zfp212	ENSMUSG00000052763	0.338591505126456	0.00119989192678024	0.371653261226379	3.3435066596661e-4	TRUE	0.9110413938227637	0.9110413938227637	0.033061756099922956	Partially dependent
Ets2	ENSMUSG00000022895	-0.0659922981478428	0.667309625448944	-0.530917413725639	3.67826487147336e-6	TRUE	0.12429861300790838	0.12429861300790838	-0.46492511557779626	Strongly NFAT5-dependent
Mpp5	ENSMUSG00000021112	0.239386945747973	0.0743986153487434	0.31736624204335	0.011896550874456	TRUE	0.7542924042793261	0.7542924042793261	0.077979296295377	Strongly NFAT5-dependent
Kcnk6	ENSMUSG00000046410	1.62574925862944	1.45257805180331e-44	1.19063425754609	2.9049184091025596e-23	TRUE	1.3654480780522196	1.3654480780522196	-0.43511500108335	NFAT5-independent
Snx14	ENSMUSG00000032422	0.541772897422253	7.32328886867556e-8	0.361070817656449	5.7510458829165e-4	TRUE	1.5004616017950752	1.5004616017950752	-0.180702079765804	NFAT5-independent
Soat2	ENSMUSG00000023045	-1.04711151922793	1.94818759913231e-22	-1.01813709826245	1.2937410930066199e-20	TRUE	1.0284582705167387	1.0284582705167387	0.028974420965480085	NFAT5-independent
Metap1d	ENSMUSG00000041921	-0.363288143470793	8.5420358169584e-4	-0.453841107275336	3.18061044906864e-5	TRUE	0.8004743017921327	0.8004743017921327	-0.09055296380454297	Partially dependent
Lipe	ENSMUSG00000003123	0.57643749579912	2.63566479201354e-7	0.767966415501576	5.39292566955537e-12	TRUE	0.7506024796965057	0.7506024796965057	0.191528919702456	Partially dependent
F730043M19Rik	ENSMUSG00000052125	0.575294796425095	2.89854745099062e-7	0.285485818161067	0.0165005022374573	TRUE	2.0151431693903685	2.0151431693903685	-0.28980897826402796	NFAT5-independent
L2hgdh	ENSMUSG00000020988	-0.311869527313173	0.00572124009837585	-0.449045430281728	5.56879443192591e-5	TRUE	0.6945166486106055	0.6945166486106055	-0.13717590296855497	Partially dependent
Smo	ENSMUSG00000001761	-0.994042802200822	2.6171549717954e-21	-0.614613135132711	2.4744502659729403e-9	TRUE	1.6173471495791938	1.6173471495791938	0.379429667068111	NFAT5-independent
Zfp710	ENSMUSG00000048897	0.280336774011782	0.00949901357890288	0.340975081945326	0.00119459432697465	TRUE	0.8221620548117732	0.8221620548117732	0.06063830793354402	Partially dependent
Lin37	ENSMUSG00000036845	0.672109394356926	2.85293322029327e-10	0.767802650810618	6.68353040257429e-13	TRUE	0.87536737942665	0.87536737942665	0.09569325645369209	Partially dependent
B3galt6	ENSMUSG00000050796	0.160518919469801	0.203046790555332	0.407658855102751	1.5993944020236e-4	TRUE	0.3937579607570207	0.3937579607570207	0.24713993563295	Strongly NFAT5-dependent
Zfand2a	ENSMUSG00000053581	-0.325252319806498	0.00174767465853568	-0.453076720731788	1.44694628899696e-5	TRUE	0.7178747106696762	0.7178747106696762	-0.12782440092529002	Partially dependent
Nupl2	ENSMUSG00000048439	-0.762547240793482	4.48380832651886e-13	-0.632736765542574	2.32048884920939e-9	TRUE	1.2051571558981484	1.2051571558981484	0.12981047525090805	NFAT5-independent
2610021A01Rik	ENSMUSG00000091474	0.342456369168718	0.0012328074222175	0.279880633577554	0.00987580534291512	TRUE	1.2235800840926154	1.2235800840926154	-0.06257573559116403	NFAT5-independent
Pcyox1l	ENSMUSG00000024579	-0.624947211290708	7.43465506334518e-9	-0.785927223160495	2.13433358980922e-12	TRUE	0.7951718592690699	0.7951718592690699	-0.16098001186978705	Partially dependent
Pip4p2	ENSMUSG00000028221	-0.728924679895328	2.0434199545151898e-12	-0.600878924915455	9.439132439933231e-9	TRUE	1.2130974305645508	1.2130974305645508	0.12804575497987303	NFAT5-independent
Usp46	ENSMUSG00000054814	-0.448342388477331	1.142311307478e-4	-0.421653290817507	3.1603716706577e-4	TRUE	1.0632963105969808	1.0632963105969808	0.026689097659823968	NFAT5-independent
Fam160a2	ENSMUSG00000044465	0.384108659790918	2.8267421256807e-4	0.508237084144076	9.5195626678122e-7	TRUE	0.7557666919126865	0.7557666919126865	0.12412842435315796	Partially dependent
Ric8b	ENSMUSG00000035620	0.233785818047911	0.0389748496346797	0.454422130153201	1.16789005154619e-5	TRUE	0.5144683820066024	0.5144683820066024	0.22063631210529	Strongly NFAT5-dependent
Gss	ENSMUSG00000027610	-0.517643748478847	1.03170259915501e-6	-0.478744104632281	8.99845117010047e-6	TRUE	1.0812535203466254	1.0812535203466254	0.03889964384656597	NFAT5-independent
Coq7	ENSMUSG00000030652	-0.492089802361006	2.39540633822652e-5	-0.56674463239819	1.56087122223508e-6	TRUE	0.8682743059757254	0.8682743059757254	-0.07465483003718393	Partially dependent
Gm8369	ENSMUSG00000058470	0.331146993190047	0.00663679044056521	0.88967585201993	7.7042496014066e-15	TRUE	0.3722108366077455	0.3722108366077455	0.5585288588298831	Strongly NFAT5-dependent
2010016I18Rik	ENSMUSG00000091575	0.549962220642988	1.75996500640973e-7	0.949708885236576	2.72176665343604e-20	TRUE	0.5790850535277349	0.5790850535277349	0.399746664593588	Strongly NFAT5-dependent
Galns	ENSMUSG00000015027	-0.838928374825781	1.16652372353103e-13	-0.759847705647182	2.5346667444798597e-11	TRUE	1.104074367259218	1.104074367259218	0.07908066917859902	NFAT5-independent
Kif24	ENSMUSG00000028438	-0.235990282137317	0.0355173714576549	-0.262872298181598	0.0185905643894006	TRUE	0.8977373567689116	0.8977373567689116	-0.026882016044281032	Partially dependent
Ccdc186	ENSMUSG00000035173	0.431992684646129	2.3334024641554e-4	0.330823368045916	0.00582467274243877	TRUE	1.3058106723167493	1.3058106723167493	-0.101169316600213	NFAT5-independent
Crot	ENSMUSG00000003623	0.4694620493217	3.42195031291703e-6	0.464260203526867	4.58550931325947e-6	TRUE	1.0112045912083696	1.0112045912083696	-0.0052018457948330155	NFAT5-independent
Irf5	ENSMUSG00000029771	0.83817490496055	1.24897041404514e-12	0.38197334013586	0.00210241304193071	TRUE	2.194328286530229	2.194328286530229	-0.45620156482469004	NFAT5-independent
Mvd	ENSMUSG00000006517	0.223882935996807	0.0632820135269521	0.350618185539139	0.00174223008192588	TRUE	0.6385377177528496	0.6385377177528496	0.12673524954233198	Strongly NFAT5-dependent
Dock5	ENSMUSG00000044447	-0.660785900396753	3.49625600676097e-10	-0.573574402927884	6.40783402815113e-8	TRUE	1.1520491448427383	1.1520491448427383	0.08721149746886903	NFAT5-independent
Fancf	ENSMUSG00000092118	0.692148197758848	2.07645226145431e-10	0.813558099430087	8.45995529241679e-14	TRUE	0.8507667715971496	0.8507667715971496	0.121409901671239	Partially dependent
Xlr4a	ENSMUSG00000079845	-0.42285844305618	1.898398520824e-4	-0.31421052276863	0.00634243975548237	TRUE	1.3457806547349571	1.3457806547349571	0.10864792028754999	NFAT5-independent
Ska1	ENSMUSG00000036223	-0.289830759951102	0.012271542828392	-0.286322295419572	0.0129103092882319	TRUE	1.0122535498899545	1.0122535498899545	0.003508464531530031	NFAT5-independent
Rassf3	ENSMUSG00000025795	0.567754126416941	6.50196724142785e-8	0.297688071706153	0.00803567576780572	TRUE	1.9072115424811826	1.9072115424811826	-0.270066054710788	NFAT5-independent
Mnat1	ENSMUSG00000021103	-0.443759591488204	4.28129238447804e-5	-0.579082250927065	1.76215729867251e-7	TRUE	0.7663153045664582	0.7663153045664582	-0.13532265943886101	Partially dependent
Ufl1	ENSMUSG00000040359	-0.489950373093696	5.24062984117917e-6	-0.379025342417606	4.9546349452883e-4	TRUE	1.2926586121354229	1.2926586121354229	0.11092503067609	NFAT5-independent
Eif5a2	ENSMUSG00000050192	-0.861017521426261	6.48276374935049e-16	-0.759070072630224	1.6693321136445699e-12	TRUE	1.134305714942473	1.134305714942473	0.10194744879603701	NFAT5-independent
Fut4	ENSMUSG00000049307	1.08421705399095	1.00590459104239e-21	1.84960441554969	6.97480194677766e-64	TRUE	0.5861886168068688	0.5861886168068688	0.7653873615587401	Strongly NFAT5-dependent
Pcsk4	ENSMUSG00000020131	0.431203323209234	1.2078860977409e-4	0.444494659158542	7.36000205098e-5	TRUE	0.9700978725493138	0.9700978725493138	0.013291335949308036	Partially dependent
Snapc2	ENSMUSG00000011837	0.297271360731434	0.00791341669603069	0.282089451058826	0.0124275406335276	TRUE	1.0538194874555662	1.0538194874555662	-0.015181909672608018	NFAT5-independent
Mettl26	ENSMUSG00000025731	0.171604416435363	0.177564699306273	0.260342181383556	0.023778104330449	TRUE	0.659149491347859	0.659149491347859	0.08873776494819302	Strongly NFAT5-dependent
Gemin6	ENSMUSG00000055760	-0.792893174317069	1.7132234875851799e-12	-0.784694127781125	6.6985058886014095e-12	TRUE	1.0104487165707845	1.0104487165707845	0.008199046535943944	NFAT5-independent
Zswim1	ENSMUSG00000017764	0.742160301941903	2.36187928771831e-12	0.480273914445681	1.25914080808474e-5	TRUE	1.5452854706849612	1.5452854706849612	-0.26188638749622195	NFAT5-independent
Mettl23	ENSMUSG00000090266	-0.940354821957054	2.26651893117487e-18	-0.696519163376397	6.2167692056005e-11	TRUE	1.3500774585994972	1.3500774585994972	0.24383565858065703	NFAT5-independent
Tmem63b	ENSMUSG00000036026	0.553215249540561	1.32536435770935e-7	0.7318357176681	2.05207917604553e-12	TRUE	0.7559281901453375	0.7559281901453375	0.17862046812753896	Partially dependent
Agtrap	ENSMUSG00000029007	-0.447898054666226	4.85634782181962e-5	-0.275892950766127	0.0148310550986687	TRUE	1.6234487087200238	1.6234487087200238	0.172005103900099	NFAT5-independent
Fbxo30	ENSMUSG00000047648	0.86434064599542	2.00886083089559e-17	0.76075906711717	2.38056000563642e-13	TRUE	1.1361555627207487	1.1361555627207487	-0.10358157887825004	NFAT5-independent
Mb21d1	ENSMUSG00000032344	-0.338971432661455	0.00304719039221548	-0.299978446240511	0.0091748020866602	TRUE	1.1299859603569016	1.1299859603569016	0.03899298642094401	NFAT5-independent
Pvr	ENSMUSG00000040511	-0.0568860094857716	0.697298187685027	-0.319548267254769	0.00413983867511671	TRUE	0.17802008433492023	0.17802008433492023	-0.2626622577689974	Strongly NFAT5-dependent
Gm340	ENSMUSG00000090673	0.431589586627061	3.2586462340735e-5	0.463023425275717	7.77509286609217e-6	TRUE	0.9321117746257912	0.9321117746257912	0.03143383864865601	Partially dependent
Mfsd12	ENSMUSG00000034854	0.378967553832149	5.2717368234783e-4	0.410973700172379	1.602238487411e-4	TRUE	0.9221211811685143	0.9221211811685143	0.032006146340230024	Partially dependent
Nfkbiz	ENSMUSG00000035356	0.77970478589760694	2.6852130768093697e-11	0.325802344123315	0.00873428541930702	TRUE	2.3931834744641725	2.3931834744641725	-0.45390244177429195	NFAT5-independent
Eci2	ENSMUSG00000021417	-0.562824675416536	6.37395929274338e-8	-0.344064428528494	9.7831309388373e-4	TRUE	1.6358118676308475	1.6358118676308475	0.21876024688804202	NFAT5-independent
Parp3	ENSMUSG00000023249	-0.491120619280068	5.03744844827566e-6	-0.408034804057147	1.9493339802402e-4	TRUE	1.2036243339950101	1.2036243339950101	0.08308581522292102	NFAT5-independent
Pskh1	ENSMUSG00000048310	-0.595998159520436	6.32376943607718e-8	-0.490621568923808	1.08827008037242e-5	TRUE	1.2147818140726558	1.2147818140726558	0.10537659059662802	NFAT5-independent
Iba57	ENSMUSG00000049287	0.445932679593886	2.5043295983539e-5	0.304497507021061	0.00579059289883894	TRUE	1.4644871281755434	1.4644871281755434	-0.141435172572825	NFAT5-independent
Gm9824	ENSMUSG00000095478	-0.0165771271845136	0.95927079201578	1.18537408295331	0.00134325291087556	FALSE	-0.013984722142070444	0.013984722142070444	1.2019512101378236	Strongly NFAT5-dependent
Fut11	ENSMUSG00000039357	0.860624555462771	8.28993778132412e-17	0.879181646609014	4.00185319420667e-17	TRUE	0.9788927678167335	0.9788927678167335	0.018557091146243043	Partially dependent
Insig2	ENSMUSG00000003721	0.32930296423378	0.00423592890873112	0.315629103824987	0.00611063234184341	TRUE	1.0433225587979207	1.0433225587979207	-0.013673860408793037	NFAT5-independent
Rhebl1	ENSMUSG00000023755	0.467274103260025	6.37808312256034e-6	0.335644436611556	0.00176979129191129	TRUE	1.3921699640766132	1.3921699640766132	-0.13162966664846898	NFAT5-independent
Slc43a2	ENSMUSG00000038178	-0.726641465468113	7.65383013483153e-12	-0.497519547660575	2.81376278345044e-6	TRUE	1.4605284734738764	1.4605284734738764	0.22912191780753804	NFAT5-independent
Pi4k2b	ENSMUSG00000029186	-0.112204646612325	0.402813661722767	-0.339152421499027	0.00243493927263723	TRUE	0.33083840627287664	0.33083840627287664	-0.22694777488670204	Strongly NFAT5-dependent
Syt11	ENSMUSG00000068923	1.01290027669718	1.9589945243268197e-19	1.05759782363359	1.02753331988494e-20	TRUE	0.9577367256838308	0.9577367256838308	0.044697546936409926	Partially dependent
Lcorl	ENSMUSG00000015882	0.211263771995273	0.0823403616587451	0.346959456177339	0.0018540526913141	TRUE	0.6089004586382889	0.6089004586382889	0.13569568418206598	Strongly NFAT5-dependent
Faim	ENSMUSG00000032463	-0.327016280416922	0.00274470643239058	-0.304606608796714	0.00591395773849741	TRUE	1.0735692232966738	1.0735692232966738	0.022409671620208016	NFAT5-independent
Zfp426	ENSMUSG00000059475	-0.317804501888774	0.00478463715608814	-0.41869052921822	1.7865216148279e-4	TRUE	0.7590439231624833	0.7590439231624833	-0.10088602732944596	Partially dependent
Cdkn1b	ENSMUSG00000003031	0.0550234199298188	0.719861163714114	0.327530928282246	0.00204377089713905	TRUE	0.16799457754537	0.16799457754537	0.2725075083524272	Strongly NFAT5-dependent
Prcp	ENSMUSG00000061119	-0.176414946239817	0.120973809365462	-0.411044896196336	1.1477962655273e-4	TRUE	0.4291865630063734	0.4291865630063734	-0.234629949956519	Strongly NFAT5-dependent
Slc39a11	ENSMUSG00000041654	-0.967144213179339	1.1109169606849701e-17	-0.878873454295132	1.01853517495618e-14	TRUE	1.1004362555869904	1.1004362555869904	0.08827075888420699	NFAT5-independent
Snapin	ENSMUSG00000001018	-0.787557950088894	2.56191202766674e-13	-0.292140050449902	0.00685826691424849	TRUE	2.695823283647818	2.695823283647818	0.49541789963899197	NFAT5-independent
Plekho1	ENSMUSG00000015745	0.45364415178031	1.39454288695358e-5	0.54705721666087	1.17907901090115e-7	TRUE	0.8292444336065338	0.8292444336065338	0.09341306488056006	Partially dependent
Washc3	ENSMUSG00000020056	-0.626705605861898	1.2144274285584401e-9	-0.667080525930824	3.30780423626242e-10	TRUE	0.9394751930247282	0.9394751930247282	-0.04037492006892596	Partially dependent
Slc30a6	ENSMUSG00000024069	-0.314855714730821	0.00592130847277154	-0.303811991168107	0.00789006600932685	TRUE	1.0363505190175435	1.0363505190175435	0.011043723562714047	NFAT5-independent
Timm8b	ENSMUSG00000039016	-0.548236869358574	2.31239016228978e-6	-0.549769406451783	2.7663355921727e-6	TRUE	0.9972124001895631	0.9972124001895631	-0.0015325370932089966	Partially dependent
Cmah	ENSMUSG00000016756	-0.894095248873967	3.20104551681307e-17	-0.756598995048957	1.35349292425555e-12	TRUE	1.181729363539682	1.181729363539682	0.13749625382500996	NFAT5-independent
Mindy1	ENSMUSG00000038712	0.662667908332341	3.83678200839927e-10	0.565167992350801	1.62486665446679e-7	TRUE	1.1725149288373389	1.1725149288373389	-0.09749991598154006	NFAT5-independent
Hlcs	ENSMUSG00000040820	-0.933064645409131	1.3821260998584e-16	-0.856129606618428	6.30960959908089e-14	TRUE	1.0898637755264462	1.0898637755264462	0.07693503879070307	NFAT5-independent
Nr1d2	ENSMUSG00000021775	1.07829333185779	3.53322683919251e-25	0.888224578586843	1.01555553426468e-16	TRUE	1.2139872706217438	1.2139872706217438	-0.19006875327094708	NFAT5-independent
Crocc	ENSMUSG00000040860	-1.35586320044719	2.74202356446246e-34	-1.15630370588907	1.9146258310394797e-25	TRUE	1.1725839790547767	1.1725839790547767	0.19955949455812005	NFAT5-independent
Rab11fip3	ENSMUSG00000037098	-0.233900597807038	0.0630870363899458	-0.275185636940887	0.0236319629617312	TRUE	0.8499738591272571	0.8499738591272571	-0.04128503913384898	Strongly NFAT5-dependent
Manea	ENSMUSG00000040520	-0.491555198485297	5.36418873206953e-6	-0.504303496066941	4.63459843638282e-6	TRUE	0.9747209811530796	0.9747209811530796	-0.01274829758164403	Partially dependent
Cacfd1	ENSMUSG00000015488	-0.736970897240705	1.52573629841769e-10	-0.505198678371707	1.13603655676773e-5	TRUE	1.4587743966710625	1.4587743966710625	0.23177221886899801	NFAT5-independent
Cnpy4	ENSMUSG00000036968	0.538361991055934	3.22843907889104e-7	0.525154649252782	7.66221605472926e-7	TRUE	1.0251494332611242	1.0251494332611242	-0.013207341803151973	NFAT5-independent
Dzip3	ENSMUSG00000064061	-0.881811629464762	1.69253699226223e-15	-0.751464145582276	1.32050651541328e-11	TRUE	1.173458021448895	1.173458021448895	0.13034748388248596	NFAT5-independent
Ap1s3	ENSMUSG00000054702	-0.636530475814338	2.74100862935949e-9	-0.364501265064245	7.6296027466263e-4	TRUE	1.7463052582331822	1.7463052582331822	0.27202921075009295	NFAT5-independent
Lax1	ENSMUSG00000051998	-0.0630803144414804	0.696317659513817	-0.270103357384639	0.0266405236877323	TRUE	0.233541393384649	0.233541393384649	-0.20702304294315857	Strongly NFAT5-dependent
Tmem135	ENSMUSG00000039428	-0.348744292416269	0.00125972509028571	-0.290084691500009	0.00890528674374427	TRUE	1.2022154309933937	1.2022154309933937	0.05865960091625999	NFAT5-independent
Tmem126a	ENSMUSG00000030615	-0.399805349700294	1.275416933222e-4	-0.420620660309711	6.76943718848225e-5	TRUE	0.9505128668808368	0.9505128668808368	-0.020815310609416993	Partially dependent
Tbcc	ENSMUSG00000036430	0.156437099376214	0.234989511111423	0.251776794641346	0.031875388495652	TRUE	0.6213324766448687	0.6213324766448687	0.095339695265132	Strongly NFAT5-dependent
Rab23	ENSMUSG00000004768	0.456315114243231	6.30821837208536e-5	0.399869000906198	5.3261588432316e-4	TRUE	1.1411615134184263	1.1411615134184263	-0.05644611333703303	NFAT5-independent
Plekhg2	ENSMUSG00000037552	-0.137308511857834	0.301165252110282	-0.340719042803491	0.00304859379530965	TRUE	0.4029962949180577	0.4029962949180577	-0.20341053094565703	Strongly NFAT5-dependent
Syap1	ENSMUSG00000031357	-0.294600597454537	0.00924276572238476	-0.365314475991002	0.00117665543695231	TRUE	0.8064301220348937	0.8064301220348937	-0.07071387853646499	Partially dependent
Gm43430	ENSMUSG00000106149	0.698065748595774	2.5258192518212e-7	0.624297494544068	4.77308776360448e-6	TRUE	1.118162021626532	1.118162021626532	-0.07376825405170595	NFAT5-independent
Gm8991	ENSMUSG00000059179	-0.647538876660627	2.66334657871672e-8	-0.616818292899367	1.67514172273758e-7	TRUE	1.0498049168043595	1.0498049168043595	0.03072058376126008	NFAT5-independent
Haus1	ENSMUSG00000041840	-1.18357405010914	2.3880120773974197e-22	-1.06570803199575	3.3469726314121797e-18	TRUE	1.1105987893256868	1.1105987893256868	0.11786601811339015	NFAT5-independent
Wdfy2	ENSMUSG00000014547	0.247982895963586	0.0502518852051714	0.637401480774637	3.06093978707355e-8	TRUE	0.3890529022025666	0.3890529022025666	0.38941858481105096	Strongly NFAT5-dependent
Ocrl	ENSMUSG00000001173	-1.06166491379554	7.26965109284919e-20	-1.01979414028531	6.0455610952734095e-18	TRUE	1.0410580644231942	1.0410580644231942	0.041870773510230164	NFAT5-independent
Rhbdd2	ENSMUSG00000039917	-0.825733591621577	7.16674999417543e-14	-0.877007714605747	9.340326221645691e-15	TRUE	0.9415351517093326	0.9415351517093326	-0.05127412298417	Partially dependent
Pex3	ENSMUSG00000019809	-0.507665349616011	1.43605386980196e-6	-0.499643137041671	3.41501592380808e-6	TRUE	1.0160558846496692	1.0160558846496692	0.008022212574339938	NFAT5-independent
Mut	ENSMUSG00000023921	-0.37922762193959503	0.00151177766370241	-0.299029256367975	0.0134906102985595	TRUE	1.2681957161841406	1.2681957161841406	0.08019836557162002	NFAT5-independent
Il1rl1	ENSMUSG00000026069	-0.0527345902827886	0.744703999242091	0.353865006574741	0.00149654152206981	FALSE	-0.14902459780704638	0.14902459780704638	0.4065995968575296	Strongly NFAT5-dependent
Ube2d1	ENSMUSG00000019927	0.394049197489542	8.9616363837112e-4	0.309961513202507	0.0103764829867225	TRUE	1.271284274677347	1.271284274677347	-0.084087684287035	NFAT5-independent
Vamp7	ENSMUSG00000051412	-0.676632716978131	2.97029310755755e-10	-0.364655463805885	7.2743581968106e-4	TRUE	1.8555397742190944	1.8555397742190944	0.311977253172246	NFAT5-independent
Camk2d	ENSMUSG00000053819	-0.422504686188819	5.91412017907243e-5	-0.384633353387649	3.4390968658875e-4	TRUE	1.0984608653087913	1.0984608653087913	0.03787133280117	NFAT5-independent
Zmym1	ENSMUSG00000043872	0.354531984519793	0.00388899982200854	0.346575738769256	0.00453472099568357	TRUE	1.0229567302627438	1.0229567302627438	-0.007956245750536994	NFAT5-independent
Dnajc27	ENSMUSG00000020657	0.745868583907919	2.88575045108478e-10	0.561740417300627	3.27616325450378e-6	TRUE	1.327781589033769	1.327781589033769	-0.18412816660729203	NFAT5-independent
Cep78	ENSMUSG00000041491	-0.409528314698861	3.4030383189158e-4	-0.277380894521868	0.0174290759959871	TRUE	1.4764113995838846	1.4764113995838846	0.132147420176993	NFAT5-independent
Ctse	ENSMUSG00000004552	-0.791418592096961	1.4014761532803199e-13	-0.275826023126694	0.0106921692778195	TRUE	2.8692673125096757	2.8692673125096757	0.515592568970267	NFAT5-independent
Lipa	ENSMUSG00000024781	-0.317742814307403	0.00326792901922103	-0.288693806767018	0.0089855079721842	TRUE	1.1006222054629253	1.1006222054629253	0.029049007540384975	NFAT5-independent
Fam122b	ENSMUSG00000036022	-1.39780912212075	1.40618470495093e-34	-1.16882896758593	6.736449935797539e-25	TRUE	1.195905612270844	1.195905612270844	0.22898015453482	NFAT5-independent
Ehd2	ENSMUSG00000074364	0.579512727456423	4.50472919684588e-7	-0.677601973363906	2.97489853923568e-7	FALSE	-0.8552406135706393	0.8552406135706393	-1.257114700820329	NFAT5-independent (Opposite direction)
Plxna3	ENSMUSG00000031398	-0.138233843931319	0.260162452477701	-0.448914401339516	4.58095779576144e-5	TRUE	0.30792918097268196	0.30792918097268196	-0.310680557408197	Strongly NFAT5-dependent
Lzts2	ENSMUSG00000035342	1.19547205484649	1.9986159617433e-22	1.0799131629239	4.29518259656619e-18	TRUE	1.107007577914608	1.107007577914608	-0.11555889192259006	NFAT5-independent
Tle4	ENSMUSG00000024642	0.764435548005215	3.29013931125371e-13	0.695929634633232	6.58301013558881e-11	TRUE	1.098437988501649	1.098437988501649	-0.06850591337198297	NFAT5-independent
Eef2kmt	ENSMUSG00000022544	-1.17042796213662	2.60727389460392e-26	-1.11783674579144	1.80532259559081e-23	TRUE	1.0470473139688612	1.0470473139688612	0.05259121634518005	NFAT5-independent
Arhgef18	ENSMUSG00000004568	-1.3620537090707	7.234678146778739e-34	-0.463627032749422	1.16067564211713e-5	TRUE	2.937822026885247	2.937822026885247	0.8984266763212778	NFAT5-independent
Arhgap33	ENSMUSG00000036882	-1.03373584602097	2.93025664540794e-22	-0.968909352431927	3.7220629946048195e-19	TRUE	1.066906665134701	1.066906665134701	0.06482649358904302	NFAT5-independent
Arl5b	ENSMUSG00000017418	0.57108352003245	9.74161287879823e-8	0.356809332712228	0.00148243673341595	TRUE	1.6005285391260697	1.6005285391260697	-0.21427418732022202	NFAT5-independent
Psd	ENSMUSG00000037126	0.230778429957735	0.0445383056645741	-0.716627903831145	7.81330545473646e-10	FALSE	-0.3220338319565519	0.3220338319565519	-0.9474063337888801	NFAT5-independent (Opposite direction)
Ppp1r15a	ENSMUSG00000040435	0.261330666013185	0.0224051467230784	0.310314760939263	0.00579900204800966	TRUE	0.8421470677778504	0.8421470677778504	0.048984094926078026	Partially dependent
Rmnd1	ENSMUSG00000019763	-0.607488640972762	2.35522965875739e-8	-0.338970445394113	0.00213659788780798	TRUE	1.792158134218602	1.792158134218602	0.26851819557864903	NFAT5-independent
Abhd11	ENSMUSG00000040532	-0.548233461047589	8.00000790887101e-7	-0.435193507140758	1.0250051856044e-4	TRUE	1.2597464163689134	1.2597464163689134	0.11303995390683097	NFAT5-independent
Wrb	ENSMUSG00000023147	0.585511477505284	2.48163514201763e-7	0.282354245296717	0.0197213195037878	TRUE	2.0736769050169186	2.0736769050169186	-0.303157232208567	NFAT5-independent
Eva1b	ENSMUSG00000050212	0.365641962003785	0.00188302389405336	0.638414424646592	1.85989114188867e-8	TRUE	0.5727344932818427	0.5727344932818427	0.272772462642807	Strongly NFAT5-dependent
Stx17	ENSMUSG00000061455	-0.69618049239819	3.4157642330503e-10	-0.727749558765922	1.3790162779706901e-10	TRUE	0.9566209749116646	0.9566209749116646	-0.031569066367731935	Partially dependent
Eef1akmt1	ENSMUSG00000021951	-1.13768154755881	2.50438569853904e-24	-1.13729071420828	2.68489383923778e-23	TRUE	1.0003436529865648	1.0003436529865648	3.9083335053002877e-4	NFAT5-independent
Phf11b	ENSMUSG00000091649	-0.834531081211018	1.14320369768558e-13	-0.432026707350623	9.71943583197876e-5	TRUE	1.9316654896840249	1.9316654896840249	0.40250437386039506	NFAT5-independent
Gpank1	ENSMUSG00000092417	0.301203632752964	0.0101997096630978	0.304642048272143	0.00874720419486745	TRUE	0.9887132602387595	0.9887132602387595	0.00343841551917895	Partially dependent
Sesn1	ENSMUSG00000038332	0.485430870744745	7.82991393495168e-6	0.779145106758988	2.18698582671868e-13	TRUE	0.6230301217753816	0.6230301217753816	0.29371423601424296	Strongly NFAT5-dependent
Cog7	ENSMUSG00000034951	-0.625099268871038	4.864565791833331e-9	-0.554593373374105	3.17747722851324e-7	TRUE	1.1271307932656685	1.1271307932656685	0.07050589549693298	NFAT5-independent
Abraxas1	ENSMUSG00000035234	-0.478558149219455	4.81048476198836e-5	-0.338272990330804	0.00455997864236757	TRUE	1.4147099026483412	1.4147099026483412	0.140285158888651	NFAT5-independent
Oser1	ENSMUSG00000035399	1.11400261489738	2.9183677748725e-24	0.808056129613936	1.0327195487839599e-12	TRUE	1.378620338452993	1.378620338452993	-0.30594648528344404	NFAT5-independent
Als2cl	ENSMUSG00000044037	-0.246614761616706	0.0465468334264341	0.349846587381163	0.00199875875499677	FALSE	-0.7049225875341056	0.7049225875341056	0.596461348997869	NFAT5-independent (Opposite direction)
Smim20	ENSMUSG00000061461	-0.805909851942532	9.86833984344065e-12	-0.785606570439283	6.618288336458279e-11	TRUE	1.0258440831164335	1.0258440831164335	0.020303281503249004	NFAT5-independent
Rtn4ip1	ENSMUSG00000019864	-1.24817627582813	5.13681577312786e-27	-1.14372027539544	1.71864377129782e-22	TRUE	1.0913300242024426	1.0913300242024426	0.10445600043268999	NFAT5-independent
Mrm1	ENSMUSG00000018405	-0.323012033470091	0.00273347537865448	-0.457538182934675	2.31101549900273e-5	TRUE	0.7059783107024513	0.7059783107024513	-0.13452614946458402	Partially dependent
Nck2	ENSMUSG00000066877	0.466869686254507	8.13947621526564e-6	0.459827617746896	1.21409422140827e-5	TRUE	1.0153145836305273	1.0153145836305273	-0.007042068507610966	NFAT5-independent
Gm5424	ENSMUSG00000046687	-1.02139152154064	2.24573778616462e-18	-0.540650672668164	2.09488326666978e-6	TRUE	1.889189403020573	1.889189403020573	0.4807408488724759	NFAT5-independent
Oip5	ENSMUSG00000072980	-0.426094143830364	4.22813554817069e-5	-0.347947310761164	0.0010866015128683	TRUE	1.2245938699691261	1.2245938699691261	0.0781468330692	NFAT5-independent
B9d2	ENSMUSG00000063439	0.0356612449362995	0.841656815529655	0.298171842331435	0.00828312437622569	TRUE	0.11959963978308853	0.11959963978308853	0.2625105973951355	Strongly NFAT5-dependent
Tmem101	ENSMUSG00000020921	0.463437969891461	6.00092491294345e-5	0.281748064332115	0.0197844047808008	TRUE	1.6448665618698843	1.6448665618698843	-0.181689905559346	NFAT5-independent
Usp11	ENSMUSG00000031066	-0.549971385987276	1.55725744981845e-7	-0.725339054286178	2.72525142714004e-11	TRUE	0.7582266289639056	0.7582266289639056	-0.17536766829890194	Partially dependent
Ndufaf7	ENSMUSG00000024082	-0.995737125764428	1.13967467256684e-16	-0.816152020331501	1.07614870820143e-11	TRUE	1.2200387929689667	1.2200387929689667	0.17958510543292694	NFAT5-independent
Rbmx2	ENSMUSG00000031107	-0.299625367264361	0.0107203843479905	-0.31071035281348103	0.00759544066759595	TRUE	0.9643237328632743	0.9643237328632743	-0.011084985549120019	Partially dependent
Cirbp	ENSMUSG00000045193	-0.706115690755759	2.37518979979551e-10	-0.522952302835144	2.88889160455695e-6	TRUE	1.3502487453016447	1.3502487453016447	0.18316338792061493	NFAT5-independent
Nek4	ENSMUSG00000021918	-1.06100335758942	5.81836153348648e-20	-0.724904994797601	2.03599707836045e-10	TRUE	1.4636447054495194	1.4636447054495194	0.33609836279181904	NFAT5-independent
Ccdc77	ENSMUSG00000030177	-0.553718617028429	1.60862555227321e-6	-0.432798210936217	1.9981715500253e-4	TRUE	1.2793921116971354	1.2793921116971354	0.12092040609221194	NFAT5-independent
Cbwd1	ENSMUSG00000024878	-0.208938883688647	0.0761279278307483	-0.28986193715357	0.0104956277682869	TRUE	0.7208220773669581	0.7208220773669581	-0.08092305346492301	Strongly NFAT5-dependent
D630039A03Rik	ENSMUSG00000052117	-0.113338834224023	0.425776754132981	0.37292430879298	8.7353876835606e-4	FALSE	-0.30391913734682374	0.30391913734682374	0.486263143017003	Strongly NFAT5-dependent
Pdzd11	ENSMUSG00000015668	-0.61235631159944	2.2507503036558e-8	-0.388601450936515	4.3890989123237e-4	TRUE	1.5757952270216289	1.5757952270216289	0.22375486066292505	NFAT5-independent
Bcl7a	ENSMUSG00000029438	-0.976138505212054	1.14133291162483e-19	-0.62119134401253	4.34544625246164e-9	TRUE	1.571397468140452	1.571397468140452	0.3549471611995241	NFAT5-independent
Cd160	ENSMUSG00000038304	-0.72941542246783	6.80118418985761e-10	-0.641343038489181	7.65603786904099e-8	TRUE	1.1373249239379322	1.1373249239379322	0.08807238397864903	NFAT5-independent
Lcmt2	ENSMUSG00000074890	0.389972348307386	0.00114814859143953	0.444549648586552	1.764102436243e-4	TRUE	0.8772301351430716	0.8772301351430716	0.05457730027916602	Partially dependent
Lcor	ENSMUSG00000025019	0.365710279066707	0.00163599885559616	0.399069069286946	5.2265802891589e-4	TRUE	0.9164084796653263	0.9164084796653263	0.03335879022023902	Partially dependent
Acp2	ENSMUSG00000002103	-0.380171012371557	6.1043279015765e-4	-0.281790225868374	0.0133357026983378	TRUE	1.3491277463581626	1.3491277463581626	0.098380786503183	NFAT5-independent
Dnajb4	ENSMUSG00000028035	0.994248826350986	7.433277815191941e-21	0.62021056499403	2.15875232820641e-8	TRUE	1.6030826987936853	1.6030826987936853	-0.37403826135695595	NFAT5-independent
Neu3	ENSMUSG00000035239	0.930290152888785	1.00215739883285e-16	0.8991013665617	2.3390482672563804e-15	TRUE	1.0346888432016912	1.0346888432016912	-0.031188786327084994	NFAT5-independent
Phkb	ENSMUSG00000036879	-1.29293180691888	4.133641986589199e-31	-1.01857435680883	2.31909564734631e-20	TRUE	1.269354366007805	1.269354366007805	0.2743574501100501	NFAT5-independent
Fam149b	ENSMUSG00000039599	-0.815563657890978	4.621567162679539e-13	-0.740131948452376	8.291566086413379e-11	TRUE	1.1019165698715352	1.1019165698715352	0.075431709438602	NFAT5-independent
Phldb1	ENSMUSG00000048537	1.16097246169336	2.6121507246856797e-18	0.817941345063013	1.98217618992056e-9	TRUE	1.4193835153349785	1.4193835153349785	-0.34303111663034713	NFAT5-independent
Mrpl55	ENSMUSG00000036860	-0.538810568426691	2.21622121100742e-5	-0.377285405968297	0.00318346475878175	TRUE	1.4281245971967618	1.4281245971967618	0.16152516245839393	NFAT5-independent
H2-Q10	ENSMUSG00000067235	0.0179544525193516	0.921845464942611	-0.257985399639696	0.0306896894762397	FALSE	-0.0695948396476192	0.0695948396476192	-0.2759398521590476	Strongly NFAT5-dependent
Nudt1	ENSMUSG00000036639	-1.25693888646015	1.1607980180297999e-27	-1.27236490112769	3.85805311012928e-27	TRUE	0.9878761079829631	0.9878761079829631	-0.015426014667540011	Partially dependent
Neurl3	ENSMUSG00000047180	-1.1815121606328	4.5880409955770995e-21	-0.579409409697306	1.88895422773576e-6	TRUE	2.0391663318861935	2.0391663318861935	0.602102750935494	NFAT5-independent
Tmcc1	ENSMUSG00000030126	0.581379952209656	9.97469609335005e-8	0.584819930188536	1.14108994717274e-7	TRUE	0.9941178851791679	0.9941178851791679	0.00343997797887996	Partially dependent
Ppip5k1	ENSMUSG00000033526	-0.599015567832917	1.20657216803887e-6	-0.448081508761308	3.0401339424568e-4	TRUE	1.3368450965291032	1.3368450965291032	0.150934059071609	NFAT5-independent
Map3k12	ENSMUSG00000023050	0.359651378256396	0.00106494781542206	0.323257388619039	0.00382916451521384	TRUE	1.1125851749060793	1.1125851749060793	-0.03639398963735696	NFAT5-independent
mt-Tp	ENSMUSG00000064372	-0.736008668235442	3.2035558837496704e-9	-0.393751581811098	0.00149237685801952	TRUE	1.8692208545553006	1.8692208545553006	0.342257086424344	NFAT5-independent
Mapkbp1	ENSMUSG00000033902	-0.0758789654878572	0.603235437308645	-0.306897831461882	0.00694039938041562	TRUE	0.24724503632500153	0.24724503632500153	-0.23101886597402477	Strongly NFAT5-dependent
Atf5	ENSMUSG00000038539	1.51850511281217	2.56983825417441e-41	0.86726296826136	2.76271611137024e-13	TRUE	1.7509165828403623	1.7509165828403623	-0.6512421445508101	NFAT5-independent
Tmem41a	ENSMUSG00000022856	-0.269284814309563	0.0251055249419322	-0.37697662574341	0.00123994547968698	TRUE	0.7143276158794322	0.7143276158794322	-0.10769181143384698	Partially dependent
Gm16224	ENSMUSG00000084986	0.0661978227709186	0.694383289695234	0.390905809572366	0.00109274738544104	TRUE	0.16934468905268035	0.16934468905268035	0.3247079868014474	Strongly NFAT5-dependent
Zfp513	ENSMUSG00000043059	0.805726732833165	3.4985757617601397e-12	0.735208906708872	4.10017955033142e-10	TRUE	1.095915358860331	1.095915358860331	-0.07051782612429303	NFAT5-independent
Tarsl2	ENSMUSG00000030515	-0.748450843097214	5.41407491305074e-12	-0.576825096608455	1.05914707347672e-7	TRUE	1.2975351584004629	1.2975351584004629	0.17162574648875895	NFAT5-independent
Pex2	ENSMUSG00000040374	-0.466962280323905	2.52823593788504e-5	-0.265202004602209	0.0200884028591003	TRUE	1.7607796027949612	1.7607796027949612	0.20176027572169603	NFAT5-independent
Asph	ENSMUSG00000028207	0.877909950720784	1.7473238932342e-14	0.399427728506769	9.4838392164218e-4	TRUE	2.197919393335023	2.197919393335023	-0.47848222221401504	NFAT5-independent
Ccdc14	ENSMUSG00000022833	-0.772176395568338	1.73520278645134e-10	-0.346385060729534	0.00418398184579398	TRUE	2.229242779529895	2.229242779529895	0.42579133483880394	NFAT5-independent
Rufy3	ENSMUSG00000029291	0.43110279524048	6.34012426133203e-5	0.447995216721263	3.42465459008375e-5	TRUE	0.9622932994588349	0.9622932994588349	0.016892421480783015	Partially dependent
Spryd4	ENSMUSG00000051346	0.422055217818441	5.206566978512e-4	0.355534552643299	0.00387493094145749	TRUE	1.1871004229563054	1.1871004229563054	-0.06652066517514205	NFAT5-independent
Slc35e3	ENSMUSG00000060181	0.458049715877195	3.51405937449434e-5	0.295687142595059	0.0107353932244374	TRUE	1.5491025813878223	1.5491025813878223	-0.162362573282136	NFAT5-independent
Tcf7	ENSMUSG00000000782	0.191536068504632	0.128881483136653	0.304277905732965	0.0078071952348805	TRUE	0.6294774115894057	0.6294774115894057	0.11274183722833298	Strongly NFAT5-dependent
Atg9a	ENSMUSG00000033124	0.405478309762016	2.178280022188e-4	0.321878525270849	0.00422253022413255	TRUE	1.2597246412161882	1.2597246412161882	-0.083599784491167	NFAT5-independent
Fam92a	ENSMUSG00000028218	-0.512360228523324	6.19115010460484e-6	-0.571649749845073	8.13275639124862e-7	TRUE	0.8962834824334	0.8962834824334	-0.05928952132174903	Partially dependent
Tvp23b	ENSMUSG00000014177	-0.565806226544657	2.7644733297785e-7	-0.493286350964158	1.04860563333278e-5	TRUE	1.1470137485838692	1.1470137485838692	0.07251987558049894	NFAT5-independent
Narf	ENSMUSG00000000056	0.35924298931724	0.00159057949810849	0.544576623860346	7.74919734902283e-7	TRUE	0.6596739073570043	0.6596739073570043	0.18533363454310597	Strongly NFAT5-dependent
Nit1	ENSMUSG00000013997	-0.547321006199157	7.40619331479945e-7	-0.449745094739919	6.25931114791322e-5	TRUE	1.2169582561332097	1.2169582561332097	0.097575911459238	NFAT5-independent
Odr4	ENSMUSG00000006010	-0.933788927392452	1.63334648987583e-16	-0.85064569052074	1.35270680728796e-13	TRUE	1.0977413249702284	1.0977413249702284	0.08314323687171199	NFAT5-independent
Sil1	ENSMUSG00000024357	-0.848174747452776	5.2238619369978405e-14	-0.704913158472076	4.33053897963932e-10	TRUE	1.2032329617611686	1.2032329617611686	0.14326158898069996	NFAT5-independent
Ldlrap1	ENSMUSG00000037295	0.453158270642772	3.75120724912807e-5	0.61897251039862	1.11564824192158e-8	TRUE	0.7321137256175347	0.7321137256175347	0.16581423975584803	Partially dependent
Ring1	ENSMUSG00000024325	-1.03695155634397	2.20850117322233e-21	-0.741156735243411	7.71780132941582e-12	TRUE	1.399098877518011	1.399098877518011	0.295794821100559	NFAT5-independent
Dennd6b	ENSMUSG00000015377	-0.492496445566613	2.06351691079764e-5	-0.406335720779738	4.974487734664e-4	TRUE	1.21204319576319	1.21204319576319	0.08616072478687498	NFAT5-independent
Med21	ENSMUSG00000030291	-0.242491927147435	0.0429546226036906	-0.408048143624836	3.5875579163186e-4	TRUE	0.5942728350466037	0.5942728350466037	-0.16555621647740099	Strongly NFAT5-dependent
Alkbh4	ENSMUSG00000039754	0.619898650302214	1.57161231476132e-8	0.50686206631293	6.0255183762049e-6	TRUE	1.223012514650281	1.223012514650281	-0.11303658398928407	NFAT5-independent
Smim10l1	ENSMUSG00000072704	-0.396808954215355	5.3105968402356e-4	-0.308164664031882	0.00828488121504431	TRUE	1.287652351258229	1.287652351258229	0.08864429018347303	NFAT5-independent
Fam126b	ENSMUSG00000038174	0.316988128902295	0.00819440522201746	0.291859897960045	0.0149798857002575	TRUE	1.0860968948385297	1.0860968948385297	-0.025128230942249974	NFAT5-independent
Zfp318	ENSMUSG00000015597	0.759403295964057	5.81610285442978e-10	0.630440070296821	4.34410771371548e-7	TRUE	1.20456064222967	1.20456064222967	-0.12896322566723595	NFAT5-independent
Taco1	ENSMUSG00000001983	-0.206407028172106	0.0891820143666097	-0.283401733753276	0.0141206890042661	TRUE	0.7283195675570564	0.7283195675570564	-0.07699470558117	Strongly NFAT5-dependent
Pdcd4	ENSMUSG00000024975	0.390662718898461	5.5746756979858e-4	0.794436926432802	2.0941870405164998e-13	TRUE	0.4917479360540594	0.4917479360540594	0.40377420753434096	Strongly NFAT5-dependent
Phf13	ENSMUSG00000047777	1.51592488651124	1.41318500070272e-39	1.11087023976702	1.16563535902485e-20	TRUE	1.3646282277119703	1.3646282277119703	-0.40505464674422	NFAT5-independent
Cmtr2	ENSMUSG00000046441	0.395305010575207	6.9258784369896e-4	0.49493154403184503	1.60550391319022e-5	TRUE	0.7987064379751317	0.7987064379751317	0.09962653345663802	Partially dependent
Mlkl	ENSMUSG00000012519	-0.616214786631873	3.2197250526795e-8	-0.430257585666596	1.3185523981862e-4	TRUE	1.4321997035268406	1.4321997035268406	0.18595720096527701	NFAT5-independent
Rpgrip1	ENSMUSG00000057132	-0.966173678742169	9.464459579302609e-18	-0.471695030465326	1.76903560663786e-5	TRUE	2.0483015854312496	2.0483015854312496	0.49447864827684296	NFAT5-independent
Phospho2	ENSMUSG00000027088	0.384764716529452	5.4591788474151e-4	0.575485733277898	1.10930563812238e-7	TRUE	0.6685912339440252	0.6685912339440252	0.190721016748446	Strongly NFAT5-dependent
Ier3	ENSMUSG00000003541	0.685036992093301	2.74100862935949e-9	0.612423076973251	1.65111031168511e-7	TRUE	1.1185682216269939	1.1185682216269939	-0.07261391512005	NFAT5-independent
Gm37416	ENSMUSG00000103865	0.181922075255357	0.191367846831195	0.2529038179123	0.0468855496970429	TRUE	0.7193330522137176	0.7193330522137176	0.07098174265694299	Strongly NFAT5-dependent
Prepl	ENSMUSG00000024127	-0.351739582799263	0.00214062970426018	-0.392800786268407	6.0839327088326e-4	TRUE	0.8954655771969707	0.8954655771969707	-0.04106120346914399	Partially dependent
Tmem175	ENSMUSG00000013495	-1.34047720569393	6.272397672132419e-30	-1.24238905809378	1.7998283288242797e-25	TRUE	1.0789512326763795	1.0789512326763795	0.09808814760015006	NFAT5-independent
Trim12c	ENSMUSG00000057143	-0.258447067263727	0.0283557829954759	-0.299242180126852	0.00961728858869154	TRUE	0.8636719166869072	0.8636719166869072	-0.04079511286312498	Partially dependent
Cry2	ENSMUSG00000068742	0.444685641898286	4.54034267835797e-5	0.282499760327217	0.0136609576898417	TRUE	1.5741098023701348	1.5741098023701348	-0.162185881571069	NFAT5-independent
Bcl3	ENSMUSG00000053175	-0.375650715441807	0.00166957981787658	-0.261999938775635	0.0312837410586711	TRUE	1.4337816916953459	1.4337816916953459	0.11365077666617202	NFAT5-independent
Psmd10	ENSMUSG00000031429	-0.460702275410932	1.7121387827408e-4	-0.376811703793749	0.00223048575340173	TRUE	1.2226326060803598	1.2226326060803598	0.083890571617183	NFAT5-independent
Oma1	ENSMUSG00000035069	-1.29008509733494	2.62290842327942e-26	-1.03160755813743	1.18816124555681e-17	TRUE	1.2505580122582582	1.2505580122582582	0.25847753919751004	NFAT5-independent
Cenpv	ENSMUSG00000018509	-0.42932306897948	1.7491891443116e-4	-0.361376916850605	0.00174394772646678	TRUE	1.188020177716454	1.188020177716454	0.067946152128875	NFAT5-independent
Gtf2ird2	ENSMUSG00000015942	-0.0412533809997011	0.812196333523725	0.274227827328332	0.0259132732053673	FALSE	-0.1504347002330605	0.1504347002330605	0.3154812083280331	Strongly NFAT5-dependent
Scoc	ENSMUSG00000063253	-0.343818530469036	0.00357648772392545	-0.454623506271918	1.1496214806865e-4	TRUE	0.7562709048823189	0.7562709048823189	-0.11080497580288201	Partially dependent
Cep95	ENSMUSG00000018372	-0.33904153143584	0.00262846246293944	-0.270188479679302	0.0181934442722813	TRUE	1.254833410507593	1.254833410507593	0.068853051756538	NFAT5-independent
Dus4l	ENSMUSG00000020648	-0.413980541228585	9.11984394349e-4	-0.523679593786501	3.0107153700734e-5	TRUE	0.7905225755223161	0.7905225755223161	-0.10969905255791595	Partially dependent
Fam241a	ENSMUSG00000050549	0.520380054757759	1.66182744282005e-6	0.254143678067389	0.0300879909290874	TRUE	2.04758213430662	2.04758213430662	-0.2662363766903699	NFAT5-independent
Tbc1d23	ENSMUSG00000022749	0.126934224152214	0.374769290938253	0.310458355409669	0.00830280943233982	TRUE	0.4088607117199872	0.4088607117199872	0.18352413125745498	Strongly NFAT5-dependent
Pigg	ENSMUSG00000029263	-1.2553496765705	9.408423468594049e-25	-1.26959518729452	3.1587868845015202e-24	TRUE	0.9887794858813407	0.9887794858813407	-0.014245510724020027	Partially dependent
Pgap2	ENSMUSG00000030990	-0.990397773667859	1.96616081676767e-18	-0.661862188367674	3.04485928374898e-9	TRUE	1.4963806530638049	1.4963806530638049	0.328535585300185	NFAT5-independent
Serpinb9	ENSMUSG00000045827	0.44188429116296	1.435496119104e-4	-1.02366005468017	1.1022236731142299e-13	FALSE	-0.431670933277768	0.431670933277768	-1.46554434584313	NFAT5-independent (Opposite direction)
Adamts6	ENSMUSG00000046169	1.26837972374157	8.94487827424379e-31	1.10996706482012	5.5550154788965e-23	TRUE	1.1427183417799176	1.1427183417799176	-0.15841265892144984	NFAT5-independent
Cd84	ENSMUSG00000038147	-0.70436110922374	1.38740256608971e-8	-0.288573797305656	0.0216466239326082	TRUE	2.440835293433395	2.440835293433395	0.41578731191808393	NFAT5-independent
Dopey2	ENSMUSG00000022946	-0.30069157202693	0.0212723761630529	-0.669008183081767	2.26386899899206e-7	TRUE	0.44945873552966553	0.44945873552966553	-0.36831661105483704	Strongly NFAT5-dependent
Trmu	ENSMUSG00000022386	-0.396652854494499	3.2165974121173e-4	-0.330478007445374	0.00306182587280288	TRUE	1.2002397907221203	1.2002397907221203	0.06617484704912502	NFAT5-independent
Lmf1	ENSMUSG00000002279	-0.528684239615703	9.48137065531836e-6	-0.408014861675822	6.945043673028e-4	TRUE	1.2957475064615558	1.2957475064615558	0.12066937793988097	NFAT5-independent
Slc39a3	ENSMUSG00000046822	-0.682725135223357	4.157687348122811e-9	-0.885920104699921	2.45978057484617e-13	TRUE	0.77063962269443	0.77063962269443	-0.203194969476564	Partially dependent
Cln6	ENSMUSG00000032245	-0.890558325242591	9.439901866739681e-15	-0.790647737627989	1.15286027108771e-11	TRUE	1.1263654885225403	1.1263654885225403	0.09991058761460203	NFAT5-independent
D10Jhu81e	ENSMUSG00000053329	-0.686849496850179	2.02090970259652e-6	-0.494115422796154	6.1210675279769e-4	TRUE	1.3900588104766303	1.3900588104766303	0.19273407405402504	NFAT5-independent
Pycard	ENSMUSG00000030793	-1.09437985683075	1.9643584547247602e-17	-0.783258228305446	7.85229464542047e-10	TRUE	1.3972146314995062	1.3972146314995062	0.3111216285253039	NFAT5-independent
Ccdc116	ENSMUSG00000022768	-0.184227272004692	0.159400732036323	-0.531125085670516	8.83133256146143e-6	TRUE	0.34686230602743096	0.34686230602743096	-0.34689781366582395	Strongly NFAT5-dependent
Zbtb34	ENSMUSG00000068966	0.420183693422874	3.5025653211651e-4	0.379972803296224	0.00135425324418816	TRUE	1.1058257058869074	1.1058257058869074	-0.04021089012664997	NFAT5-independent
Klhl11	ENSMUSG00000048732	0.741149102540305	1.2827921388578398e-11	0.497352564455968	1.1435572251341e-5	TRUE	1.4901885614101844	1.4901885614101844	-0.243796538084337	NFAT5-independent
Bmpr2	ENSMUSG00000067336	0.662021444940465	7.89208522622357e-9	0.577996260912854	7.24183743096059e-7	TRUE	1.1453732311259357	1.1453732311259357	-0.08402518402761094	NFAT5-independent
Htatip2	ENSMUSG00000039745	-0.539761067826367	1.02492269276956e-6	-0.377738738210523	7.7673610422619e-4	TRUE	1.428926962544003	1.428926962544003	0.162022329615844	NFAT5-independent
Plgrkt	ENSMUSG00000016495	-0.313225799249435	0.00828787476415244	-0.305929246886228	0.00979797035943346	TRUE	1.0238504570500266	1.0238504570500266	0.007296552363206976	NFAT5-independent
P3h1	ENSMUSG00000028641	0.736170481967891	1.3205138279299899e-11	0.628107172092991	1.7760922041185e-8	TRUE	1.1720459734838073	1.1720459734838073	-0.10806330987489998	NFAT5-independent
Brf2	ENSMUSG00000031487	0.259150816459515	0.0370174363544324	0.293340495062917	0.0147405389202899	TRUE	0.8834471231254013	0.8834471231254013	0.034189678603401996	Partially dependent
Nek1	ENSMUSG00000031644	-0.395901334535631	0.00143393228709706	-0.25431894693076	0.0453614824160877	TRUE	1.5567119135776293	1.5567119135776293	0.14158238760487096	NFAT5-independent
Stx18	ENSMUSG00000029125	-0.883437976261089	2.71862358974044e-14	-0.630096880010408	4.56755466942179e-8	TRUE	1.4020668952471187	1.4020668952471187	0.253341096250681	NFAT5-independent
Gpr55	ENSMUSG00000049608	-0.719220557820944	7.793183484377601e-10	-0.87175749178576	8.77220850882318e-13	TRUE	0.8250236615089476	0.8250236615089476	-0.15253693396481605	Partially dependent
Aasdh	ENSMUSG00000055923	-0.761715607371483	2.74100862935949e-9	-0.414438809556129	0.00115301281884694	TRUE	1.8379446852173265	1.8379446852173265	0.34727679781535403	NFAT5-independent
Inpp1	ENSMUSG00000026102	0.460691338330739	3.42631830169202e-5	0.358205501250336	0.00171653391755428	TRUE	1.2861090539443714	1.2861090539443714	-0.10248583708040299	NFAT5-independent
Tfeb	ENSMUSG00000023990	0.550103401475234	1.9271418097974e-6	0.36640433200389	0.00217269109208506	TRUE	1.5013561615570465	1.5013561615570465	-0.18369906947134396	NFAT5-independent
Pimreg	ENSMUSG00000020808	-0.610783910784198	3.36255885911631e-8	-0.435865074496009	8.36968661808084e-5	TRUE	1.4013141830426488	1.4013141830426488	0.17491883628818905	NFAT5-independent
Ccl3	ENSMUSG00000000982	-0.995728042398048	8.60768930650757e-13	-3.31254567910413	1.06198115216855e-50	TRUE	0.3005929997219964	0.3005929997219964	-2.316817636706082	Strongly NFAT5-dependent
Gm8822	ENSMUSG00000082319	-0.215724467069915	0.0985217171976339	-0.250422896690233	0.0452106575265541	TRUE	0.861440666652622	0.861440666652622	-0.034698429620317994	Strongly NFAT5-dependent
Poli	ENSMUSG00000038425	-0.752316745393443	1.5470246267519e-9	-0.433066089399925	4.8468143706903e-4	TRUE	1.7371869185968483	1.7371869185968483	0.31925065599351793	NFAT5-independent
Cyb561a3	ENSMUSG00000034445	-0.627725482079559	1.02561431026214e-6	-0.605953550026872	2.9944649261822e-6	TRUE	1.0359300346564873	1.0359300346564873	0.021771932052687015	NFAT5-independent
Tm7sf3	ENSMUSG00000040234	-1.45115719228088	1.8232911797614e-35	-1.30925966016023	4.44617734648405e-29	TRUE	1.108379977202753	1.108379977202753	0.14189753212064993	NFAT5-independent
Mpst	ENSMUSG00000071711	-0.37928423399149	0.00117128149317974	-0.30125644865039	0.0108290867946389	TRUE	1.2590078509212321	1.2590078509212321	0.07802778534110005	NFAT5-independent
Orai3	ENSMUSG00000043964	-0.892579068916358	4.729466358409961e-15	-0.666922940229377	4.598199277250381e-9	TRUE	1.3383541262044012	1.3383541262044012	0.22565612868698093	NFAT5-independent
Cmc2	ENSMUSG00000014633	-0.810319274291393	5.53416480172549e-11	-0.682117022461143	3.76848076019227e-8	TRUE	1.1879475919948224	1.1879475919948224	0.12820225183025002	NFAT5-independent
Taf1b	ENSMUSG00000059669	-0.772762975018218	4.9980922331967195e-12	-0.653494678612615	7.174192882120351e-9	TRUE	1.1825084431579649	1.1825084431579649	0.11926829640560299	NFAT5-independent
Dis3l2	ENSMUSG00000053333	-0.753509872678618	7.557025017239371e-9	-0.574822456629382	1.1222263460737e-5	TRUE	1.3108567071248662	1.3108567071248662	0.178687416049236	NFAT5-independent
Psmc3ip	ENSMUSG00000019303	-0.882840472715262	1.46005176663402e-12	-0.640673036429023	2.19456686116005e-7	TRUE	1.377989118499554	1.377989118499554	0.24216743628623905	NFAT5-independent
Relb	ENSMUSG00000002983	-0.369072484593598	0.00205495406814505	-0.766756852627864	4.20942806196926e-10	TRUE	0.4813422707977059	0.4813422707977059	-0.397684368034266	Strongly NFAT5-dependent
Ptges2	ENSMUSG00000026820	-0.521376376087908	1.08084410829491e-5	-0.662760093030571	3.94416537909672e-8	TRUE	0.7866743661402958	0.7866743661402958	-0.14138371694266305	Partially dependent
5031439G07Rik	ENSMUSG00000036046	-0.466951946173252	1.1309758132713e-4	-0.719891415144646	6.04490909812392e-9	TRUE	0.6486421929054793	0.6486421929054793	-0.2529394689713941	Strongly NFAT5-dependent
Yod1	ENSMUSG00000046404	0.50477891214498	6.32289972262891e-6	0.43335056463386	1.3585262450666e-4	TRUE	1.1648280937893094	1.1648280937893094	-0.07142834751112004	NFAT5-independent
Tmem185a	ENSMUSG00000073139	-0.541153336719042	7.13145358905033e-6	-0.569298202237552	3.03914545282017e-6	TRUE	0.9505621739048352	0.9505621739048352	-0.02814486551851003	Partially dependent
Phc1	ENSMUSG00000040669	0.957002036813694	4.13625710488005e-18	0.957403022673284	9.168137470152279e-18	TRUE	0.9995811733929245	0.9995811733929245	4.0098585959003064e-4	Partially dependent
Pafah1b3	ENSMUSG00000005447	0.73314636478645	3.86091566102542e-10	0.83221595069901	1.4181853370323998e-12	TRUE	0.8809568768426661	0.8809568768426661	0.09906958591255999	Partially dependent
Igfbp7	ENSMUSG00000036256	0.82626925627399	2.3335531899247197e-12	1.40727290419963	1.30332670732958e-34	TRUE	0.5871421625529847	0.5871421625529847	0.58100364792564	Strongly NFAT5-dependent
Zfp260	ENSMUSG00000049421	0.395391329359785	7.1247908179389e-4	0.514765843107243	7.23170584436744e-6	TRUE	0.7680993885940712	0.7680993885940712	0.11937451374745806	Partially dependent
Akip1	ENSMUSG00000031023	-1.03436858868974	2.33690477460568e-17	-0.833969664803707	8.06783293110607e-12	TRUE	1.2402952197706152	1.2402952197706152	0.20039892388603298	NFAT5-independent
Mlh3	ENSMUSG00000021245	-1.25106419528361	2.87915508289662e-27	-1.01386755623871	1.0977072306031199e-18	TRUE	1.233952292471871	1.233952292471871	0.23719663904489985	NFAT5-independent
Nme6	ENSMUSG00000032478	-0.875349369943674	7.30803220091636e-15	-0.577196950404094	1.99178225843773e-7	TRUE	1.516552312569989	1.516552312569989	0.29815241953957994	NFAT5-independent
Lmbrd1	ENSMUSG00000073725	0.251344081406425	0.0318033841749126	0.287030893197533	0.0116655080586426	TRUE	0.8756690912481377	0.8756690912481377	0.035686811791108	Partially dependent
Usp20	ENSMUSG00000026854	-0.738464320038862	1.61133481167612e-10	-0.503202264095067	1.15840353933428e-5	TRUE	1.467529804077647	1.467529804077647	0.235262055943795	NFAT5-independent
Tkfc	ENSMUSG00000034371	-0.293333985218634	0.0159275298787643	-0.282354480344338	0.0196456379147688	TRUE	1.0388855344562133	1.0388855344562133	0.010979504874295998	NFAT5-independent
Zeb2	ENSMUSG00000026872	0.425978639213016	3.845172624905e-4	0.348775195725841	0.00423923564952715	TRUE	1.2213558889315677	1.2213558889315677	-0.077203443487175	NFAT5-independent
Arhgap10	ENSMUSG00000037148	-0.600638541990689	1.29916999473218e-7	-0.561341339138764	1.23992317027076e-6	TRUE	1.070005895008938	1.070005895008938	0.03929720285192495	NFAT5-independent
Trib1	ENSMUSG00000032501	1.00271453862943	3.8223639912564094e-18	0.310705948603328	0.0139107124155466	TRUE	3.2272138436254254	3.2272138436254254	-0.692008590026102	NFAT5-independent
Kcnq5	ENSMUSG00000028033	-0.113373146643168	0.472380686785694	-0.412543939847662	0.00143271470558097	TRUE	0.2748147183668065	0.2748147183668065	-0.299170793204494	Strongly NFAT5-dependent
Vcl	ENSMUSG00000021823	2.32599741541847	1.2267591892337499e-78	1.64295304029957	5.97183716994698e-37	TRUE	1.415741873543967	1.415741873543967	-0.6830443751188999	NFAT5-independent
Tmem154	ENSMUSG00000056498	-0.655959366991771	1.87096125858331e-8	-0.970500079367028	3.0465395009849403e-15	TRUE	0.6758983135988982	0.6758983135988982	-0.31454071237525694	Strongly NFAT5-dependent
5031425E22Rik	ENSMUSG00000073147	0.677137033439098	1.2723069547061e-8	0.574796278025843	2.05274078844519e-6	TRUE	1.17804700434865	1.17804700434865	-0.10234075541325505	NFAT5-independent
Nbeal1	ENSMUSG00000073664	1.35681553779592	1.35480606486515e-30	1.40039220151114	5.98311639647989e-32	TRUE	0.9688825290028056	0.9688825290028056	0.043576663715220176	Partially dependent
Tmem260	ENSMUSG00000036339	-0.948750985832245	2.76666864856665e-16	-0.671898931810574	5.09925217919738e-9	TRUE	1.4120441943189797	1.4120441943189797	0.276852054021671	NFAT5-independent
Zkscan8	ENSMUSG00000063894	-0.620477371093042	8.29493003908851e-8	-0.374627431573959	0.00134087795114983	TRUE	1.6562518352865125	1.6562518352865125	0.24584993951908302	NFAT5-independent
Acot11	ENSMUSG00000034853	-0.746552258410888	1.51519538010453e-10	-0.567428177787205	1.1652934398539e-6	TRUE	1.3156770982403654	1.3156770982403654	0.179124080623683	NFAT5-independent
Stn1	ENSMUSG00000042694	-1.03210870543892	1.70293719935227e-18	-0.659493120346139	1.21535067272597e-8	TRUE	1.5650029903226454	1.5650029903226454	0.3726155850927809	NFAT5-independent
Plpp5	ENSMUSG00000031570	-0.17532879046104	0.21294651246193	-0.290493381034946	0.0235699619981407	TRUE	0.6035551992144983	0.6035551992144983	-0.11516459057390599	Strongly NFAT5-dependent
Gm6169	ENSMUSG00000057762	0.65049860543362	7.629349874844851e-9	0.326553436029925	0.00626119403680937	TRUE	1.9920127417492832	1.9920127417492832	-0.32394516940369505	NFAT5-independent
Arsb	ENSMUSG00000042082	-0.592931739078069	5.570576106444e-7	-0.707578798290723	7.254046008255991e-9	TRUE	0.837972732521659	0.837972732521659	-0.11464705921265406	Partially dependent
Mxd4	ENSMUSG00000037235	1.9995584714722	4.52188955515189e-56	2.34322529796446	2.47982312134904e-77	TRUE	0.8533359866032513	0.8533359866032513	0.3436668264922602	Partially dependent
Dph1	ENSMUSG00000078789	-0.978845289333591	1.14654023632266e-15	-0.625847956145407	1.97436361982045e-7	TRUE	1.5640304961005098	1.5640304961005098	0.35299733318818405	NFAT5-independent
Prmt2	ENSMUSG00000020230	1.03189934078056	3.57731584166356e-20	0.866875222913249	4.49744874970604e-14	TRUE	1.1903666335193264	1.1903666335193264	-0.16502411786731086	NFAT5-independent
Btf3l4	ENSMUSG00000028568	-0.430709703441066	1.1227691944691e-4	-0.511187933378269	7.490819258235e-6	TRUE	0.8425662565910947	0.8425662565910947	-0.08047822993720294	Partially dependent
Dynlt1-ps1	ENSMUSG00000082691	-0.34133780343581	0.0093509973273645	-0.300691165500697	0.0217516398044513	TRUE	1.1351773600246289	1.1351773600246289	0.04064663793511297	NFAT5-independent
Fam118a	ENSMUSG00000022434	-0.275803794645469	0.0252061745642127	-0.277889403857978	0.0226421543401661	TRUE	0.9924948228196031	0.9924948228196031	-0.0020856092125089987	Partially dependent
Invs	ENSMUSG00000028344	-0.691630981779813	8.80062465624549e-10	-0.665286584332404	6.618155530220541e-9	TRUE	1.0395985701017028	1.0395985701017028	0.026344397447409018	NFAT5-independent
Slc12a9	ENSMUSG00000037344	0.195839566725974	0.1174716993087	0.271429557946593	0.0195154922193678	TRUE	0.7215115708382348	0.7215115708382348	0.07558999122061902	Strongly NFAT5-dependent
Fhl2	ENSMUSG00000008136	-0.48725362854887	4.13191342458093e-5	-0.333305940298572	0.00559557422524588	TRUE	1.4618810217195446	1.4618810217195446	0.15394768825029798	NFAT5-independent
Pradc1	ENSMUSG00000030008	-0.356412428718255	0.00207228204326368	-0.302164993322171	0.00981271991228027	TRUE	1.179529186354969	1.179529186354969	0.05424743539608401	NFAT5-independent
Rsad1	ENSMUSG00000039096	-0.396482164607456	0.00169424924510384	-0.442784333938076	4.512705940846e-4	TRUE	0.8954295222714556	0.8954295222714556	-0.04630216933061998	Partially dependent
Exoc6b	ENSMUSG00000033769	0.499146373802999	8.97961273063116e-6	0.573738132130441	3.24635972443312e-7	TRUE	0.8699898888531896	0.8699898888531896	0.07459175832744203	Partially dependent
Commd10	ENSMUSG00000042705	-0.44176088913189	9.3881096962614e-5	-0.565830118818226	1.13309638927477e-6	TRUE	0.7807306017122898	0.7807306017122898	-0.12406922968633599	Partially dependent
Rere	ENSMUSG00000039852	-0.893125338927734	2.0515070162094699e-13	-0.722721736366209	2.9907029586318e-9	TRUE	1.235780375747797	1.235780375747797	0.1704036025615251	NFAT5-independent
Alkbh3	ENSMUSG00000040174	-0.640786333593966	6.45763438172963e-8	-0.658910189897384	5.16689098432617e-8	TRUE	0.9724941933190613	0.9724941933190613	-0.018123856303418062	Partially dependent
Vegfb	ENSMUSG00000024962	0.27952137756653	0.0179798394045358	0.277105574328432	0.0181534028572259	TRUE	1.0087179886003834	1.0087179886003834	-0.00241580323809798	NFAT5-independent
Ttc33	ENSMUSG00000022151	-0.00868822048216336	0.964544621415809	0.2511387097626	0.0452534516123421	FALSE	-0.03459530587847762	0.03459530587847762	0.25982693024476333	Strongly NFAT5-dependent
Alg6	ENSMUSG00000073792	-1.04748873473141	4.36157168097026e-17	-0.949372560162955	4.60865630422749e-14	TRUE	1.103348441576628	1.103348441576628	0.0981161745684549	NFAT5-independent
Ccdc61	ENSMUSG00000074358	-0.681616282413206	8.515095939842362e-9	-0.334233587423964	0.00501283497678925	TRUE	2.039341071813345	2.039341071813345	0.34738269498924207	NFAT5-independent
Lrsam1	ENSMUSG00000026792	-0.424763099439944	2.3954940035135e-4	-0.27150936822647	0.0223355634709131	TRUE	1.564450988245985	1.564450988245985	0.15325373121347402	NFAT5-independent
Dab2ip	ENSMUSG00000026883	0.797783509968554	1.1674276376357899e-11	0.322940060861431	0.0102489690557634	TRUE	2.4703764154886674	2.4703764154886674	-0.47484344910712295	NFAT5-independent
Scnm1	ENSMUSG00000092607	-0.523686326471328	1.4049410648702e-4	-0.432844158565246	0.00167942796846314	TRUE	1.209872689993548	1.209872689993548	0.09084216790608196	NFAT5-independent
Dcaf17	ENSMUSG00000041966	-0.490686249040574	5.76502769391936e-5	-0.462892532009259	1.6322683765861e-4	TRUE	1.0600435632665577	1.0600435632665577	0.027793717031315	NFAT5-independent
Sh2b3	ENSMUSG00000042594	-0.249506565322636	0.0502235408615083	-0.30191823195216	0.0146369990577563	TRUE	0.8264044331121122	0.8264044331121122	-0.05241166662952401	Strongly NFAT5-dependent
Inafm2	ENSMUSG00000074918	0.498733708660655	3.19619160135795e-5	0.384929798952403	0.0016678596312718	TRUE	1.2956484793278475	1.2956484793278475	-0.113803909708252	NFAT5-independent
Hace1	ENSMUSG00000038822	0.170213520259872	0.213196745808091	0.313404296932787	0.0095651745500327	TRUE	0.5431116354361158	0.5431116354361158	0.143190776672915	Strongly NFAT5-dependent
Ptgr2	ENSMUSG00000072946	-0.663091031405015	1.90643717678383e-8	-0.522293251198094	1.04781809217375e-5	TRUE	1.26957610477245	1.26957610477245	0.14079778020692102	NFAT5-independent
Ofd1	ENSMUSG00000040586	-0.540949518933279	1.49090514119731e-5	-0.325023635439625	0.0100450249277372	TRUE	1.664339020150316	1.664339020150316	0.21592588349365405	NFAT5-independent
Btbd6	ENSMUSG00000002803	0.477148535840309	2.99366083731335e-5	0.514584901854118	6.83822139820288e-6	TRUE	0.9272493890144837	0.9272493890144837	0.03743636601380901	Partially dependent
Tmem63a	ENSMUSG00000026519	0.87877320415415	1.45169037561258e-14	0.98194729885027	1.03823940028221e-17	TRUE	0.8949290915949123	0.8949290915949123	0.10317409469612004	Partially dependent
Grik5	ENSMUSG00000003378	-0.346724354345549	0.00588664781564321	-0.56240649416814	7.74761050702166e-6	TRUE	0.6165013347834679	0.6165013347834679	-0.21568213982259105	Strongly NFAT5-dependent
Klhl26	ENSMUSG00000055707	-0.355175578663475	0.00466444574777696	-0.301242945558617	0.0167338601137779	TRUE	1.1790336799583694	1.1790336799583694	0.05393263310485796	NFAT5-independent
Nup210l	ENSMUSG00000027939	2.59880258253337	3.2961523611168595e-87	2.40716957275318	6.1337211119689e-73	TRUE	1.0796092688896077	1.0796092688896077	-0.19163300978018993	NFAT5-independent
F8a	ENSMUSG00000078317	0.34956253796679	0.00368768211954065	0.535301699328928	4.22595991807201e-6	TRUE	0.6530196679835188	0.6530196679835188	0.18573916136213803	Strongly NFAT5-dependent
Rnf24	ENSMUSG00000048911	1.97407461180356	8.11820559070447e-62	1.18491356826531	4.60703184848261e-21	TRUE	1.666007263883024	1.666007263883024	-0.7891610435382499	NFAT5-independent
Slc10a3	ENSMUSG00000032806	-1.0441252360091	2.0645749619310002e-17	-0.763633080892105	3.79524867847028e-10	TRUE	1.3673127345260023	1.3673127345260023	0.280492155116995	NFAT5-independent
Pear1	ENSMUSG00000028073	-0.630975037379216	9.84416994684674e-8	-0.681890459811834	1.42882389008291e-8	TRUE	0.9253319624875409	0.9253319624875409	-0.05091542243261804	Partially dependent
Fundc1	ENSMUSG00000025040	-0.649107670468537	8.72222630559757e-8	-0.672389045566651	5.29966014100656e-8	TRUE	0.9653751421864796	0.9653751421864796	-0.02328137509811401	Partially dependent
Oxsm	ENSMUSG00000021786	-0.606660364014347	3.88053025738352e-6	-0.629373102344841	2.09488326666978e-6	TRUE	0.9639121242298507	0.9639121242298507	-0.02271273833049403	Partially dependent
Apopt1	ENSMUSG00000037787	-0.784213328738935	8.588366066570619e-11	-0.723957498057371	3.2807281441330903e-9	TRUE	1.083231171502818	1.083231171502818	0.06025583068156404	NFAT5-independent
Pfkm	ENSMUSG00000033065	-0.969986970930861	5.291838605152341e-15	-0.74283907477899	2.02679324437927e-9	TRUE	1.3057834514419588	1.3057834514419588	0.22714789615187092	NFAT5-independent
Pms1	ENSMUSG00000026098	-0.335463604158094	0.00802018928292626	-0.436987044794729	4.8135683111302e-4	TRUE	0.7676740263905883	0.7676740263905883	-0.10152344063663499	Partially dependent
Sp140	ENSMUSG00000070031	0.084284243707885	0.589089331859747	-0.309991480543294	0.0131192006315551	FALSE	-0.2718921292939007	0.2718921292939007	-0.394275724251179	Strongly NFAT5-dependent
Atg4a	ENSMUSG00000079418	-0.574562939967095	1.56717799856123e-6	-0.457843854639708	1.4079841551318e-4	TRUE	1.2549320781410005	1.2549320781410005	0.11671908532738695	NFAT5-independent
Arl4a	ENSMUSG00000047446	0.684818323731737	5.6881761125466905e-9	0.570222241798211	1.93810925915072e-6	TRUE	1.2009674010121811	1.2009674010121811	-0.114596081933526	NFAT5-independent
Snhg20	ENSMUSG00000086859	0.441848877913854	1.0360906624041e-4	0.54327534381885	1.4218107898943e-6	TRUE	0.8133055971359973	0.8133055971359973	0.10142646590499599	Partially dependent
Crtam	ENSMUSG00000032021	-0.367902471851409	0.00273549546196577	-1.10116907198093	1.28458272124573e-16	TRUE	0.3341017117285876	0.3341017117285876	-0.7332666001295209	Strongly NFAT5-dependent
S1pr2	ENSMUSG00000043895	1.24025940541209	9.31340237642918e-26	0.935789564752169	1.71917372223191e-14	TRUE	1.3253614403581808	1.3253614403581808	-0.3044698406599209	NFAT5-independent
Acy1	ENSMUSG00000023262	-0.430525236198727	2.9240924553852e-4	-0.502897315704985	3.28208519224405e-5	TRUE	0.8560897478547814	0.8560897478547814	-0.07237207950625796	Partially dependent
Fam173b	ENSMUSG00000039065	-1.07708966429845	3.6707508404001996e-19	-0.893599791337614	1.19989481047918e-13	TRUE	1.2053378646006319	1.2053378646006319	0.18348987296083596	NFAT5-independent
Primpol	ENSMUSG00000038225	-1.25618197606205	1.54180809351061e-24	-0.95246107026523	4.21635077430659e-15	TRUE	1.3188801256856026	1.3188801256856026	0.3037209057968201	NFAT5-independent
Fam57a	ENSMUSG00000069808	0.352255266983537	0.00231092952329816	0.299323097921939	0.0109162246547511	TRUE	1.1768395737885964	1.1768395737885964	-0.05293216906159798	NFAT5-independent
Pgpep1	ENSMUSG00000056204	0.327940158346657	0.00905571468000604	0.355314034404602	0.00408241729975868	TRUE	0.9229586410685543	0.9229586410685543	0.027373876057945	Partially dependent
Tmem106c	ENSMUSG00000052369	-0.862677053752415	6.86186631088885e-12	-0.498710102828994	5.91665018830029e-5	TRUE	1.7298166787854787	1.7298166787854787	0.363966950923421	NFAT5-independent
Top1mt	ENSMUSG00000000934	-0.812072964078403	5.81869065923746e-12	-0.93445600755357106	1.78206371910352e-14	TRUE	0.869032846398441	0.869032846398441	-0.12238304347516804	Partially dependent
Gpsm2	ENSMUSG00000027883	-0.773326094511553	2.53878764334136e-10	-0.38778601393807	0.00121984794814578	TRUE	1.9942083177735603	1.9942083177735603	0.385540080573483	NFAT5-independent
Det1	ENSMUSG00000030610	-0.526377647104614	9.42681369543087e-6	-0.278765030301244	0.0203259056115423	TRUE	1.8882484884699866	1.8882484884699866	0.24761261680337	NFAT5-independent
Pex7	ENSMUSG00000020003	-0.720497686203371	8.705455632266331e-9	-0.444553775077588	3.3889916899567e-4	TRUE	1.6207211064119802	1.6207211064119802	0.275943911125783	NFAT5-independent
Lage3	ENSMUSG00000015289	-1.04773175908833	3.54408926038248e-17	-0.802924369510032	8.478784944086539e-11	TRUE	1.3048947059953935	1.3048947059953935	0.24480738957829795	NFAT5-independent
Tmem2	ENSMUSG00000024754	1.17309745278902	6.05792401660033e-21	0.900375214881887	2.4256176913903898e-12	TRUE	1.3028984287877239	1.3028984287877239	-0.2727222379071329	NFAT5-independent
Mfsd11	ENSMUSG00000020818	0.258465231965662	0.0391758290937369	0.26658890850331	0.0299410273553163	TRUE	0.9695273273623567	0.9695273273623567	0.008123676537648006	Partially dependent
Pmvk	ENSMUSG00000027952	-0.442981478768419	2.103689877387e-4	-0.607971466969447	5.42309789474411e-7	TRUE	0.7286221522476162	0.7286221522476162	-0.16498998820102806	Partially dependent
Pccb	ENSMUSG00000032527	-0.455413189368997	2.2306254459633e-4	-0.419226286990662	7.5150072336283e-4	TRUE	1.0863183046991065	1.0863183046991065	0.036186902378334995	NFAT5-independent
Slc38a9	ENSMUSG00000047789	-0.558286271903301	7.13169108935412e-6	-0.299476804651257	0.0166994838866046	TRUE	1.8642053849660567	1.8642053849660567	0.25880946725204407	NFAT5-independent
Zfp329	ENSMUSG00000057894	0.359415966710835	0.00763431460097061	0.467689033071488	3.6514630803242e-4	TRUE	0.7684934674444182	0.7684934674444182	0.10827306636065304	Partially dependent
5730455P16Rik	ENSMUSG00000057181	-0.540487436959981	2.57146425601918e-5	-0.499154403752132	1.0879850378277e-4	TRUE	1.0828061074832749	1.0828061074832749	0.041333033207849035	NFAT5-independent
Zfp783	ENSMUSG00000072653	-0.748135088857348	3.2202326056144303e-9	-0.573636392494409	5.3702921886476e-6	TRUE	1.3041973951550498	1.3041973951550498	0.17449869636293902	NFAT5-independent
Sdccag8	ENSMUSG00000026504	-0.463890046419377	1.3433419845444e-4	-0.358095518376488	0.00318885921398328	TRUE	1.2954366156899528	1.2954366156899528	0.10579452804288897	NFAT5-independent
Tnfrsf22	ENSMUSG00000010751	0.79682288988593	4.43327875791966e-11	1.36479497296593	6.631778082404899e-31	TRUE	0.5838407274861946	0.5838407274861946	0.5679720830800001	Strongly NFAT5-dependent
Clip2	ENSMUSG00000063146	0.75549512792211	9.46541058214313e-10	0.487101191283216	1.2783913320208e-4	TRUE	1.551002422991081	1.551002422991081	-0.26839393663889405	NFAT5-independent
Caap1	ENSMUSG00000028578	-0.707393580870703	1.8910318343305e-9	-0.45766056395391	9.75798230122822e-5	TRUE	1.5456730087452828	1.5456730087452828	0.249733016916793	NFAT5-independent
Pkig	ENSMUSG00000035268	-0.336345800632521	0.00600483428588008	-0.336954793096302	0.00597905916591582	TRUE	0.9981926582548807	0.9981926582548807	-6.089924637809885e-4	Partially dependent
AI413582	ENSMUSG00000062753	-0.956024335789204	1.12930139345241e-14	-0.807507161052633	7.68164254871411e-11	TRUE	1.183920566776114	1.183920566776114	0.148517174736571	NFAT5-independent
Tm6sf1	ENSMUSG00000038623	-0.581528816042229	3.28175611869503e-6	-0.458284965038095	2.2571484272278e-4	TRUE	1.2689240546957268	1.2689240546957268	0.12324385100413393	NFAT5-independent
Nt5dc1	ENSMUSG00000039480	-1.45888449812617	6.85028208493936e-29	-1.13923828623149	7.91321666091039e-19	TRUE	1.2805788883307672	1.2805788883307672	0.3196462118946799	NFAT5-independent
Capn10	ENSMUSG00000026270	0.525335543311787	1.56572875472817e-5	0.340632236758756	0.00695452102821351	TRUE	1.5422367193150963	1.5422367193150963	-0.18470330655303102	NFAT5-independent
Isca2	ENSMUSG00000021241	-0.663906465950135	2.5768692851768e-8	-0.619458680058881	2.93819818557148e-7	TRUE	1.0717526242218918	1.0717526242218918	0.04444778589125398	NFAT5-independent
Id3	ENSMUSG00000007872	-0.465187063675835	9.45598401509643e-5	-0.381078871377359	0.00153742206288077	TRUE	1.2207107205772865	1.2207107205772865	0.08410819229847599	NFAT5-independent
Engase	ENSMUSG00000033857	-0.805305666527686	4.08068415260965e-9	-0.556521482569988	4.31829698714997e-5	TRUE	1.4470342866349475	1.4470342866349475	0.24878418395769797	NFAT5-independent
Cbr1	ENSMUSG00000051483	0.0445541028619751	0.827854612428021	0.511660154101998	1.3127869601216e-4	TRUE	0.08707753086650043	0.08707753086650043	0.46710605124002297	Strongly NFAT5-dependent
N4bp2l1	ENSMUSG00000041132	0.584448035936625	1.20125113095089e-6	0.971503552625482	1.49776379307146e-16	TRUE	0.6015912493136623	0.6015912493136623	0.38705551668885707	Strongly NFAT5-dependent
1600012H06Rik	ENSMUSG00000050088	0.252676238095867	0.055346461863758	0.393458864142425	0.00142521598024904	TRUE	0.6421922623260631	0.6421922623260631	0.140782626046558	Strongly NFAT5-dependent
AC110534.5	ENSMUSG00000116995	0.16137410447462	0.248108550487848	0.365660363332374	0.0022435835183049	TRUE	0.441322387266612	0.441322387266612	0.204286258857754	Strongly NFAT5-dependent
Alg12	ENSMUSG00000035845	-1.02753592319772	8.87886425840516e-16	-0.906100117320384	1.91539433479595e-12	TRUE	1.1340202959430785	1.1340202959430785	0.12143580587733593	NFAT5-independent
Spice1	ENSMUSG00000043065	-1.18492349475799	1.36819654270087e-21	-0.797874922558998	5.1133290298429195e-11	TRUE	1.4850993072418217	1.4850993072418217	0.38704857219899214	NFAT5-independent
Fnip2	ENSMUSG00000061175	0.283778010171018	0.0322092289786104	-0.277013016922626	0.0423968837471939	FALSE	-1.02442121068369	1.02442121068369	-0.560791027093644	NFAT5-independent (Opposite direction)
Slc22a5	ENSMUSG00000018900	-0.475499022196562	1.3702664867961e-4	-0.384360282070428	0.00190201598885483	TRUE	1.2371179967794754	1.2371179967794754	0.09113874012613399	NFAT5-independent
Cby1	ENSMUSG00000022428	-1.37005256850285	1.7553039666219898e-25	-0.760507814230248	1.6361725369083602e-9	TRUE	1.8014970298359865	1.8014970298359865	0.6095447542726019	NFAT5-independent
Psmg4	ENSMUSG00000071451	-0.376885629284884	0.00338046325750628	-0.440229468525618	5.7171827432241e-4	TRUE	0.8561117694985749	0.8561117694985749	-0.063343839240734	Partially dependent
Scrn2	ENSMUSG00000020877	-0.454303238657238	2.7123385798086e-4	-0.395305374224711	0.00146147423855789	TRUE	1.1492462998972275	1.1492462998972275	0.05899786443252697	NFAT5-independent
Uckl1	ENSMUSG00000089917	-0.766411022287115	8.102053048079001e-11	-0.613542544791908	2.13960926158512e-7	TRUE	1.2491570939828707	1.2491570939828707	0.15286847749520704	NFAT5-independent
Spidr	ENSMUSG00000041974	-1.46660730755028	6.8410451763411e-33	-0.874464581404729	8.30525788055847e-14	TRUE	1.677148896293021	1.677148896293021	0.5921427261455509	NFAT5-independent
Mpp7	ENSMUSG00000057440	-0.708918542430324	6.4898123059577405e-9	-0.819659511666962	7.142626214531769e-11	TRUE	0.8648939374699364	0.8648939374699364	-0.11074096923663801	Partially dependent
Crip2	ENSMUSG00000006356	1.16085522629919	6.93521671775518e-21	0.661150188208145	3.19110437347116e-7	TRUE	1.7558116854588668	1.7558116854588668	-0.49970503809104505	NFAT5-independent
Gas2l1	ENSMUSG00000034201	2.02308334787561	1.00244355778745e-47	1.82586656200737	5.89132738673454e-38	TRUE	1.1080127047462978	1.1080127047462978	-0.19721678586823987	NFAT5-independent
Hmces	ENSMUSG00000030060	0.643479397609877	7.80675432025614e-8	0.535060062850079	1.1641595525663e-5	TRUE	1.2026302134797464	1.2026302134797464	-0.10841933475979804	NFAT5-independent
Rai14	ENSMUSG00000022246	0.88467461172078	4.20590776874475e-13	0.442973814224516	5.3071678242746e-4	TRUE	1.9971262032034995	1.9971262032034995	-0.441700797496264	NFAT5-independent
Crybg2	ENSMUSG00000012123	0.646826835114334	2.31659174706257e-7	-0.344325527588601	0.013501278636341	FALSE	-1.878532909378594	1.878532909378594	-0.991152362702935	NFAT5-independent (Opposite direction)
Entpd7	ENSMUSG00000025192	0.384107205357051	0.00412060465035288	0.639605413326757	8.1775599400272e-7	TRUE	0.6005377649310499	0.6005377649310499	0.255498207969706	Strongly NFAT5-dependent
Dolk	ENSMUSG00000075419	-0.572948466227396	8.41119370083999e-6	-0.292368561110801	0.0238185276303271	TRUE	1.9596787836920047	1.9596787836920047	0.28057990511659503	NFAT5-independent
Tlcd1	ENSMUSG00000019437	-0.174219703933368	0.23052411044033	-0.359955108964218	0.00708334005000266	TRUE	0.4840039760365969	0.4840039760365969	-0.18573540503085	Strongly NFAT5-dependent
Akr7a5	ENSMUSG00000028743	-0.558614501038178	2.40400750929339e-5	-0.42013159223722	0.00153890686465886	TRUE	1.3296179372361172	1.3296179372361172	0.13848290880095798	NFAT5-independent
Ankmy2	ENSMUSG00000036188	-0.578153970942212	5.20683098148595e-6	-0.27422592281412	0.0341130502139873	TRUE	2.1083126095781437	2.1083126095781437	0.303928048128092	NFAT5-independent
Usp53	ENSMUSG00000039701	0.700528901484546	5.2971125745795905e-9	0.593181090843958	1.20459511770623e-6	TRUE	1.1809697111009678	1.1809697111009678	-0.10734781064058807	NFAT5-independent
Kbtbd8	ENSMUSG00000030031	0.142316555788506	0.309623874411159	0.318371094200042	0.0067834678851704	TRUE	0.447014689402312	0.447014689402312	0.176054538411536	Strongly NFAT5-dependent
Magohb	ENSMUSG00000030188	-0.937009389923441	1.05544482655316e-14	-1.0637665303233	2.5798728042735202e-17	TRUE	0.8808412026637698	0.8808412026637698	-0.12675714039985897	Partially dependent
Zfp954	ENSMUSG00000062116	0.739908285683969	8.23357819622973e-10	0.700581089093688	9.5388253526148e-9	TRUE	1.0561351101285892	1.0561351101285892	-0.039327196590281055	NFAT5-independent
Lancl2	ENSMUSG00000062190	-0.524216422344353	8.643474709979e-5	-0.423694344031992	0.00157033136807133	TRUE	1.237251404764494	1.237251404764494	0.10052207831236093	NFAT5-independent
Cerk	ENSMUSG00000035891	-0.465115458191732	1.3963059769257e-4	-0.483493245200365	8.81346898173293e-5	TRUE	0.9619895682285756	0.9619895682285756	-0.018377787008633018	Partially dependent
Ubxn11	ENSMUSG00000012126	-1.23238287356655	7.170217964428269e-23	-1.01261898363381	4.29410891339137e-16	TRUE	1.2170252518317517	1.2170252518317517	0.2197638899327401	NFAT5-independent
Mplkip	ENSMUSG00000012429	-0.734450163376748	1.36400424761759e-8	-0.304251790359348	0.0189114452003346	TRUE	2.4139551077392114	2.4139551077392114	0.43019837301739994	NFAT5-independent
Atraid	ENSMUSG00000013622	-0.658469451190209	7.80675432025614e-8	-0.512120115151578	3.14991421674284e-5	TRUE	1.2857715049824092	1.2857715049824092	0.1463493360386311	NFAT5-independent
Ppcs	ENSMUSG00000028636	0.629115344558169	9.3317060062982e-7	0.843506192038659	3.77285142312535e-11	TRUE	0.7458337004470216	0.7458337004470216	0.21439084748048998	Partially dependent
Dynlt1f	ENSMUSG00000095677	-0.389131252491036	0.00242214519512361	-0.304508361872716	0.0187356974527742	TRUE	1.2779000553478796	1.2779000553478796	0.08462289061831996	NFAT5-independent
Nmrk1	ENSMUSG00000037847	-0.3579737000785	0.00478126215146148	-0.487166739176651	1.2108498118989e-4	TRUE	0.734807348883265	0.734807348883265	-0.129193039098151	Partially dependent
Cfl2	ENSMUSG00000062929	0.294489856262096	0.0191197163031404	0.468193536800097	8.42959212312725e-5	TRUE	0.6289917162778634	0.6289917162778634	0.173703680538001	Strongly NFAT5-dependent
Sdc1	ENSMUSG00000020592	1.36567334207186	1.18150240779071e-24	0.538518611581719	1.2460739484326e-4	TRUE	2.5359816962697903	2.5359816962697903	-0.8271547304901411	NFAT5-independent
Bag3	ENSMUSG00000030847	0.911309255666449	2.72873843206444e-13	0.316325891011076	0.0184373676279605	TRUE	2.8809189559337716	2.8809189559337716	-0.594983364655373	NFAT5-independent
Ankrd39	ENSMUSG00000079610	-0.151931397602939	0.292584130372983	-0.262516826384639	0.0393098129858388	TRUE	0.5787491784634387	0.5787491784634387	-0.11058542878170002	Strongly NFAT5-dependent
Tmem86b	ENSMUSG00000045282	-0.401155783011892	0.00167907440239659	-0.562801380812627	1.24434802516964e-5	TRUE	0.7127839353070963	0.7127839353070963	-0.161645597800735	Partially dependent
Odf2l	ENSMUSG00000028256	-0.924886446570887	3.63887568972394e-13	-0.613289404290798	1.09921008880509e-6	TRUE	1.5080750459734695	1.5080750459734695	0.311597042280089	NFAT5-independent
Nemp2	ENSMUSG00000043015	-0.518552596009618	6.56370480828437e-5	-0.370816621460887	0.00457612329460617	TRUE	1.398407099354671	1.398407099354671	0.147735974548731	NFAT5-independent
Zfp362	ENSMUSG00000028799	-0.809311371457354	3.3080756847313302e-9	-0.79545002392183894	9.92883553379266e-9	TRUE	1.0174257930965591	1.0174257930965591	0.013861347535515045	NFAT5-independent
Stx8	ENSMUSG00000020903	-0.283708493822299	0.0414820310226529	-0.336392202676801	0.0110306687779612	TRUE	0.8433860581925573	0.8433860581925573	-0.052683708854501965	Partially dependent
Rhbdd1	ENSMUSG00000026142	-0.649335838146258	2.58189478118158e-7	-0.550942826285024	1.39502646439349e-5	TRUE	1.1785902405240347	1.1785902405240347	0.09839301186123395	NFAT5-independent
Sema4b	ENSMUSG00000030539	0.423617891921526	2.9897390921691e-4	0.451590442226073	1.116278507898e-4	TRUE	0.9380577007638627	0.9380577007638627	0.027972550304546984	Partially dependent
Endod1	ENSMUSG00000037419	-1.59766728773667	2.5343923760612996e-35	-0.899641968186891	1.09657371953758e-13	TRUE	1.7758923485490081	1.7758923485490081	0.698025319549779	NFAT5-independent
Tulp3	ENSMUSG00000001521	0.573591917648414	1.20553952988935e-6	0.486915801792875	5.23723377758612e-5	TRUE	1.178010480531518	1.178010480531518	-0.08667611585553897	NFAT5-independent
Anapc15	ENSMUSG00000030649	-0.767832134933466	2.33987418066519e-10	-0.537536672382334	8.52576947863813e-6	TRUE	1.4284274438997338	1.4284274438997338	0.23029546255113198	NFAT5-independent
Sertad1	ENSMUSG00000008384	0.635037800261507	1.01807492725442e-6	0.509957152765134	1.1139132110389e-4	TRUE	1.2452767782903915	1.2452767782903915	-0.12508064749637304	NFAT5-independent
Swap70	ENSMUSG00000031015	-0.00845212862924624	0.952622656715398	0.301074751821484	0.0125920535545998	FALSE	-0.02807318972484864	0.02807318972484864	0.30952688045073024	Strongly NFAT5-dependent
Cpt2	ENSMUSG00000028607	-0.79504815233269	2.84907240707797e-10	-0.540096031808975	1.61277229158692e-5	TRUE	1.4720496087886241	1.4720496087886241	0.25495212052371496	NFAT5-independent
Gm37494	ENSMUSG00000108621	0.433545465237904	4.5999641630332e-4	0.366865042388464	0.00345811958438566	TRUE	1.1817573634580145	1.1817573634580145	-0.06668042284943998	NFAT5-independent
Plppr3	ENSMUSG00000035835	-0.255675000098359	0.0523172507548516	-0.375230491210602	0.00310958599069854	TRUE	0.6813811939255724	0.6813811939255724	-0.119555491112243	Strongly NFAT5-dependent
Sgsh	ENSMUSG00000005043	-1.1600432623234	1.02149745782868e-19	-0.475477995943502	9.76951577507806e-5	TRUE	2.439741212464521	2.439741212464521	0.684565266379898	NFAT5-independent
Tmem192	ENSMUSG00000025521	-1.02715113176612	5.5830259504749303e-14	-0.640922561589373	1.67490730463205e-6	TRUE	1.6026134720846297	1.6026134720846297	0.38622857017674694	NFAT5-independent
Tnfrsf21	ENSMUSG00000023915	-0.838943722127808	9.402361604463779e-11	-0.651321163454729	4.79074573740144e-7	TRUE	1.2880645819612155	1.2880645819612155	0.18762255867307898	NFAT5-independent
Rgs2	ENSMUSG00000026360	1.70935831294769	4.85986886925073e-37	0.314497858334083	0.0346704978044893	TRUE	5.435198579736853	5.435198579736853	-1.394860454613607	NFAT5-independent
Mccc1	ENSMUSG00000027709	-0.331956764110421	0.0090274256148329	-0.383305054809223	0.00218584900226616	TRUE	0.8660380549263593	0.8660380549263593	-0.05134829069880198	Partially dependent
Cenpm	ENSMUSG00000068101	-1.37149047248314	1.19336051363679e-26	-1.17688338857833	3.8622266777267496e-20	TRUE	1.1653580004556734	1.1653580004556734	0.19460708390480996	NFAT5-independent
Mzt2	ENSMUSG00000022671	-0.535549350408089	7.76874710889166e-6	-0.480515563502849	7.19422711075746e-5	TRUE	1.1145307063605938	1.1145307063605938	0.05503378690524002	NFAT5-independent
Zc3hav1l	ENSMUSG00000047749	-0.634404365605399	1.36205650336916e-6	-0.547284773629809	3.36831434334321e-5	TRUE	1.1591851192895035	1.1591851192895035	0.08711959197559005	NFAT5-independent
Zc3h11a	ENSMUSG00000102976	0.0421398691175913	0.820261068805225	-0.310943516144786	0.0176703353759872	FALSE	-0.1355225850664451	0.1355225850664451	-0.3530833852623773	Strongly NFAT5-dependent
Ajuba	ENSMUSG00000022178	2.74150233875022	8.982775337278149e-94	0.452812642701661	0.00339355362982797	TRUE	6.054385589574802	6.054385589574802	-2.288689696048559	NFAT5-independent
Lrrc1	ENSMUSG00000032352	0.55755269559078	2.97269303517313e-5	0.444352213047777	0.0010534956872654	TRUE	1.2547539524256441	1.2547539524256441	-0.11320048254300302	NFAT5-independent
E130308A19Rik	ENSMUSG00000045071	1.26600016885158	5.11964768189197e-26	0.662767781021882	1.54335214248892e-7	TRUE	1.9101715640123755	1.9101715640123755	-0.603232387829698	NFAT5-independent
Pglyrp2	ENSMUSG00000079563	-1.80191072659962	2.97093404107717e-42	-0.924853221551966	2.8082834845523102e-14	TRUE	1.948320754698667	1.948320754698667	0.8770575050476539	NFAT5-independent
Hexa	ENSMUSG00000025232	-0.491066836633537	1.4902903125245e-4	-0.41758936135359	0.00131732779878459	TRUE	1.175956291227761	1.175956291227761	0.07347747527994702	NFAT5-independent
Zfp53	ENSMUSG00000057409	0.410315616746335	0.00242214519512361	0.789933036655604	1.7221194316591e-9	TRUE	0.5194308855387509	0.5194308855387509	0.379617419909269	Strongly NFAT5-dependent
Srd5a3	ENSMUSG00000029233	-0.497648714542309	1.1148347514266e-4	-0.431053160999406	8.6564199655976e-4	TRUE	1.1544949894080345	1.1544949894080345	0.06659555354290303	NFAT5-independent
Zfp141	ENSMUSG00000092416	0.152298479598083	0.298388346054861	0.325244131659518	0.00893308881641647	TRUE	0.46825896234007	0.46825896234007	0.172945652061435	Strongly NFAT5-dependent
Dpm1	ENSMUSG00000078919	0.29501112402581	0.0204296976785673	0.284618587397143	0.0223226129439049	TRUE	1.0365139069928897	1.0365139069928897	-0.01039253662866696	NFAT5-independent
Fra10ac1	ENSMUSG00000054237	-1.26168237967304	4.40687731159458e-22	-0.915282885842706	9.56978242076568e-13	TRUE	1.3784616747328364	1.3784616747328364	0.3463994938303341	NFAT5-independent
Amigo1	ENSMUSG00000050947	1.09550586698394	7.636001949325869e-20	0.877272261531799	1.17568460183342e-12	TRUE	1.2487638274018658	1.2487638274018658	-0.21823360545214088	NFAT5-independent
Enpp4	ENSMUSG00000023961	0.613026551479547	5.88681612553397e-7	0.36381653021863	0.00441815523281337	TRUE	1.6849881755267087	1.6849881755267087	-0.24921002126091701	NFAT5-independent
Tmem120b	ENSMUSG00000054434	1.01498754583346	1.422463818613e-16	0.455084100133746	4.6685155321952e-4	TRUE	2.230329614977017	2.230329614977017	-0.5599034456997141	NFAT5-independent
Rft1	ENSMUSG00000052395	-1.06663711238511	1.15836225391316e-15	-0.624247523712577	1.53000923463547e-6	TRUE	1.7086765615689057	1.7086765615689057	0.442389588672533	NFAT5-independent
Arrb1	ENSMUSG00000018909	-0.581267508456048	3.25195263984712e-5	0.327377934370954	0.015312890145758	FALSE	-1.7755243937650669	1.7755243937650669	0.9086454428270021	NFAT5-independent (Opposite direction)
Disp1	ENSMUSG00000030768	-0.358385461424027	0.00825585844098867	-0.295538401119278	0.0296331761415869	TRUE	1.2126527722513605	1.2126527722513605	0.06284706030474901	NFAT5-independent
Ipp	ENSMUSG00000028696	-0.724307570009163	3.4485021990718704e-9	-0.586485602090431	1.88282769561156e-6	TRUE	1.2349963365298116	1.2349963365298116	0.13782196791873202	NFAT5-independent
Tgds	ENSMUSG00000022130	-0.681860372502224	2.0439427401514e-8	-0.442814150616051	2.6981450345437e-4	TRUE	1.539834198057148	1.539834198057148	0.23904622188617297	NFAT5-independent
Pik3c2b	ENSMUSG00000026447	0.529003040696704	2.51679268941047e-5	0.55635935986002	1.00200756523503e-5	TRUE	0.9508297673464163	0.9508297673464163	0.027356319163316045	Partially dependent
Obsl1	ENSMUSG00000026211	-0.20329960940393	0.162294887278271	-0.798584563179497	1.39922874830025e-8	TRUE	0.2545749301670818	0.2545749301670818	-0.595284953775567	Strongly NFAT5-dependent
Egr3	ENSMUSG00000033730	-2.34926423750531	2.03898530867435e-51	-2.31599798213222	2.7354848522313498e-48	TRUE	1.01436368063778	1.01436368063778	0.033266255373090026	NFAT5-independent
Col11a2	ENSMUSG00000024330	-0.210521056288944	0.132188027525133	-0.432675760632892	8.9317681799093e-4	TRUE	0.48655615923805506	0.48655615923805506	-0.222154704343948	Strongly NFAT5-dependent
Slc2a4rg-ps	ENSMUSG00000085028	-0.160441011826628	0.275588957797696	-0.277529806989717	0.0361150964993291	TRUE	0.5781037127755169	0.5781037127755169	-0.11708879516308901	Strongly NFAT5-dependent
Zfp239	ENSMUSG00000042097	-0.863664233468634	4.8897755859865094e-11	-0.659369403404151	4.84257785815459e-7	TRUE	1.3098336516825964	1.3098336516825964	0.204294830064483	NFAT5-independent
Syne1	ENSMUSG00000096054	-1.23411327503159	4.3125935338296805e-21	-0.864158309527086	1.6075837483273e-11	TRUE	1.4281101754457042	1.4281101754457042	0.3699549655045039	NFAT5-independent
Gdf11	ENSMUSG00000025352	0.833123884508269	6.34355636609813e-12	0.692147264972609	2.41792706663659e-8	TRUE	1.203680093341464	1.203680093341464	-0.14097661953565999	NFAT5-independent
Gm9761	ENSMUSG00000034437	-0.544993864686954	4.34217797002859e-5	-0.332891069467333	0.0131840975697763	TRUE	1.6371537559088376	1.6371537559088376	0.212102795219621	NFAT5-independent
Trim14	ENSMUSG00000039853	-0.345798461848059	0.00703998014890333	-0.321390927744334	0.0123124920168004	TRUE	1.075943444561513	1.075943444561513	0.024407534103725037	NFAT5-independent
Inpp4a	ENSMUSG00000026113	0.842139916179706	5.15541462591217e-10	0.98529863756776	4.0223732889082e-13	TRUE	0.8547052478003565	0.8547052478003565	0.14315872138805408	Partially dependent
Cers4	ENSMUSG00000008206	-0.47828986553336	2.6616685049491e-4	-0.377024088615724	0.00419568923369259	TRUE	1.2685923259955136	1.2685923259955136	0.101265776917636	NFAT5-independent
Trim65	ENSMUSG00000054517	0.313415684562967	0.0167995160953913	0.602213068313241	1.21550742725033e-6	TRUE	0.5204398593355398	0.5204398593355398	0.288797383750274	Strongly NFAT5-dependent
Rnf103	ENSMUSG00000052656	0.643195718401264	1.16428066949205e-6	0.621408508961071	3.29698857978557e-6	TRUE	1.0350610091847936	1.0350610091847936	-0.021787209440192967	NFAT5-independent
Adam15	ENSMUSG00000028041	0.218287382639686	0.111947089859366	0.493756801249487	5.68349318101717e-5	TRUE	0.44209493841359576	0.44209493841359576	0.275469418609801	Strongly NFAT5-dependent
Zfp747	ENSMUSG00000054381	0.517350866465522	4.36559972546638e-5	0.266092758327822	0.0478714659766868	TRUE	1.9442500792455015	1.9442500792455015	-0.2512581081377	NFAT5-independent
Smug1	ENSMUSG00000036061	0.0456199431904957	0.813835280738247	0.421466092567009	7.5453902745302e-4	TRUE	0.10824107560501459	0.10824107560501459	0.3758461493765133	Strongly NFAT5-dependent
Dnajc19	ENSMUSG00000027679	-0.537361154324401	2.17954685385478e-5	-0.451221164134355	3.9910142420398e-4	TRUE	1.1909041442134065	1.1909041442134065	0.08613999019004603	NFAT5-independent
Pick1	ENSMUSG00000068206	-0.296237470673674	0.0221941915488672	-0.313535258668365	0.0143392192580698	TRUE	0.9448298476281184	0.9448298476281184	-0.017297787994691005	Partially dependent
Dubr	ENSMUSG00000022639	-0.496165245437751	7.19862536368765e-5	-0.423939672423491	7.6266363628702e-4	TRUE	1.1703675728232172	1.1703675728232172	0.07222557301425997	NFAT5-independent
1600020E01Rik	ENSMUSG00000097048	0.90955054339636	5.60165914800331e-14	1.0963449187691	1.09745848542127e-19	TRUE	0.8296207952671868	0.8296207952671868	0.1867943753727399	Partially dependent
Kbtbd4	ENSMUSG00000005505	0.348031731505364	0.00691603199904294	0.39396748148012	0.00183570459135603	TRUE	0.8834021787732905	0.8834021787732905	0.045935749974756024	Partially dependent
Snx10	ENSMUSG00000038301	-0.46858184276675	1.5400198501562e-4	-0.388639717847683	0.00186188779982373	TRUE	1.2056972595641864	1.2056972595641864	0.07994212491906705	NFAT5-independent
Cenps	ENSMUSG00000073705	-0.500923536964695	2.0584042532994e-4	-0.430815990929687	0.00146798287185434	TRUE	1.1627319958196498	1.1627319958196498	0.07010754603500807	NFAT5-independent
Prnp	ENSMUSG00000079037	-0.890096382366858	8.598302515287689e-13	-0.401903576196096	9.9546731012221e-4	TRUE	2.2147013241120397	2.2147013241120397	0.48819280617076194	NFAT5-independent
Aoc2	ENSMUSG00000078651	-0.398505320941165	0.00331830148834677	-0.756694225531676	6.34452692373365e-8	TRUE	0.5266398334957072	0.5266398334957072	-0.358188904590511	Strongly NFAT5-dependent
Grhpr	ENSMUSG00000035637	-1.18080917182427	7.39606035656283e-15	-0.840089573362512	2.03183979534982e-8	TRUE	1.4055753210910666	1.4055753210910666	0.3407195984617579	NFAT5-independent
Ptov1	ENSMUSG00000038502	0.920890462891022	1.22537327521943e-13	0.875339358286036	3.7125734326999595e-12	TRUE	1.0520382228604204	1.0520382228604204	-0.045551104604986015	NFAT5-independent
Slc27a1	ENSMUSG00000031808	0.37567540717897	0.00284985007074369	0.532071417432682	1.40858290659446e-5	TRUE	0.7060619963230794	0.7060619963230794	0.15639601025371203	Partially dependent
Trio	ENSMUSG00000022263	0.278173672435816	0.0368466478674118	0.268734715297646	0.0407287934297952	TRUE	1.035123698580273	1.035123698580273	-0.009438957138170001	NFAT5-independent
Socs5	ENSMUSG00000037104	0.532944781945667	3.8231228998418203e-05	0.415761526339164	0.00170754959144841	TRUE	1.281852091121363	1.281852091121363	-0.11718325560650295	NFAT5-independent
Ccng2	ENSMUSG00000029385	0.694330640524334	2.6616829618102e-8	0.830721393223176	3.1905152831827e-11	TRUE	0.8358164917727114	0.8358164917727114	0.13639075269884193	Partially dependent
Tango2	ENSMUSG00000013539	-0.772164305546722	2.1963750595488e-9	-0.533239324600719	3.28208519224405e-5	TRUE	1.4480633177699453	1.4480633177699453	0.238924980946003	NFAT5-independent
Dclre1a	ENSMUSG00000025077	-0.584737710701863	3.14619695501086e-6	-0.373465249625664	0.00308743815079828	TRUE	1.5657084863664397	1.5657084863664397	0.21127246107619896	NFAT5-independent
P2ry14	ENSMUSG00000036381	-0.735277552041471	3.35502718234078e-8	-0.293954262909483	0.027983619734805	TRUE	2.5013331828015852	2.5013331828015852	0.44132328913198804	NFAT5-independent
Srgap3	ENSMUSG00000030257	-0.422892044555869	0.0016260980564425	-0.931868240533919	4.2843050649352795e-11	TRUE	0.45381098546031645	0.45381098546031645	-0.5089761959780501	Strongly NFAT5-dependent
Ogg1	ENSMUSG00000030271	-0.479921790397373	1.7720086459424e-4	-0.300522102220888	0.0208523009343956	TRUE	1.5969600467010698	1.5969600467010698	0.179399688176485	NFAT5-independent
Arhgap27os3	ENSMUSG00000085887	-0.46559945936838	2.5890366075051e-4	-0.27660401081478	0.0334584343738559	TRUE	1.6832708173568585	1.6832708173568585	0.1889954485536	NFAT5-independent
Gldc	ENSMUSG00000024827	2.14063982325317	9.852085715093749e-54	0.59845947641237	9.92220772391482e-5	TRUE	3.576916913549142	3.576916913549142	-1.5421803468407997	NFAT5-independent
Rarg	ENSMUSG00000001288	0.40421959510636	0.00155388824281203	0.2787877538386	0.0329510564991388	TRUE	1.4499187627171635	1.4499187627171635	-0.12543184126776002	NFAT5-independent
Bbip1	ENSMUSG00000084957	-0.4754187211083	1.9151147126172e-4	-0.418212050611008	0.00111278183920081	TRUE	1.1367886707561703	1.1367886707561703	0.057206670497292	NFAT5-independent
Tbc1d7	ENSMUSG00000021368	-0.92211461689503	6.50337774875815e-12	-0.608277179637204	4.29098080906412e-6	TRUE	1.51594478268116	1.51594478268116	0.3138374372578261	NFAT5-independent
Trib3	ENSMUSG00000032715	0.955003459057799	6.18501738787117e-12	0.615225716289817	1.57649128620657e-5	TRUE	1.5522814371561826	1.5522814371561826	-0.339777742767982	NFAT5-independent
Rhbdd3	ENSMUSG00000034175	-0.590534208611716	1.66268803401178e-6	-0.306006996537494	0.0142790721426549	TRUE	1.9298062308825668	1.9298062308825668	0.284527212074222	NFAT5-independent
Fars2	ENSMUSG00000021420	-0.222394843595374	0.12029480173667	-0.306826069022913	0.0232998676160189	TRUE	0.7248238205560237	0.7248238205560237	-0.08443122542753898	Strongly NFAT5-dependent
Castor2	ENSMUSG00000015944	-0.0785883686163467	0.637465848035252	0.281211101955206	0.0257494218067157	FALSE	-0.27946396166416293	0.27946396166416293	0.3597994705715527	Strongly NFAT5-dependent
Smyd4	ENSMUSG00000018809	-0.269522723095058	0.0514982789311605	-0.312869577791993	0.020155240064895	TRUE	0.8614539163480012	0.8614539163480012	-0.043346854696935	Strongly NFAT5-dependent
Gtpbp10	ENSMUSG00000040464	-0.635644493670536	1.96908662813267e-5	-0.751389973653882	7.69775054230781e-7	TRUE	0.845958178786316	0.845958178786316	-0.11574547998334606	Partially dependent
Hbegf	ENSMUSG00000024486	0.61398478634026	1.32337120865906e-6	0.387744160010426	0.00318439048152721	TRUE	1.5834791330545137	1.5834791330545137	-0.226240626329834	NFAT5-independent
Oraov1	ENSMUSG00000031072	0.580874658600683	1.79575767659798e-6	0.416570168458229	8.2779841186046e-4	TRUE	1.394422122809616	1.394422122809616	-0.16430449014245402	NFAT5-independent
Abca1	ENSMUSG00000015243	0.467848036309635	2.7049972270457e-4	0.444825221734675	5.766158846414e-4	TRUE	1.0517569900492119	1.0517569900492119	-0.023022814574960027	NFAT5-independent
Tmem230	ENSMUSG00000027341	-1.37640167915467	6.71830739246942e-23	-1.18646110730124	1.9744352333324202e-17	TRUE	1.1600900111133643	1.1600900111133643	0.18994057185342994	NFAT5-independent
Rbm43	ENSMUSG00000036249	-0.844244329731219	2.34396027965034e-10	-0.405726876261364	0.00195503706793946	TRUE	2.0808193371625885	2.0808193371625885	0.438517453469855	NFAT5-independent
Cdk10	ENSMUSG00000033862	-0.815008267771817	6.27190636382279e-10	-0.570193469636891	1.33812068976087e-5	TRUE	1.4293539143666942	1.4293539143666942	0.24481479813492601	NFAT5-independent
Ldlr	ENSMUSG00000032193	-0.331461956031117	0.0155148776454452	-0.527004946590305	1.0548187821958e-4	TRUE	0.6289541648055846	0.6289541648055846	-0.19554299055918795	Strongly NFAT5-dependent
Arhgap5	ENSMUSG00000035133	1.69995588367992	6.20861735893259e-34	0.789116163531362	9.43071251156714e-8	TRUE	2.154253026667801	2.154253026667801	-0.910839720148558	NFAT5-independent
Cd9	ENSMUSG00000030342	0.934815508800358	6.79001986635199e-14	0.447005417666498	6.8368747427431e-4	TRUE	2.0912845165957377	2.0912845165957377	-0.48781009113386004	NFAT5-independent
Trbj1-3	ENSMUSG00000076485	0.138071409531735	0.35190440598965	0.313936342664286	0.0114877859914666	TRUE	0.4398070269914063	0.4398070269914063	0.175864933132551	Strongly NFAT5-dependent
Slc1a4	ENSMUSG00000020142	0.131808020486824	0.3999716636653	-0.390495989303668	0.00425975923565618	FALSE	-0.3375400109021962	0.3375400109021962	-0.5223040097904921	Strongly NFAT5-dependent
Dhrs7	ENSMUSG00000021094	-0.476872709926873	2.3181475362215e-4	-0.482897750699547	2.1828721014182e-4	TRUE	0.9875231541999401	0.9875231541999401	-0.006025040772674017	Partially dependent
Fam84b	ENSMUSG00000072568	1.09742168213987	2.6902507843169696e-19	0.383693063607818	0.00352037079369156	TRUE	2.8601551245700163	2.8601551245700163	-0.7137286185320519	NFAT5-independent
Fgd2	ENSMUSG00000024013	-0.563437922645736	4.79046522203699e-5	-0.426460012732926	0.00209279303614126	TRUE	1.3211975468344637	1.3211975468344637	0.13697790991281	NFAT5-independent
Fbxw4	ENSMUSG00000040913	-0.902421002582626	1.5610252503761e-12	-0.778533336503719	1.5253852143696602e-9	TRUE	1.159129558453166	1.159129558453166	0.123887666078907	NFAT5-independent
Gatb	ENSMUSG00000028085	-0.770777044138816	7.777401669649421e-10	-0.785243722985201	1.2167248364480302e-9	TRUE	0.9815768296862175	0.9815768296862175	-0.014466678846384973	Partially dependent
Trove2	ENSMUSG00000018199	0.863786063231133	2.60893628223265e-12	0.729399056131274	7.03090387974651e-9	TRUE	1.1842434617514404	1.1842434617514404	-0.13438700709985907	NFAT5-independent
Mvb12b	ENSMUSG00000038740	-1.18122072653983	5.8897656263445e-21	-1.40514249550449	3.88768875246561e-26	TRUE	0.8406412376815455	0.8406412376815455	-0.22392176896465998	Partially dependent
Srp54c	ENSMUSG00000079108	-0.748439166575899	4.74826092626766e-8	-0.334614273656371	0.0135376684557213	TRUE	2.2367221768444394	2.2367221768444394	0.41382489291952806	NFAT5-independent
Zfp385a	ENSMUSG00000000552	0.551581970041093	6.47626747166672e-6	0.513946479154465	3.0470338502194e-5	TRUE	1.0732284243848604	1.0732284243848604	-0.03763549088662799	NFAT5-independent
Unc93b1	ENSMUSG00000036908	-0.766894348469202	3.4552489318329e-9	-0.561288353718714	1.4501970013777e-5	TRUE	1.3663108158013308	1.3663108158013308	0.20560599475048802	NFAT5-independent
Stxbp3	ENSMUSG00000027882	-0.156977809724515	0.270778329140773	0.273827639751978	0.0264423101111838	FALSE	-0.5732723324303535	0.5732723324303535	0.430805449476493	Strongly NFAT5-dependent
Adnp	ENSMUSG00000051149	0.862247940526821	7.37827203715712e-8	0.80836159550687	5.74305424663568e-7	TRUE	1.066661188902922	1.066661188902922	-0.05388634501995093	NFAT5-independent
Ipcef1	ENSMUSG00000064065	-0.508022381786915	3.7815331584184e-4	-0.298353216381268	0.0383927886735048	TRUE	1.7027548351873942	1.7027548351873942	0.20966916540564695	NFAT5-independent
Cep57l1	ENSMUSG00000019813	-1.33536701780754	4.83814055113283e-22	-1.25870423743319	2.5937659646608296e-19	TRUE	1.0609061112963951	1.0609061112963951	0.07666278037435004	NFAT5-independent
Cercam	ENSMUSG00000039787	-0.638587596787994	9.99173466060135e-7	-0.833992624161882	7.653387984027181e-10	TRUE	0.7656993338876833	0.7656993338876833	-0.19540502737388799	Partially dependent
Arid5b	ENSMUSG00000019947	0.700831132990324	3.98944101766491e-8	0.864226014514104	1.3168112194749399e-11	TRUE	0.8109350114672885	0.8109350114672885	0.16339488152378	Partially dependent
Fam204a	ENSMUSG00000057858	-0.455537743002002	3.0230774202806e-4	-0.420695116307941	9.1146588445561e-4	TRUE	1.0828215620847779	1.0828215620847779	0.03484262669406102	NFAT5-independent
Rdh10	ENSMUSG00000025921	0.266666529063927	0.0424117397945584	0.401043134719022	0.00112756943721688	TRUE	0.6649322877718836	0.6649322877718836	0.13437660565509496	Strongly NFAT5-dependent
Akr1e1	ENSMUSG00000045410	-0.942122316237774	2.63741402369467e-13	-0.741291925294842	9.89987009826804e-9	TRUE	1.270919436850811	1.270919436850811	0.20083039094293198	NFAT5-independent
Rps10	ENSMUSG00000052146	-0.347089702170448	0.0114029838842563	-0.412789180561421	0.00245550303698176	TRUE	0.8408401152820495	0.8408401152820495	-0.06569947839097301	Partially dependent
Dusp14	ENSMUSG00000018648	0.717789464856092	4.53988025164401e-8	0.357543891481237	0.00935912939391334	TRUE	2.0075562244468097	2.0075562244468097	-0.36024557337485497	NFAT5-independent
Bcs1l	ENSMUSG00000026172	-0.951416905205604	1.41719769630307e-13	-0.681706740600551	1.15340746558885e-7	TRUE	1.3956395742360581	1.3956395742360581	0.2697101646050529	NFAT5-independent
Trbj1-5	ENSMUSG00000076487	0.17051162409288	0.274899397509686	0.329782060514196	0.0143702320484563	TRUE	0.5170433583531451	0.5170433583531451	0.159270436421316	Strongly NFAT5-dependent
Mutyh	ENSMUSG00000028687	-0.763757960172777	1.16183446599067e-8	-0.750495378937418	3.44075684848828e-8	TRUE	1.0176717693507142	1.0176717693507142	0.01326258123535895	NFAT5-independent
Svbp	ENSMUSG00000028643	-0.275798802946945	0.0450256457870835	-0.268483867962096	0.0481469766690882	TRUE	1.0272453426731831	1.0272453426731831	0.007314934984848975	NFAT5-independent
Lyrm9	ENSMUSG00000072640	-1.20090896784859	1.0310428371173701e-17	-0.840277619516807	1.01265034583061e-9	TRUE	1.4291811895920308	1.4291811895920308	0.360631348331783	NFAT5-independent
Rrm2b	ENSMUSG00000022292	-1.05830867700688	1.86128479474156e-15	-0.93126928021951	4.08943346628511e-12	TRUE	1.1364153199141556	1.1364153199141556	0.12703939678736986	NFAT5-independent
Dancr	ENSMUSG00000106943	-0.199613879332728	0.165273953960166	-0.287715141795813	0.0322333214761911	TRUE	0.6937899690882133	0.6937899690882133	-0.08810126246308497	Strongly NFAT5-dependent
Zfat	ENSMUSG00000022335	1.10592387295342	1.29200156030811e-17	0.845416624642822	2.1121417805872701e-10	TRUE	1.3081406737425576	1.3081406737425576	-0.260507248310598	NFAT5-independent
Etfb	ENSMUSG00000004610	-0.442175834154201	6.4857112677219e-4	-0.554029204332497	2.42290332949344e-5	TRUE	0.7981092525383049	0.7981092525383049	-0.11185337017829605	Partially dependent
Endov	ENSMUSG00000039850	-0.670149639387934	1.04321085891769e-6	-0.931899122518735	9.207114061736709e-11	TRUE	0.7191225135792112	0.7191225135792112	-0.26174948313080093	Partially dependent
Alkbh6	ENSMUSG00000042831	-0.0925374055232099	0.586035054010509	-0.291706708675844	0.0337600957640948	TRUE	0.31722755346720916	0.31722755346720916	-0.1991693031526341	Strongly NFAT5-dependent
Tmem159	ENSMUSG00000030917	0.467238558604623	2.8931542211918e-4	0.540222669660411	2.25220211421671e-5	TRUE	0.8648999474574688	0.8648999474574688	0.072984111055788	Partially dependent
B3glct	ENSMUSG00000051950	-0.0777968640884171	0.675598120171025	0.313725946635316	0.0242563944624574	FALSE	-0.24797714349986613	0.24797714349986613	0.3915228107237331	Strongly NFAT5-dependent
Rab9	ENSMUSG00000079316	0.69062938407893	4.53056414984241e-8	0.685059001769682	8.38306333082458e-8	TRUE	1.0081312446006232	1.0081312446006232	-0.005570382309248001	NFAT5-independent
Tasp1	ENSMUSG00000039033	-0.690058584838527	2.77787169994555e-7	-0.455079225971309	6.7350342834498e-4	TRUE	1.516348243244205	1.516348243244205	0.234979358867218	NFAT5-independent
Haus7	ENSMUSG00000031371	-0.304140633717008	0.0256955753832868	-0.385509155683507	0.00398587487463817	TRUE	0.7889323229632957	0.7889323229632957	-0.08136852196649902	Partially dependent
March9	ENSMUSG00000040502	1.11425543367566	7.645956748571969e-19	1.05259546150178	1.70010900712287e-16	TRUE	1.0585789835022728	1.0585789835022728	-0.06165997217387997	NFAT5-independent
Kptn	ENSMUSG00000006021	-0.631475773905992	1.36205650336916e-6	-0.768888160534727	1.17925442617328e-8	TRUE	0.8212842989633617	0.8212842989633617	-0.137412386628735	Partially dependent
Nsmce1	ENSMUSG00000030750	-0.970974424794078	5.94856866522186e-13	-0.746485523673306	3.11485401700502e-8	TRUE	1.3007277355039748	1.3007277355039748	0.22448890112077202	NFAT5-independent
Elp4	ENSMUSG00000027167	-1.28670609998376	2.04734430418457e-17	-0.989001946816893	4.0796084332793196e-11	TRUE	1.3010147291671459	1.3010147291671459	0.29770415316686705	NFAT5-independent
Brms1l	ENSMUSG00000012076	0.264422340116832	0.061456700230834	0.475063101263328	3.0109458425956e-4	TRUE	0.5566046687559142	0.5566046687559142	0.210640761146496	Strongly NFAT5-dependent
Nmi	ENSMUSG00000026946	-0.497510714261519	6.38432381065611e-5	-0.366247231308872	0.00365197831210202	TRUE	1.3584012976249555	1.3584012976249555	0.131263482952647	NFAT5-independent
Pigv	ENSMUSG00000043257	-0.433940220891158	8.7372069557755e-4	-0.523778264909874	6.64640233808365e-5	TRUE	0.8284807712779485	0.8284807712779485	-0.08983804401871598	Partially dependent
9130401M01Rik	ENSMUSG00000101892	-0.509794013021667	6.82610468014966e-5	-0.616697726347627	2.45697651522024e-6	TRUE	0.8266513580987337	0.8266513580987337	-0.10690371332595994	Partially dependent
5430416N02Rik	ENSMUSG00000097772	-0.416494606742489	0.00193588070335717	-0.330004790367215	0.0146547591802549	TRUE	1.2620865481347465	1.2620865481347465	0.08648981637527403	NFAT5-independent
Hscb	ENSMUSG00000043510	-1.11203587243135	5.6627703969402e-16	-1.02280434121883	1.63131268985087e-13	TRUE	1.0872420340983173	1.0872420340983173	0.08923153121252003	NFAT5-independent
Tspan5	ENSMUSG00000028152	-0.658389933464887	1.98965614875976e-7	-0.722253266903306	3.26053825631264e-8	TRUE	0.9115776468381568	0.9115776468381568	-0.0638633334384191	Partially dependent
Gm7367	ENSMUSG00000047370	1.25211910903231	2.9715441830298398e-18	0.775468253446067	1.72941725461903e-7	TRUE	1.6146619845081687	1.6146619845081687	-0.4766508555862431	NFAT5-independent
Sfxn3	ENSMUSG00000025212	0.115931762805932	0.481901885869478	0.339169412094769	0.00996902631102693	TRUE	0.3418107844393083	0.3418107844393083	0.223237649288837	Strongly NFAT5-dependent
D17H6S53E	ENSMUSG00000043311	0.515039984394846	3.56054806065158e-5	0.340741305681799	0.00838429798381086	TRUE	1.5115278829030951	1.5115278829030951	-0.174298678713047	NFAT5-independent
Abcd4	ENSMUSG00000021240	-0.253866578748558	0.0844118166139786	-0.351497770190737	0.012683588861326	TRUE	0.7222423590647521	0.7222423590647521	-0.09763119144217902	Strongly NFAT5-dependent
Gm28875	ENSMUSG00000100975	-0.540906059504995	1.50076948090101e-5	-0.60763245949787	1.71613615649222e-6	TRUE	0.8901862483646515	0.8901862483646515	-0.066726399992875	Partially dependent
Ccdc107	ENSMUSG00000028461	-0.187588592533627	0.219526621901228	-0.413181830938141	0.00303429769788901	TRUE	0.4540097808940481	0.4540097808940481	-0.22559323840451398	Strongly NFAT5-dependent
Zfp414	ENSMUSG00000073423	-0.310375426814784	0.0309056723203525	-0.339387009765362	0.0164881337531851	TRUE	0.914517697743837	0.914517697743837	-0.02901158295057804	Partially dependent
Dscc1	ENSMUSG00000022422	-1.20339975179874	9.75694499226701e-19	-0.915978974831827	1.08947541701883e-11	TRUE	1.3137853431839779	1.3137853431839779	0.28742077696691304	NFAT5-independent
Sgsm2	ENSMUSG00000038351	0.565442912849533	9.03396972297005e-6	0.622484399758786	1.10291941045829e-6	TRUE	0.9083647928665253	0.9083647928665253	0.057041486909253036	Partially dependent
Phka2	ENSMUSG00000031295	-0.922787222044903	5.42111728015135e-12	-0.469134176876325	3.494144522018e-4	TRUE	1.9670006312248953	1.9670006312248953	0.453653045168578	NFAT5-independent
Mrps18c	ENSMUSG00000016833	-0.581957328838582	2.18391896709522e-5	-0.31739965333231	0.021195267793455	TRUE	1.8335159560785224	1.8335159560785224	0.26455767550627196	NFAT5-independent
Itgb3	ENSMUSG00000020689	1.108375304605	8.66847308072407e-16	0.883943108342014	3.38083005903156e-10	TRUE	1.2538989151507125	1.2538989151507125	-0.22443219626298605	NFAT5-independent
Zranb3	ENSMUSG00000036086	-1.3112481222058	1.6828888421311798e-23	-0.969454089959443	4.6441094685785305e-14	TRUE	1.3525634022139776	1.3525634022139776	0.34179403224635685	NFAT5-independent
Asap1	ENSMUSG00000022377	0.0484297094911271	0.793099301444335	0.298702997134566	0.019996283802965	TRUE	0.16213332291844887	0.16213332291844887	0.2502732876434389	Strongly NFAT5-dependent
Nsun3	ENSMUSG00000050312	-0.772769055695227	1.18833296347195e-8	-0.637362524605237	2.79512430557423e-6	TRUE	1.2124482156742062	1.2124482156742062	0.13540653108999	NFAT5-independent
Mrpl14	ENSMUSG00000023939	-0.788639510096493	6.924018404566051e-9	-0.312477650386112	0.020720629901541	TRUE	2.523826933292711	2.523826933292711	0.476161859710381	NFAT5-independent
Hbp1	ENSMUSG00000002996	0.341690021950624	0.00933760714092741	0.38111369389435	0.00317625780968417	TRUE	0.8965566638635273	0.8965566638635273	0.039423671943726035	Partially dependent
4632415L05Rik	ENSMUSG00000048106	0.113497978794236	0.498401141096226	0.315285409343618	0.0189793304642937	TRUE	0.3599848753880606	0.3599848753880606	0.20178743054938197	Strongly NFAT5-dependent
Lgalsl	ENSMUSG00000042363	-0.323144836842956	0.0287206729454384	-0.319552436160903	0.0282456144598075	TRUE	1.0112419755743751	1.0112419755743751	0.0035924006820529653	NFAT5-independent
Mks1	ENSMUSG00000034121	-1.00885664342238	1.49542046562534e-13	-0.884740561389571	1.27080031515968e-10	TRUE	1.1402852852568133	1.1402852852568133	0.124116082032809	NFAT5-independent
Rcbtb2	ENSMUSG00000022106	-0.767787896491501	2.71881439616457e-9	-0.457371862994127	3.4778552029757e-4	TRUE	1.6786950807714203	1.6786950807714203	0.310416033497374	NFAT5-independent
Gpt2	ENSMUSG00000031700	0.401540279276227	0.00257274987513843	0.688285705370595	1.11939029057341e-7	TRUE	0.5833918620466263	0.5833918620466263	0.286745426094368	Strongly NFAT5-dependent
Apip	ENSMUSG00000010911	-0.454084950082955	6.0277661180369e-4	-0.490012458137572	2.4702852694871e-4	TRUE	0.9266804191240986	0.9266804191240986	-0.035927508054616974	Partially dependent
Mcrip2	ENSMUSG00000025732	-0.457861815154612	0.00159244996030813	-0.339529906402579	0.0193471506938103	TRUE	1.3485168950381867	1.3485168950381867	0.11833190875203298	NFAT5-independent
Tmem8	ENSMUSG00000024180	-1.06257198715839	1.37416948159485e-15	-0.722222531708359	3.34659330458242e-8	TRUE	1.4712528902206385	1.4712528902206385	0.34034945545003104	NFAT5-independent
Tob1	ENSMUSG00000037573	0.646063690354654	4.93276847094235e-6	0.596512304119937	2.86619068072643e-5	TRUE	1.0830685065378869	1.0830685065378869	-0.049551386234717	NFAT5-independent
Rabl3	ENSMUSG00000022827	-0.582922627311491	6.01739927601397e-6	-0.64396978185538	9.09023509195314e-7	TRUE	0.905201833589144	0.905201833589144	-0.06104715454388898	Partially dependent
Crebrf	ENSMUSG00000048249	1.0753716460326	5.6829413149294906e-15	1.20393618352671	2.9470739941119e-18	TRUE	0.8932131625801761	0.8932131625801761	0.12856453749411	Partially dependent
Acad11	ENSMUSG00000090150	-0.638324640169776	9.41387275481191e-7	-0.337433704093675	0.00971173996678043	TRUE	1.8917038589380821	1.8917038589380821	0.30089093607610096	NFAT5-independent
Eef1akmt2	ENSMUSG00000030960	-0.278604079336901	0.0618338350288274	-0.303474707599466	0.0364743492081412	TRUE	0.9180471135163267	0.9180471135163267	-0.024870628262564975	Strongly NFAT5-dependent
Dusp10	ENSMUSG00000039384	0.918705879351508	3.3949053873656497e-12	0.585069908026212	1.79949290546973e-5	TRUE	1.570249754342773	1.570249754342773	-0.3336359713252961	NFAT5-independent
A430093F15Rik	ENSMUSG00000067577	-0.320928066341543	0.0155680039172606	-0.765091785425718	1.92503073720981e-8	TRUE	0.4194634845843624	0.4194634845843624	-0.444163719084175	Strongly NFAT5-dependent
Kdm7a	ENSMUSG00000042599	0.324316488525301	0.0279326276112322	0.395814883235847	0.00530249615409333	TRUE	0.819364056939861	0.819364056939861	0.07149839471054603	Partially dependent
Ankra2	ENSMUSG00000021661	-0.400296708907659	0.00313038870752286	-0.282349585165967	0.0344765216705762	TRUE	1.4177343617217002	1.4177343617217002	0.11794712374169203	NFAT5-independent
Cfap298	ENSMUSG00000022972	-0.300880230174632	0.036780070057813	-0.391066075830164	0.00552431161817361	TRUE	0.7693846354121016	0.7693846354121016	-0.090185845655532	Partially dependent
Gorasp1	ENSMUSG00000032513	-1.01251611238957	2.9527392659729503e-14	-0.885524650934058	4.0428221241657194e-11	TRUE	1.143408160711913	1.143408160711913	0.1269914614555121	NFAT5-independent
Borcs5	ENSMUSG00000042992	-0.771635295049533	9.280071508762e-9	-0.687928859780854	3.62546064968542e-7	TRUE	1.1216789121121395	1.1216789121121395	0.08370643526867894	NFAT5-independent
B230354K17Rik	ENSMUSG00000097119	0.23894490063556	0.132653777227641	0.566225192916662	7.44032570901255e-5	TRUE	0.42199623687660315	0.42199623687660315	0.32728029228110195	Strongly NFAT5-dependent
Wdr78	ENSMUSG00000035126	-1.30883045213401	6.37395594263041e-21	-0.921088609018003	1.6993840122936097e-11	TRUE	1.420960415013045	1.420960415013045	0.3877418431160069	NFAT5-independent
Zfp707	ENSMUSG00000034429	0.544301255446802	2.46993482545228e-5	0.6435312331466	5.8629867619582e-7	TRUE	0.8458039445659774	0.8458039445659774	0.09922997769979802	Partially dependent
Eid2	ENSMUSG00000046058	1.24373154843805	2.99927404116205e-14	0.99426519333502	2.53829592091388e-9	TRUE	1.2509052481926437	1.2509052481926437	-0.24946635510303006	NFAT5-independent
St7	ENSMUSG00000029534	-0.438582462251881	8.636061321084e-4	-0.491407828362585	2.0592659498315e-4	TRUE	0.8925019849872501	0.8925019849872501	-0.052825366110703986	Partially dependent
Dnah8	ENSMUSG00000033826	-2.65497317372007	5.46070421609004e-63	-1.24992141849414	2.36242719051954e-20	TRUE	2.1241120717162243	2.1241120717162243	1.4050517552259298	NFAT5-independent
Phlda1	ENSMUSG00000020205	1.45643504874042	1.8208921618435298e-27	0.493993987247542	5.9721081425251e-4	TRUE	2.94828497175735	2.94828497175735	-0.962441061492878	NFAT5-independent
Gm37033	ENSMUSG00000104388	0.160696915869926	0.367714293285216	0.372627637021519	0.0134012801120837	TRUE	0.43125334758958267	0.43125334758958267	0.21193072115159303	Strongly NFAT5-dependent
Xylt1	ENSMUSG00000030657	-1.3856253640857	4.533237097648379e-25	-0.779422967690461	1.03980764842274e-9	TRUE	1.7777579331431572	1.7777579331431572	0.6062023963952389	NFAT5-independent
Lrp12	ENSMUSG00000022305	-1.45931031398145	1.71594103746825e-24	-0.385295468644139	0.00350429507138057	TRUE	3.787509671776797	3.787509671776797	1.074014845337311	NFAT5-independent
Smco4	ENSMUSG00000058173	-0.714367858720609	1.00383806286638e-7	-1.04049236755798	2.3354907723624e-13	TRUE	0.6865671301339957	0.6865671301339957	-0.326124508837371	Partially dependent
Crat	ENSMUSG00000026853	0.444525013505154	0.00138093194194995	0.366367961755255	0.00921258591054977	TRUE	1.2133293844130135	1.2133293844130135	-0.07815705174989901	NFAT5-independent
Nipsnap2	ENSMUSG00000029432	-0.949435733233978	8.29248025293766e-12	-1.38933404201431	1.61845987173744e-20	TRUE	0.6833746993325301	0.6833746993325301	-0.4398983087803321	Partially dependent
Ntpcr	ENSMUSG00000031851	-0.854231935143791	8.51941482902835e-11	-0.731346634715355	3.28447528726902e-8	TRUE	1.1680260694386921	1.1680260694386921	0.12288530042843604	NFAT5-independent
Taf9b	ENSMUSG00000047242	-1.11367335770277	1.49010399208699e-13	-1.15323946903343	8.01840393997806e-14	TRUE	0.9656913309047411	0.9656913309047411	-0.039566111330660014	Partially dependent
Pcca	ENSMUSG00000041650	-0.646630075783064	1.14694022610834e-6	-0.523439231781757	8.79326166954042e-5	TRUE	1.2353488934751269	1.2353488934751269	0.12319084400130698	NFAT5-independent
2510002D24Rik	ENSMUSG00000071632	-0.439517796739732	0.00260000177501466	-0.709400465596216	2.03570912498059e-6	TRUE	0.6195623178374137	0.6195623178374137	-0.26988266885648393	Strongly NFAT5-dependent
Aptx	ENSMUSG00000028411	-0.80043737353341	9.1707423875648e-10	-0.566372557540283	1.27949630782879e-5	TRUE	1.4132700514475036	1.4132700514475036	0.234064815993127	NFAT5-independent
BC029722	ENSMUSG00000074649	-0.625873230804532	2.38653924955301e-6	-0.558671650747187	2.98815405281524e-5	TRUE	1.1202881513093912	1.1202881513093912	0.067201580057345	NFAT5-independent
Slc16a13	ENSMUSG00000044367	-0.136631061031421	0.406481507790019	-0.311699106135812	0.0293676299022093	TRUE	0.43834280670631376	0.43834280670631376	-0.17506804510439097	Strongly NFAT5-dependent
Akr1b10	ENSMUSG00000061758	-0.643719393143232	9.86242797486611e-7	-0.266755101087353	0.0459043010570133	TRUE	2.4131474544227602	2.4131474544227602	0.376964292055879	NFAT5-independent
Abcc10	ENSMUSG00000032842	-1.07879576483226	2.09154857684772e-14	-1.20646503927691	1.81559611158277e-16	TRUE	0.8941790517849003	0.8941790517849003	-0.12766927444465015	Partially dependent
Scmh1	ENSMUSG00000000085	-0.604548971145817	2.52955420576067e-6	-0.900016370337018	2.6128678254245297e-11	TRUE	0.6717088611615353	0.6717088611615353	-0.295467399191201	Strongly NFAT5-dependent
Rpain	ENSMUSG00000018449	0.267145609096958	0.0651379087200833	0.38548547280645	0.00465045791058083	TRUE	0.6930108342398943	0.6930108342398943	0.11833986370949201	Strongly NFAT5-dependent
Mettl8	ENSMUSG00000041975	-0.303454629823572	0.0488389000838034	-0.300106831641269	0.0465601321088783	TRUE	1.0111553547914724	1.0111553547914724	0.003347798182303019	NFAT5-independent
Nt5m	ENSMUSG00000032615	-0.484542763156996	1.8351648273882e-4	-0.580827507042552	1.06390838824062e-5	TRUE	0.8342283333380385	0.8342283333380385	-0.09628474388555602	Partially dependent
Hibch	ENSMUSG00000041426	-0.88483044575037	4.96995446049463e-11	-0.978127821141104	1.8403969023312898e-12	TRUE	0.9046163769456108	0.9046163769456108	-0.09329737539073402	Partially dependent
Kif3a	ENSMUSG00000018395	0.671690480948272	2.73723577601262e-7	0.627154046020675	2.09488326666978e-6	TRUE	1.071013549558012	1.071013549558012	-0.04453643492759696	NFAT5-independent
Meis3	ENSMUSG00000041420	-0.129876541981508	0.448400823817535	-0.585337708623045	8.53829245507859e-5	TRUE	0.22188309426882993	0.22188309426882993	-0.455461166641537	Strongly NFAT5-dependent
Aga	ENSMUSG00000031521	-0.443339100654127	7.1097643091077e-4	-0.439682044905661	8.4649927847085e-4	TRUE	1.0083175007732024	1.0083175007732024	0.0036570557484660315	NFAT5-independent
Cdpf1	ENSMUSG00000064284	-0.931558409324431	1.00637950451289e-10	-0.696677126460354	1.12249250437853e-6	TRUE	1.3371451048744076	1.3371451048744076	0.23488128286407706	NFAT5-independent
Zfp523	ENSMUSG00000024220	-1.12293853732585	3.84721294540966e-16	-0.663676582750808	6.71170601861707e-7	TRUE	1.6919966238246529	1.6919966238246529	0.45926195457504204	NFAT5-independent
Aldh4a1	ENSMUSG00000028737	-0.128386017562951	0.433644628778905	-0.29715287098386	0.0327539548133983	TRUE	0.4320537679406246	0.4320537679406246	-0.168766853420909	Strongly NFAT5-dependent
Tspyl2	ENSMUSG00000041096	0.166255919890408	0.280181272724671	0.276392759054443	0.0432024658496329	TRUE	0.6015205335305452	0.6015205335305452	0.110136839164035	Strongly NFAT5-dependent
N6amt1	ENSMUSG00000044442	-0.643558775116792	2.40598575307918e-6	-0.492054157836147	3.0219807494359e-4	TRUE	1.307902321051204	1.307902321051204	0.15150461728064507	NFAT5-independent
Cdk5rap1	ENSMUSG00000027487	-1.30332915901031	8.32320696583606e-18	-0.936775643686275	2.90282009444501e-10	TRUE	1.3912927474092114	1.3912927474092114	0.366553515324035	NFAT5-independent
Kdelc2	ENSMUSG00000034487	-0.185775794340746	0.231657121276758	-0.744064058922523	3.60652975459294e-7	TRUE	0.24967715092940707	0.24967715092940707	-0.558288264581777	Strongly NFAT5-dependent
Gfod2	ENSMUSG00000013150	1.02583014899204	4.28960492959019e-14	0.487790302945607	6.2993148585066e-4	TRUE	2.103014641327196	2.103014641327196	-0.5380398460464331	NFAT5-independent
Eri2	ENSMUSG00000030929	-0.890360985115201	4.56576098349012e-10	-0.563099180586608	6.2428838997273e-5	TRUE	1.581179685233547	1.581179685233547	0.327261804528593	NFAT5-independent
Ndrg2	ENSMUSG00000004558	-0.272095480420385	0.0715188697069966	0.642549066461168	1.27121844164583e-6	FALSE	-0.4234625721564703	0.4234625721564703	0.91464454688155306	Strongly NFAT5-dependent
Pcmtd1	ENSMUSG00000051285	-0.425967469075461	0.00127742118657461	-0.304848979778461	0.0225957422832989	TRUE	1.397306526612026	1.397306526612026	0.12111848929700003	NFAT5-independent
Slc30a1	ENSMUSG00000037434	-0.328126711182407	0.0210797989648074	-0.326927606335739	0.020149032133387	TRUE	1.003667799303056	1.003667799303056	0.0011991048466680199	NFAT5-independent
Gm8116	ENSMUSG00000059422	0.143231430768993	0.478789676993364	0.509273695873638	0.00226819389272508	TRUE	0.281246473025247	0.281246473025247	0.366042265104645	Strongly NFAT5-dependent
Tceal9	ENSMUSG00000042712	-0.648007288163461	4.44495904524382e-6	-0.3653618232192	0.00949550075692119	TRUE	1.7736042656396722	1.7736042656396722	0.28264546494426096	NFAT5-independent
Tmed1	ENSMUSG00000032180	0.175232395802522	0.267957960513548	0.311342068774908	0.0247676563064217	TRUE	0.5628291624451508	0.5628291624451508	0.136109672972386	Strongly NFAT5-dependent
Pisd-ps1	ENSMUSG00000082286	0.216332143849521	0.162294887278271	0.37205657721741	0.00762886885406979	TRUE	0.5814495888433335	0.5814495888433335	0.15572443336788896	Strongly NFAT5-dependent
Mboat1	ENSMUSG00000038732	-0.880170848358947	1.7780016564825e-10	-1.13155546508565	6.686964400520131e-15	TRUE	0.7778415424756265	0.7778415424756265	-0.2513846167267031	Partially dependent
Cep41	ENSMUSG00000029790	-1.22218094371693	1.69193134762728e-18	-1.12924969647879	1.06564081151477e-15	TRUE	1.0822946842739183	1.0822946842739183	0.09293124723814006	NFAT5-independent
Sdr39u1	ENSMUSG00000022223	-0.903988106270294	1.1154157736656702e-9	-0.773113937233149	2.10714410298588e-7	TRUE	1.169281864851024	1.169281864851024	0.130874169037145	NFAT5-independent
Tmtc3	ENSMUSG00000036676	0.883292161789437	1.1388113614248001e-10	0.524145827188172	2.1517561655367e-4	TRUE	1.6852030789369024	1.6852030789369024	-0.359146334601265	NFAT5-independent
Tspoap1	ENSMUSG00000034156	-0.366508594663316	0.0103065932278089	-0.285626994705581	0.0455591622059753	TRUE	1.2831721141802659	1.2831721141802659	0.08088159995773497	NFAT5-independent
Cdc42bpb	ENSMUSG00000021279	0.837887735693821	3.26750374920917e-10	0.784630705469542	6.637681394413261e-9	TRUE	1.0678752817765509	1.0678752817765509	-0.05325703022427908	NFAT5-independent
Rom1	ENSMUSG00000071648	0.985185121757186	3.83900857504363e-13	0.579327311010577	3.88533990071251e-5	TRUE	1.700567370177373	1.700567370177373	-0.405857810746609	NFAT5-independent
Arl2	ENSMUSG00000024944	-0.586409843660117	1.16618257256929e-5	-0.430217899668609	0.0013233176257491	TRUE	1.363053104279995	1.363053104279995	0.15619194399150793	NFAT5-independent
Tirap	ENSMUSG00000032041	0.276925585855406	0.049604425171667	0.280569508618472	0.041486394153158	TRUE	0.9870124063694279	0.9870124063694279	0.003643922763066021	Partially dependent
Marveld2	ENSMUSG00000021636	0.920609679002701	3.8867658950850096e-12	0.507263795067515	2.3628920379476e-4	TRUE	1.8148539043283607	1.8148539043283607	-0.413345883935186	NFAT5-independent
BC005561	ENSMUSG00000079065	0.648800604126016	7.13169108935412e-6	0.643560573677806	9.43911332118852e-6	TRUE	1.0081422490166925	1.0081422490166925	-0.005240030448210087	NFAT5-independent
Rab33b	ENSMUSG00000027739	0.664859451244955	1.97599136111852e-6	0.53463380829073	1.814919788742e-4	TRUE	1.2435791394685036	1.2435791394685036	-0.130225642954225	NFAT5-independent
Myh10	ENSMUSG00000020900	0.410168830975562	0.00451245106379511	0.30476371068755	0.0374208512262793	TRUE	1.3458585014935571	1.3458585014935571	-0.10540512028801202	NFAT5-independent
Gpsm1	ENSMUSG00000026930	0.933963680168515	6.9652625969063696e-12	0.879073531689566	2.08308959922787e-10	TRUE	1.0624409068186265	1.0624409068186265	-0.05489014847894902	NFAT5-independent
L1cam	ENSMUSG00000031391	2.50125874881886	1.2960067811343e-53	2.00090095322406	3.19788702091178e-33	TRUE	1.2500662488008571	1.2500662488008571	-0.5003577955948	NFAT5-independent
Ehd3	ENSMUSG00000024065	-0.704682737688161	8.74630391456031e-7	-0.447069893487583	0.00158137937021298	TRUE	1.5762249884261843	1.5762249884261843	0.257612844200578	NFAT5-independent
2700062C07Rik	ENSMUSG00000024273	-0.447238758863018	0.00109087748641638	-0.355057034768539	0.00965176088382899	TRUE	1.2596251167212391	1.2596251167212391	0.092181724094479	NFAT5-independent
2310001H17Rik	ENSMUSG00000097354	0.221584473897016	0.132619048824025	0.33636505487914	0.0125906997095791	TRUE	0.6587618739902513	0.6587618739902513	0.11478058098212399	Strongly NFAT5-dependent
Bmpr1a	ENSMUSG00000021796	0.37129314214826	0.00900007133447698	0.366833383534122	0.00933946091076537	TRUE	1.012157450260312	1.012157450260312	-0.0044597586141379986	NFAT5-independent
Slc36a4	ENSMUSG00000043885	-0.0253142407215805	0.906704082898947	0.380936370308389	0.00577476425975065	FALSE	-0.06645267476320842	0.06645267476320842	0.4062506110299695	Strongly NFAT5-dependent
Map3k20	ENSMUSG00000004085	-0.508214961086091	3.0037075281095e-4	-0.549479740782655	1.0311086900202e-4	TRUE	0.9249020907708293	0.9249020907708293	-0.04126477969656406	Partially dependent
Fbxo25	ENSMUSG00000038365	0.491484704350429	3.7068452541688e-4	0.447671313608355	0.0013006255549514	TRUE	1.097869551633599	1.097869551633599	-0.04381339074207402	NFAT5-independent
C87436	ENSMUSG00000046679	0.254644696090187	0.0835546687475462	0.405870868407941	0.00297519598491358	TRUE	0.6274032356376055	0.6274032356376055	0.15122617231775404	Strongly NFAT5-dependent
Eme2	ENSMUSG00000073436	0.463059424150087	9.5320861037933e-4	0.663887465872693	1.44702192563311e-6	TRUE	0.6974968619740191	0.6974968619740191	0.200828041722606	Partially dependent
Bbs12	ENSMUSG00000051444	-0.975577497643318	5.6226548870245393e-11	-0.642497652306122	1.06039079961898e-5	TRUE	1.5184141049257844	1.5184141049257844	0.33307984533719603	NFAT5-independent
Ccdc69	ENSMUSG00000049588	-0.525716594338381	3.0867842492536e-4	-0.347200052232208	0.0173718481469637	TRUE	1.5141604701913491	1.5141604701913491	0.17851654210617302	NFAT5-independent
Leng1	ENSMUSG00000078813	0.522409429647048	7.94641206968783e-5	0.410605373643117	0.00234372952582305	TRUE	1.272290776450254	1.272290776450254	-0.11180405600393095	NFAT5-independent
Spata6	ENSMUSG00000034401	0.357602180708629	0.0157122452189824	0.388170406098098	0.00738944125073328	TRUE	0.921250500014306	0.921250500014306	0.030568225389469017	Partially dependent
Klhl15	ENSMUSG00000043929	0.438539570871435	0.00640505515984247	0.343928176055622	0.0325515115539326	TRUE	1.2750905607701997	1.2750905607701997	-0.09461139481581304	NFAT5-independent
Erbb3	ENSMUSG00000018166	0.651174742974518	1.35916615076106e-6	0.530293239534991	1.1496214806865e-4	TRUE	1.2279521865025602	1.2279521865025602	-0.12088150343952708	NFAT5-independent
Prss16	ENSMUSG00000006179	0.353444074980893	0.0091328787057246	0.540537413921805	3.27599794781618e-5	TRUE	0.6538753208894856	0.6538753208894856	0.187093338940912	Strongly NFAT5-dependent
Rbm41	ENSMUSG00000031433	0.359234886589791	0.0112139350309315	0.351441614468371	0.0124776755989384	TRUE	1.0221751545650306	1.0221751545650306	-0.007793272121420003	NFAT5-independent
Sirt3	ENSMUSG00000025486	-0.507702625429699	9.562360551424e-4	-0.301738655870988	0.0499462042171669	TRUE	1.6825905980265696	1.6825905980265696	0.205963969558711	NFAT5-independent
Chml	ENSMUSG00000078185	-0.176696960233415	0.275089408703392	-0.309249387698189	0.0335159251394024	TRUE	0.5713736785337207	0.5713736785337207	-0.132552427464774	Strongly NFAT5-dependent
Gbp2	ENSMUSG00000028270	-1.38237390696033	2.1455389426277598e-20	-0.568576428101585	5.12368339830454e-5	TRUE	2.431289512961215	2.431289512961215	0.813797478858745	NFAT5-independent
Habp4	ENSMUSG00000021476	-0.869741076573482	7.71201998773924e-10	-0.591410124055334	2.21691835636359e-5	TRUE	1.470622570018951	1.470622570018951	0.278330952518148	NFAT5-independent
Il3ra	ENSMUSG00000068758	-0.83816813003142	3.62723681760243e-7	-0.573333648079205	4.116268839221e-4	TRUE	1.4619203544732973	1.4619203544732973	0.26483448195221504	NFAT5-independent
Zbtb18	ENSMUSG00000063659	0.497773529079534	3.108083691432e-4	0.634729358348771	3.48324864079452e-6	TRUE	0.7842295657703254	0.7842295657703254	0.136955829269237	Partially dependent
Ncoa7	ENSMUSG00000039697	-0.71873240362547	5.04495892789018e-7	-0.691278478389639	1.76735101133464e-6	TRUE	1.0397147113559588	1.0397147113559588	0.02745392523583101	NFAT5-independent
Apool	ENSMUSG00000025525	-0.681700094259803	1.90296135675246e-6	-0.341062426594681	0.0162121551007988	TRUE	1.9987546006348458	1.9987546006348458	0.34063766766512205	NFAT5-independent
Tmem219	ENSMUSG00000060538	-0.648691449897199	2.75917280074288e-6	-0.351989589154042	0.0105658860391478	TRUE	1.842927944136753	1.842927944136753	0.29670186074315696	NFAT5-independent
Slc8b1	ENSMUSG00000032754	0.403289670895558	0.0099386060754156	0.755221334907487	6.86484951032813e-7	TRUE	0.5340019571149431	0.5340019571149431	0.351931664011929	Strongly NFAT5-dependent
Kyat3	ENSMUSG00000040213	-0.915017952654104	1.81498198244848e-9	-0.496629602515275	7.842354435448e-4	TRUE	1.8424555202102768	1.8424555202102768	0.418388350138829	NFAT5-independent
Cfap36	ENSMUSG00000020462	-0.884075877094283	5.28107594514008e-11	-0.860779370271978	3.48240982087797e-10	TRUE	1.0270644344263782	1.0270644344263782	0.023296506822304996	NFAT5-independent
Coq3	ENSMUSG00000028247	-0.123608956441776	0.461222566489626	-0.432109209422206	0.00217085721339896	TRUE	0.2860595278843038	0.2860595278843038	-0.30850025298043	Strongly NFAT5-dependent
Rnf146	ENSMUSG00000038876	0.518238717056627	1.0760647968709e-4	0.502437340570407	1.9452713523453e-4	TRUE	1.0314494469465207	1.0314494469465207	-0.015801376486220042	NFAT5-independent
Zfp51	ENSMUSG00000023892	0.176938083810977	0.273355036733361	0.41208385919987	0.0031343271715608	TRUE	0.4293739729445652	0.4293739729445652	0.235145775388893	Strongly NFAT5-dependent
Gm37039	ENSMUSG00000102561	-0.115997537536103	0.518612091262361	0.77858454726792	1.46239502260636e-8	FALSE	-0.14898515253499744	0.14898515253499744	0.894582084804023	Strongly NFAT5-dependent
Clcf1	ENSMUSG00000040663	-0.228594067066807	0.126487263779911	-0.578427815042696	4.82013150520681e-5	TRUE	0.3951989533040239	0.3951989533040239	-0.34983374797588906	Strongly NFAT5-dependent
Slc26a10	ENSMUSG00000040441	-0.219121377451342	0.168963066884264	-0.341012706289071	0.0220211934755948	TRUE	0.6425607416094236	0.6425607416094236	-0.12189132883772899	Strongly NFAT5-dependent
Uvssa	ENSMUSG00000037355	-0.931424966054381	2.40362434808046e-10	-0.74170753378838	4.34410771371548e-7	TRUE	1.2557846908969517	1.2557846908969517	0.18971743226600102	NFAT5-independent
Acer3	ENSMUSG00000030760	-0.439147304310761	0.00244720979203614	-0.408007214964427	0.00489579099646197	TRUE	1.0763223987327013	1.0763223987327013	0.031140089346334	NFAT5-independent
Mmab	ENSMUSG00000029575	-0.997283354754487	1.35033820598447e-12	-0.714395273047691	2.81218452973904e-7	TRUE	1.3959825776841488	1.3959825776841488	0.282888081706796	NFAT5-independent
Tfpi	ENSMUSG00000027082	-0.480284987541914	5.9050392504785e-4	-0.466981352458431	8.8718874486235e-4	TRUE	1.028488578855335	1.028488578855335	0.013303635083483034	NFAT5-independent
Fastkd5	ENSMUSG00000079043	0.471552635725705	9.1890751062114e-4	0.402224696076782	0.00505789715856886	TRUE	1.172361220793088	1.172361220793088	-0.06932793964892298	NFAT5-independent
Ctss	ENSMUSG00000038642	-0.802103687810102	5.181406978847231e-9	-0.369084629653236	0.00638651832960636	TRUE	2.173224305123998	2.173224305123998	0.433019058156866	NFAT5-independent
AI480526	ENSMUSG00000090086	0.287136102216869	0.0493456438663015	0.404451953346983	0.00343140895299729	TRUE	0.7099387203862318	0.7099387203862318	0.11731585113011395	Partially dependent
Plcl1	ENSMUSG00000038349	0.744991937098148	7.67589444312702e-7	1.06317872623731	1.36832230865933e-12	TRUE	0.700721260417564	0.700721260417564	0.318186789139162	Partially dependent
2610002M06Rik	ENSMUSG00000031242	-0.600711672115802	1.86497690019725e-5	-0.366870126467178	0.00894920089668755	TRUE	1.6373959850599737	1.6373959850599737	0.23384154564862403	NFAT5-independent
Thap2	ENSMUSG00000020137	-0.25255044921004	0.0906636477312774	-0.36056121543271	0.0115295467080638	TRUE	0.7004370919566427	0.7004370919566427	-0.10801076622267003	Strongly NFAT5-dependent
Coq4	ENSMUSG00000026798	-0.378895546504248	0.0123448335049408	-0.331583045469719	0.0266758033808511	TRUE	1.1426867316677978	1.1426867316677978	0.047312501034529	NFAT5-independent
Bet1	ENSMUSG00000032757	-0.526509477189578	5.5679651354939e-4	-0.431656330049804	0.00461029076182791	TRUE	1.219742282312482	1.219742282312482	0.09485314713977394	NFAT5-independent
March8	ENSMUSG00000025702	-0.226899769503612	0.157758746807584	-0.307584671826077	0.0401749501270901	TRUE	0.7376823043767015	0.7376823043767015	-0.08068490232246503	Strongly NFAT5-dependent
Tmco6	ENSMUSG00000006850	-0.596154000044037	3.4567152882381e-5	-0.353569341357809	0.0142785164484604	TRUE	1.6861020747857618	1.6861020747857618	0.24258465868622797	NFAT5-independent
5430427O19Rik	ENSMUSG00000025058	0.230086078632076	0.115285527271231	0.288406645907179	0.0355163290646401	TRUE	0.7977835528316052	0.7977835528316052	0.058320567275103014	Strongly NFAT5-dependent
Irs2	ENSMUSG00000038894	0.963880706307245	4.8352230535700396e-11	0.611898523204064	4.78149233296562e-5	TRUE	1.5752296659585128	1.5752296659585128	-0.35198218310318097	NFAT5-independent
Decr1	ENSMUSG00000028223	-0.800675292515689	4.23320718805244e-9	-0.777974978109843	2.1122121002827e-8	TRUE	1.029178720453193	1.029178720453193	0.022700314405846078	NFAT5-independent
Fads2	ENSMUSG00000024665	0.905811765062817	7.56456031896181e-11	0.685110379886546	1.64900123534087e-6	TRUE	1.3221398940311182	1.3221398940311182	-0.22070138517627103	NFAT5-independent
Tmem143	ENSMUSG00000002781	-0.628194234785581	3.88227020629414e-5	-0.70132254371051606	6.42165041253776e-6	TRUE	0.8957279933737305	0.8957279933737305	-0.07312830892493505	Partially dependent
Tnfrsf26	ENSMUSG00000045362	1.34726632146804	4.65605421491067e-17	2.89507828298309	1.13619948399964e-81	TRUE	0.4653643838880295	0.4653643838880295	1.54781196151505	Strongly NFAT5-dependent
Zfp579	ENSMUSG00000051550	0.353909319934267	0.0159151766805019	0.375994496476628	0.00917246225064936	TRUE	0.9412619685944423	0.9412619685944423	0.02208517654236103	Partially dependent
Lyrm1	ENSMUSG00000030922	-0.497761183833126	3.150616093114e-4	-0.375062081851392	0.00725637206361725	TRUE	1.327143446162468	1.327143446162468	0.122699101981734	NFAT5-independent
Ccl4	ENSMUSG00000018930	-1.39810485492464	5.7162064029594894e-18	-3.04956175561229	5.51408502479928e-39	TRUE	0.45846090912952475	0.45846090912952475	-1.6514569006876498	Strongly NFAT5-dependent
Tstd3	ENSMUSG00000028251	-1.31020250355835	2.3319922232092998e-17	-1.08014730626537	1.89738653361445e-12	TRUE	1.2129850215415527	1.2129850215415527	0.23005519729298007	NFAT5-independent
Abtb1	ENSMUSG00000030083	0.10142552212774	0.566854827431189	0.350976853712184	0.0106921716277184	TRUE	0.2889806579977871	0.2889806579977871	0.249551331584444	Strongly NFAT5-dependent
Gas2l3	ENSMUSG00000074802	-0.622135236237708	4.26863483693624e-5	-0.41351071881528	0.00596156963360518	TRUE	1.5045202165983584	1.5045202165983584	0.20862451742242794	NFAT5-independent
Ralgps2	ENSMUSG00000026594	0.220029196729722	0.150062743798615	0.571124599265959	2.40659340804871e-5	TRUE	0.38525603171797485	0.38525603171797485	0.35109540253623706	Strongly NFAT5-dependent
Fes	ENSMUSG00000053158	1.54496656945543	2.58536554740702e-25	1.176130440269	1.6257590628152202e-14	TRUE	1.3136013800493687	1.3136013800493687	-0.36883612918642994	NFAT5-independent
Trpm4	ENSMUSG00000038260	-1.20750049943406	4.16508445607872e-16	-1.17011408962107	9.499128027259901e-15	TRUE	1.0319510807917005	1.0319510807917005	0.03738640981298991	NFAT5-independent
Btd	ENSMUSG00000021900	0.354494992909441	0.0162467625131517	0.439858339779008	0.00215009149162584	TRUE	0.8059299116336979	0.8059299116336979	0.08536334686956704	Partially dependent
Ttll1	ENSMUSG00000022442	0.134505465866384	0.426275626746342	0.429367492476186	0.00183369351095608	TRUE	0.31326420426167706	0.31326420426167706	0.294862026609802	Strongly NFAT5-dependent
Galr3	ENSMUSG00000114755	-0.876798392902614	8.68336240128977e-10	-0.946538698381392	1.18185747686317e-10	TRUE	0.9263207034239214	0.9263207034239214	-0.06974030547877808	Partially dependent
Jkamp	ENSMUSG00000005078	-0.560735159801824	9.15026374175619e-5	-0.501565863198351	4.9452425445014e-4	TRUE	1.1179691461180519	1.1179691461180519	0.05916929660347303	NFAT5-independent
Tmem69	ENSMUSG00000055900	-0.680994034552471	2.0201175880849e-6	-0.464049371100859	0.001085467730792	TRUE	1.4675034101155158	1.4675034101155158	0.216944663451612	NFAT5-independent
Cd226	ENSMUSG00000034028	0.727079235175427	2.67672453541598e-7	0.751468340371367	1.3764722850392e-7	TRUE	0.9675447335760184	0.9675447335760184	0.024389105195939953	Partially dependent
Zfp597	ENSMUSG00000039789	0.795090751298112	2.56367984219031e-8	0.418901182557404	0.00458447657710189	TRUE	1.8980389275677374	1.8980389275677374	-0.376189568740708	NFAT5-independent
Evi5	ENSMUSG00000011831	0.657335138079936	7.25219051106215e-6	0.843962454546589	8.34962283204034e-9	TRUE	0.7788677500269644	0.7788677500269644	0.18662731646665298	Partially dependent
Ndufaf8	ENSMUSG00000078572	-0.450368245494689	0.00150140362925369	-0.525938432917043	2.3659498949562e-4	TRUE	0.8563136240049721	0.8563136240049721	-0.075570187422354	Partially dependent
Casp9	ENSMUSG00000028914	0.378722559249701	0.00739762620702252	0.462701055532917	8.1974411763859e-4	TRUE	0.8185037719732591	0.8185037719732591	0.08397849628321602	Partially dependent
Rgcc	ENSMUSG00000022018	-0.135558871774914	0.432888329126559	-0.511779624096747	6.5489981539153e-4	TRUE	0.2648774304255769	0.2648774304255769	-0.37622075232183305	Strongly NFAT5-dependent
Ckb	ENSMUSG00000001270	1.03421089468076	7.37305507307401e-13	0.701383573461442	2.32608586381095e-6	TRUE	1.4745296779289556	1.4745296779289556	-0.332827321219318	NFAT5-independent
Maged1	ENSMUSG00000025151	2.40593152118586	4.52927372098929e-42	1.95467705172872	4.86306416131872e-27	TRUE	1.2308588362758184	1.2308588362758184	-0.4512544694571401	NFAT5-independent
Hddc2	ENSMUSG00000000295	-0.771394522520667	5.74727570160121e-8	-0.437093053009851	0.00181148303751908	TRUE	1.7648290614751125	1.7648290614751125	0.33430146951081596	NFAT5-independent
Amer1	ENSMUSG00000050332	0.106359425682065	0.575029791455883	0.404421322690561	0.00534513185215966	TRUE	0.2629916369751969	0.2629916369751969	0.29806189700849606	Strongly NFAT5-dependent
Rbpj-ps3	ENSMUSG00000079575	0.492642851581667	5.6926203109395e-4	0.556010711683237	1.017279869047e-4	TRUE	0.8860312242731195	0.8860312242731195	0.06336786010157003	Partially dependent
Plekha7	ENSMUSG00000045659	0.8570528582355	1.3691816262307e-8	1.14581816544622	3.26759476182255e-14	TRUE	0.7479833049266895	0.7479833049266895	0.28876530721072	Partially dependent
Rnf141	ENSMUSG00000030788	-0.637148238975406	1.36883943935573e-5	-0.584807209443977	7.54329970624196e-5	TRUE	1.089501341102128	1.089501341102128	0.05234102953142894	NFAT5-independent
Ikzf2	ENSMUSG00000025997	0.358115356922481	0.0153694422023168	0.515120911816257	2.9459321297032e-4	TRUE	0.6952064043756397	0.6952064043756397	0.157005554893776	Partially dependent
D430042O09Rik	ENSMUSG00000032743	-1.27344325373235	1.9761904689324e-16	-0.916926883541657	1.5097017274650102e-9	TRUE	1.3888165747890802	1.3888165747890802	0.35651637019069293	NFAT5-independent
Cxcr4	ENSMUSG00000045382	-1.9217695149093	7.65941461468655e-38	-0.453898340795455	4.6330221777766e-4	TRUE	4.233920554856858	4.233920554856858	1.4678711741138448	NFAT5-independent
Dynlt3	ENSMUSG00000031176	-0.988227372894509	3.56639258216707e-11	-1.02937860731148	1.6577783437576798e-11	TRUE	0.9600232274843469	0.9600232274843469	-0.04115123441697088	Partially dependent
Zfp956	ENSMUSG00000045466	-0.324299513575075	0.0251499226567917	-0.329317737236792	0.021026545990813	TRUE	0.9847617571290773	0.9847617571290773	-0.005018223661716947	Partially dependent
Tbc1d24	ENSMUSG00000036473	0.38013315920928	0.00889063780642036	0.430839649036844	0.00249876494566045	TRUE	0.88230774502551	0.88230774502551	0.05070648982756404	Partially dependent
Adck2	ENSMUSG00000046947	-0.407159166386157	0.00463084875719774	-0.333528959049661	0.0203374295053285	TRUE	1.220761062386588	1.220761062386588	0.073630207336496	NFAT5-independent
Cracr2a	ENSMUSG00000061414	-1.12998111194702	1.2970343182385001e-15	-0.635709271241067	3.12666169849252e-6	TRUE	1.7775123992466053	1.7775123992466053	0.494271840705953	NFAT5-independent
Zfp940	ENSMUSG00000050855	0.600484036483501	1.93248439904348e-5	0.632432701068731	7.26511910756249e-6	TRUE	0.9494829022420239	0.9494829022420239	0.031948664585229936	Partially dependent
Prkag2	ENSMUSG00000028944	-0.45284072154433	0.0015601360485698	-0.47369450254499	9.8453995248847e-4	TRUE	0.9559763077497836	0.9559763077497836	-0.020853781000659988	Partially dependent
Fam174a	ENSMUSG00000051185	-1.00066276792448	1.58307659103121e-11	-0.687527348520889	2.40643575489606e-6	TRUE	1.4554515832384767	1.4554515832384767	0.3131354194035909	NFAT5-independent
Zfp629	ENSMUSG00000045639	0.59670916940692	3.37137856580633e-5	0.699460255057906	1.17647245186712e-6	TRUE	0.853099465040398	0.853099465040398	0.10275108565098601	Partially dependent
Rpp40	ENSMUSG00000021418	-0.994717752167111	3.56441867585026e-10	-0.675552531332792	1.42743547677956e-5	TRUE	1.4724506326763969	1.4724506326763969	0.319165220834319	NFAT5-independent
Adck1	ENSMUSG00000021044	-0.668863853299033	4.13121775222511e-6	-0.474764122441438	0.00103939230992756	TRUE	1.4088340329076512	1.4088340329076512	0.19409973085759497	NFAT5-independent
Pld2	ENSMUSG00000020828	1.63823501011915	5.33193927662669e-31	0.832496927052842	3.03315149147801e-8	TRUE	1.9678571258139488	1.9678571258139488	-0.8057380830663081	NFAT5-independent
Kif3c	ENSMUSG00000020668	0.666513714962142	2.00519068124132e-6	0.938593323135126	1.6634901740907497e-11	TRUE	0.7101198128448505	0.7101198128448505	0.27207960817298404	Partially dependent
Rundc3b	ENSMUSG00000040570	-0.267384397413696	0.0810361573724152	-0.362833406653912	0.0126976983158251	TRUE	0.736934340968058	0.736934340968058	-0.09544900924021599	Strongly NFAT5-dependent
Gm1966	ENSMUSG00000073902	-1.42382202837757	7.04989486020525e-21	-0.344072494439203	0.0140133481737324	TRUE	4.138145453033755	4.138145453033755	1.079749533938367	NFAT5-independent
Trim3	ENSMUSG00000036989	0.668259206003859	4.54788921700842e-6	0.712157046762461	1.21562245673566e-6	TRUE	0.9383593254350763	0.9383593254350763	0.043897840758602036	Partially dependent
Rps6ka5	ENSMUSG00000021180	0.0589532067091941	0.787476920191284	0.351990378294765	0.0205838707983132	TRUE	0.167485278986306	0.167485278986306	0.29303717158557085	Strongly NFAT5-dependent
Cyb5rl	ENSMUSG00000028621	-0.85110969110334	7.80806139756714e-9	-0.685304969047111	3.25417518806915e-6	TRUE	1.2419429736322702	1.2419429736322702	0.16580472205622898	NFAT5-independent
Creb3l2	ENSMUSG00000038648	-0.15427436621803	0.35263357830886	-0.299483736890375	0.0413404167030459	TRUE	0.5151343702997189	0.5151343702997189	-0.145209370672345	Strongly NFAT5-dependent
Zfp623	ENSMUSG00000050846	0.575820030341198	5.83567052461349e-5	0.430640273614645	0.00331339910875882	TRUE	1.337125358731464	1.337125358731464	-0.14517975672655298	NFAT5-independent
Ermard	ENSMUSG00000036552	-0.447791551922586	0.00226117347513489	-0.376827467206599	0.0101899078670802	TRUE	1.1883198304041895	1.1883198304041895	0.07096408471598703	NFAT5-independent
Platr25	ENSMUSG00000074863	-1.03218465376517	3.40205955429091e-13	-0.648449013576755	2.69743888319488e-6	TRUE	1.5917745761872353	1.5917745761872353	0.383735640188415	NFAT5-independent
Fchsd1	ENSMUSG00000038524	0.491996074147246	0.00194009369240229	0.6481773186083	3.84892044823337e-5	TRUE	0.7590454957658958	0.7590454957658958	0.15618124446105397	Partially dependent
Slc39a13	ENSMUSG00000002105	-0.573873135662054	6.69341508821738e-5	-0.556898502422724	1.2564144482148e-4	TRUE	1.0304806588013504	1.0304806588013504	0.016974633239330017	NFAT5-independent
Amz2	ENSMUSG00000020610	-1.28408547268099	5.41537522821398e-18	-0.768790805296543	7.19303116422269e-8	TRUE	1.6702664285711433	1.6702664285711433	0.5152946673844471	NFAT5-independent
Zfp788	ENSMUSG00000074165	-0.620522362745451	1.74883249715505e-5	-0.421858256585339	0.0033606590342509	TRUE	1.4709262010613835	1.4709262010613835	0.19866410616011204	NFAT5-independent
Snapc5	ENSMUSG00000032398	-0.452811882803153	0.00260319096564806	-0.608515489744993	6.64640233808365e-5	TRUE	0.7441254831375125	0.7441254831375125	-0.15570360694184004	Partially dependent
Mapk11	ENSMUSG00000053137	0.709667787951327	8.95880893534333e-7	0.617540991150144	2.70802171468412e-5	TRUE	1.1491832900510794	1.1491832900510794	-0.09212679680118296	NFAT5-independent
Dguok	ENSMUSG00000014554	-0.820306987449921	1.36576102801033e-8	-0.824177484215242	2.22995781597962e-8	TRUE	0.9953038067170613	0.9953038067170613	-0.003870496765320919	Partially dependent
Irak2	ENSMUSG00000060477	0.640055781988883	7.16673149283162e-6	0.328546455134344	0.0271369926174671	TRUE	1.9481439290743878	1.9481439290743878	-0.311509326854539	NFAT5-independent
Natd1	ENSMUSG00000018931	0.335359000009304	0.025871465231076	0.526332923695884	2.6502961881547e-4	TRUE	0.6371613572155614	0.6371613572155614	0.19097392368658	Strongly NFAT5-dependent
Fbxo4	ENSMUSG00000022184	-0.830452605508629	1.60255700876624e-8	-0.675261516203975	4.32149563787458e-6	TRUE	1.2298236839810899	1.2298236839810899	0.15519108930465397	NFAT5-independent
Klhl8	ENSMUSG00000029312	0.599691384381154	4.329284236948e-5	0.591130745698503	6.35498961117162e-5	TRUE	1.01448180245224	1.01448180245224	-0.008560638682651	NFAT5-independent
Hpdl	ENSMUSG00000043155	0.774371330439745	4.09705860588294e-8	0.668360659939195	3.39974193374552e-6	TRUE	1.1586129717901028	1.1586129717901028	-0.10601067050055002	NFAT5-independent
Tdrkh	ENSMUSG00000041912	-1.60804504328364	1.21552154284079e-23	-1.39312544217127	2.5175535898231697e-18	TRUE	1.1542715355032243	1.1542715355032243	0.21491960111236996	NFAT5-independent
Kansl2-ps	ENSMUSG00000097530	0.470408706595751	0.00113580807801843	0.478227768237585	8.9291597709137e-4	TRUE	0.9836499213112413	0.9836499213112413	0.007819061641833991	Partially dependent
Gm10146	ENSMUSG00000064317	-0.509496065167905	0.00106728604255634	-0.553654993437948	4.1057178737261e-4	TRUE	0.9202410728821645	0.9202410728821645	-0.044158928270042974	Partially dependent
Ggact	ENSMUSG00000041625	-0.403666209296317	0.00652255350920079	-0.352388808182906	0.0162121551007988	TRUE	1.1455137050970008	1.1455137050970008	0.051277401113411	NFAT5-independent
Gucy1a1	ENSMUSG00000033910	1.97424176517927	2.60222367304431e-37	0.431313239804824	0.0105790984937502	TRUE	4.577280692966081	4.577280692966081	-1.542928525374446	NFAT5-independent
Aplf	ENSMUSG00000030051	0.302138452131607	0.0396408773967199	0.305265351665627	0.0336610791750147	TRUE	0.9897567820358301	0.9897567820358301	0.003126899534020011	Partially dependent
Unc13a	ENSMUSG00000034799	-0.670816761213731	7.25167089854207e-6	-1.28641778521686	1.3776314253246901e-14	TRUE	0.5214610439334427	0.5214610439334427	-0.6156010240031289	Strongly NFAT5-dependent
Actn3	ENSMUSG00000006457	1.12914673110666	1.3860981938143301e-14	0.578815149461466	1.5130560300378e-4	TRUE	1.9507898716148444	1.9507898716148444	-0.5503315816451941	NFAT5-independent
Snupn	ENSMUSG00000055334	-0.822139010700694	2.98649273980868e-7	-0.871796050676835	1.12340234795875e-7	TRUE	0.9430405311682831	0.9430405311682831	-0.049657039976141015	Partially dependent
Wdr41	ENSMUSG00000042015	-0.661296564390674	3.35326608500428e-5	-0.681367203278102	2.62712256100163e-5	TRUE	0.9705435794519213	0.9705435794519213	-0.020070638887427994	Partially dependent
Arl16	ENSMUSG00000057594	0.276803135417823	0.0712546447204347	0.604489983714965	2.09278333451974e-5	TRUE	0.45791186434007797	0.45791186434007797	0.327686848297142	Strongly NFAT5-dependent
Prelid2	ENSMUSG00000056671	-0.660869366655566	4.92946464847832e-6	-0.415705283644432	0.00385072563061012	TRUE	1.5897545512575968	1.5897545512575968	0.24516408301113396	NFAT5-independent
Sord	ENSMUSG00000027227	0.646433029335421	6.14570428062154e-6	0.700884768273142	1.04296953838865e-6	TRUE	0.9223099981586409	0.9223099981586409	0.05445173893772093	Partially dependent
Zbtb42	ENSMUSG00000037638	2.11883682031476	6.00979256629601e-37	2.09169260918169	2.15304941992764e-35	TRUE	1.012977151142533	1.012977151142533	-0.027144211133069973	NFAT5-independent
Pex26	ENSMUSG00000067825	0.726907080837028	4.85282042610552e-6	0.709874244180704	9.35258251302469e-6	TRUE	1.0239941606502183	1.0239941606502183	-0.017032836656324046	NFAT5-independent
Epas1	ENSMUSG00000024140	1.14208292278741	5.51414135008389e-13	1.7285480761211	9.91343944092874e-29	TRUE	0.6607180549760984	0.6607180549760984	0.58646515333369	Strongly NFAT5-dependent
Haao	ENSMUSG00000000673	-1.05881186103081	4.16182864601121e-12	-0.845471565300931	2.68508879487568e-8	TRUE	1.252332904482653	1.252332904482653	0.2133402957298789	NFAT5-independent
Zfp120	ENSMUSG00000068134	0.327222447100209	0.0368466478674118	0.366462286191844	0.0157479073819673	TRUE	0.8929225719257428	0.8929225719257428	0.03923983909163503	Partially dependent
Hsd17b11	ENSMUSG00000029311	0.698402511644916	1.95846717714929e-6	0.382497820850082	0.0116722337060083	TRUE	1.8258993217079036	1.8258993217079036	-0.31590469079483396	NFAT5-independent
Nsmf	ENSMUSG00000006476	-0.133117247727012	0.469227871566742	-0.317284243741306	0.0423804224293932	TRUE	0.41955202741031034	0.41955202741031034	-0.18416699601429398	Strongly NFAT5-dependent
Gm17300	ENSMUSG00000091021	-0.114268400261055	0.51524982475986	-0.414234545056825	0.00590612740403155	TRUE	0.27585434779559387	0.27585434779559387	-0.29996614479577	Strongly NFAT5-dependent
Pqlc2	ENSMUSG00000028744	1.16404462297129	6.72953840719208e-16	0.93211139075883	3.11148963860245e-10	TRUE	1.2488256602289172	1.2488256602289172	-0.23193323221245998	NFAT5-independent
Abhd6	ENSMUSG00000025277	0.174199506825627	0.292756534146678	0.343191763231855	0.0167662814373802	TRUE	0.507586502616441	0.507586502616441	0.16899225640622803	Strongly NFAT5-dependent
Gnb1l	ENSMUSG00000000884	-1.19043653891206	1.9779838041280503e-15	-1.19734925684767	6.6450640692139506e-15	TRUE	0.9942266486607177	0.9942266486607177	-0.006912717935610102	Partially dependent
Dpp7	ENSMUSG00000026958	0.592224289938739	3.35750565693914e-5	0.459059135443856	0.00153890686465886	TRUE	1.2900827893690168	1.2900827893690168	-0.13316515449488298	NFAT5-independent
Bloc1s3	ENSMUSG00000057667	0.0273730688908242	0.90981043694347	0.357373774876013	0.0194378642952632	TRUE	0.07659506884723422	0.07659506884723422	0.3300007059851888	Strongly NFAT5-dependent
Dtd2	ENSMUSG00000020956	-0.420754157693644	0.00341353623929306	-0.48825058965498	6.4264916905694e-4	TRUE	0.861758626837436	0.861758626837436	-0.06749643196133603	Partially dependent
Ccdc51	ENSMUSG00000025645	-1.01014205464445	1.8778249790926497e-11	-0.899419142836208	3.05052314473589e-9	TRUE	1.123104909085091	1.123104909085091	0.1107229118082419	NFAT5-independent
Glt8d1	ENSMUSG00000021916	-0.737491844930355	4.57925601836131e-7	-0.644735965475752	1.20025880480917e-5	TRUE	1.1438664576221653	1.1438664576221653	0.09275587945460306	NFAT5-independent
Fancl	ENSMUSG00000004018	-0.52645496181231	9.8962526358972e-4	-0.601158642126025	2.098039800422e-4	TRUE	0.8757338328373322	0.8757338328373322	-0.07470368031371499	Partially dependent
Aldoc	ENSMUSG00000017390	-0.143978915396031	0.426119890303523	0.474971463909323	0.00106241027950747	FALSE	-0.3031317170319901	0.3031317170319901	0.618950379305354	Strongly NFAT5-dependent
Wdr60	ENSMUSG00000042050	-0.844892661707593	1.18525253131731e-8	-0.485578734865636	7.9490309122348e-4	TRUE	1.739970474492427	1.739970474492427	0.359313926841957	NFAT5-independent
Asnsd1	ENSMUSG00000026095	-0.578772088632361	1.5202326736381e-4	-0.561767796902594	2.6510853704015e-4	TRUE	1.030269253281379	1.030269253281379	0.01700429172976692	NFAT5-independent
Decr2	ENSMUSG00000036775	-1.06116015255368	1.4189294592706199e-11	-0.861138861809191	3.67138604631475e-8	TRUE	1.2322753038043814	1.2322753038043814	0.20002129074448904	NFAT5-independent
Bmf	ENSMUSG00000040093	2.69432882572368	9.087932538191921e-58	2.22069242199261	7.63770454829321e-38	TRUE	1.2132832079942346	1.2132832079942346	-0.4736364037310703	NFAT5-independent
Fbxo6	ENSMUSG00000055401	-0.818043484243149	3.44822820375961e-7	-0.597061362489599	1.6885521170746e-4	TRUE	1.3701162654908852	1.3701162654908852	0.22098212175355003	NFAT5-independent
Phactr2	ENSMUSG00000062866	0.0935663321622564	0.616329374786257	-0.717728825730748	6.24600215803036e-6	FALSE	-0.13036446190800938	0.13036446190800938	-0.8112951578930044	Strongly NFAT5-dependent
Nr6a1	ENSMUSG00000063972	1.15062535781525	1.1039166882617101e-14	0.957874603194058	3.2288255562546004e-10	TRUE	1.2012275447939216	1.2012275447939216	-0.19275075462119207	NFAT5-independent
Zfand1	ENSMUSG00000039795	-1.08624889772511	7.7095386242178e-13	-1.05429494892675	9.19324702521643e-12	TRUE	1.0303083580461885	1.0303083580461885	0.03195394879836	NFAT5-independent
Gbe1	ENSMUSG00000022707	0.186940054333867	0.251479718681461	0.393309963864454	0.00541004444090296	TRUE	0.4752995639802605	0.4752995639802605	0.20636990953058698	Strongly NFAT5-dependent
Supt3	ENSMUSG00000038954	-0.345476045224337	0.0280936882673877	-0.397320038069431	0.0102752758133915	TRUE	0.8695157860726008	0.8695157860726008	-0.051843992845094	Partially dependent
D430020J02Rik	ENSMUSG00000112980	-0.787081141061265	3.36832759381994e-7	-0.645690282173425	2.90742098548126e-5	TRUE	1.2189762844376588	1.2189762844376588	0.1413908588878401	NFAT5-independent
Pik3cb	ENSMUSG00000032462	0.839691271692699	1.11984058739983e-8	0.464294379224766	0.00218171928209982	TRUE	1.8085320634178998	1.8085320634178998	-0.37539689246793295	NFAT5-independent
Rab6b	ENSMUSG00000032549	1.21189628592822	4.44747288139201e-14	1.26494294218434	5.895876581528821e-15	TRUE	0.9580639928592215	0.9580639928592215	0.05304665625611982	Partially dependent
Ttll3	ENSMUSG00000030276	-0.993287444029826	1.0477923293215098e-11	-1.03459196655992	5.43523881920322e-12	TRUE	0.9600765095176277	0.9600765095176277	-0.04130452253009387	Partially dependent
Srxn1	ENSMUSG00000032802	-0.670889488893839	3.15066587668148e-5	-0.399288635594573	0.0117830876502372	TRUE	1.6802118294572308	1.6802118294572308	0.27160085329926603	NFAT5-independent
Myl6b	ENSMUSG00000039824	0.511043446400628	0.00122016338004188	0.633813548951262	5.32117129238156e-5	TRUE	0.8062993403126595	0.8062993403126595	0.12277010255063392	Partially dependent
Zfp607a	ENSMUSG00000020420	0.639856491158472	4.50718800037718e-5	0.586177332502283	2.0786990262746e-4	TRUE	1.0915749478524572	1.0915749478524572	-0.053679158656189	NFAT5-independent
Tmem250-ps	ENSMUSG00000087679	-0.822952476468487	1.5385833787934e-7	-0.339862385889218	0.0260825229766652	TRUE	2.4214285270648856	2.4214285270648856	0.483090090579269	NFAT5-independent
Atn1	ENSMUSG00000004263	0.483218095936003	7.1319858107019e-4	0.365759581352082	0.0118292948124706	TRUE	1.321135851451161	1.321135851451161	-0.11745851458392104	NFAT5-independent
3110040N11Rik	ENSMUSG00000025102	-0.507720249218268	7.3114470080391e-4	-0.493042237888636	0.00111337375030982	TRUE	1.029770291876996	1.029770291876996	0.01467801132963198	NFAT5-independent
Slc35a5	ENSMUSG00000022664	0.486264252609548	8.8722229943315e-4	0.355604904985481	0.0170277910800666	TRUE	1.3674284178656133	1.3674284178656133	-0.130659347624067	NFAT5-independent
Gstt3	ENSMUSG00000001665	-0.0544900119465178	0.783309582122383	0.288265570256979	0.0420329312555176	FALSE	-0.18902712487634854	0.18902712487634854	0.34275558220349683	Strongly NFAT5-dependent
Zfhx2	ENSMUSG00000040721	-1.0280643595825	2.19916035283626e-10	-0.568119332656733	2.7965820983174e-4	TRUE	1.8095922819153092	1.8095922819153092	0.4599450269257671	NFAT5-independent
4933404O12Rik	ENSMUSG00000097908	-1.30900353778034	1.85805151214167e-16	-1.18258247917503	1.50365641447963e-13	TRUE	1.1069025297022002	1.1069025297022002	0.12642105860531005	NFAT5-independent
Sgcb	ENSMUSG00000029156	-0.481989250157565	0.00162980776419795	-0.652846688711052	3.08343374535546e-5	TRUE	0.7382885729407321	0.7382885729407321	-0.170857438553487	Partially dependent
Cacnb3	ENSMUSG00000003352	1.26255297772821	6.1113899850291e-16	1.33163784388206	2.6130071191057202e-17	TRUE	0.9481203793724801	0.9481203793724801	0.0690848661538499	Partially dependent
Eya2	ENSMUSG00000017897	-1.75763144086207	4.6044855121760994e-26	-1.91107490532651	6.2807192359545e-28	TRUE	0.9197082939884954	0.9197082939884954	-0.15344346446444002	Partially dependent
Pold4	ENSMUSG00000024854	-0.735372979020741	8.76916038907337e-7	-0.665949903557282	1.06076414833469e-5	TRUE	1.104246693471422	1.104246693471422	0.06942307546345894	NFAT5-independent
P2ry10b	ENSMUSG00000054293	0.473562800526249	0.00169150499112256	0.846744716087398	9.99376618854032e-9	TRUE	0.5592745859867515	0.5592745859867515	0.373181915561149	Strongly NFAT5-dependent
St6gal1	ENSMUSG00000022885	-1.7991783354473	3.5245078914195597e-25	-1.67999216722392	7.40861418149713e-22	TRUE	1.0709444785211872	1.0709444785211872	0.11918616822338013	NFAT5-independent
Ptprk	ENSMUSG00000019889	0.165884352496798	0.348670206113763	0.52803266865343	3.7522987568924e-4	TRUE	0.31415547246315334	0.31415547246315334	0.362148316156632	Strongly NFAT5-dependent
Tctn1	ENSMUSG00000038593	-0.307726054105866	0.0549725355757091	-0.32591867371949	0.0368227601305144	TRUE	0.9441804932316277	0.9441804932316277	-0.018192619613624006	Strongly NFAT5-dependent
Card6	ENSMUSG00000041849	-1.09355803941537	5.88795223490732e-13	-0.692829071105833	2.78371371317636e-6	TRUE	1.5783951410553958	1.5783951410553958	0.4007289683095371	NFAT5-independent
Sergef	ENSMUSG00000030839	-1.1840427155105	3.93605981296972e-13	-0.832169978438061	1.81605038973256e-7	TRUE	1.4228375766846162	1.4228375766846162	0.35187273707243905	NFAT5-independent
Ube2v2	ENSMUSG00000022674	-0.704627042528264	1.08280828049133e-5	-1.07039469107314	2.94139469886748e-10	TRUE	0.6582871238102179	0.6582871238102179	-0.36576764854487587	Strongly NFAT5-dependent
Zbed5	ENSMUSG00000034173	1.07865642525369	2.8848674740277097e-13	0.769713873664844	4.4128396395855e-7	TRUE	1.4013732403157497	1.4013732403157497	-0.3089425515888461	NFAT5-independent
Jup	ENSMUSG00000001552	3.02463422952928	9.591611619923629e-62	1.69832751503543	2.27162457428162e-18	TRUE	1.780948729118471	1.780948729118471	-1.3263067144938498	NFAT5-independent
Gstz1	ENSMUSG00000021033	-1.16487092363633	2.0639898307942797e-11	-1.02777989217947	3.84260712246555e-9	TRUE	1.1333855940362385	1.1333855940362385	0.13709103145685986	NFAT5-independent
Apoe	ENSMUSG00000002985	-0.359026172609904	0.015266091120477	-0.688200934770215	5.70872469067971e-6	TRUE	0.521688004869944	0.521688004869944	-0.32917476216031105	Strongly NFAT5-dependent
Nebl	ENSMUSG00000053702	-1.54397386759343	1.07684080044711e-21	-1.08177302372398	4.4325967524814e-12	TRUE	1.4272623126414576	1.4272623126414576	0.46220084386945004	NFAT5-independent
Zmym6	ENSMUSG00000042408	-0.767170737422822	6.35185207369908e-7	-0.651984642560959	2.40186837826178e-5	TRUE	1.1766699510120646	1.1766699510120646	0.11518609486186304	NFAT5-independent
Zscan12	ENSMUSG00000036721	0.563725770331328	4.2163061065029e-4	0.463674889856648	0.00389175473947357	TRUE	1.215778086464014	1.215778086464014	-0.10005088047467997	NFAT5-independent
Gm6206	ENSMUSG00000048949	-0.0899748670950603	0.703883281752924	0.474276166883165	0.00903937166801261	FALSE	-0.1897098639519558	0.1897098639519558	0.5642510339782253	Strongly NFAT5-dependent
Mettl5	ENSMUSG00000051730	-0.455198836966304	0.0038283110581043	-0.384925089976769	0.0139304314362871	TRUE	1.182564734852114	1.182564734852114	0.07027374698953498	NFAT5-independent
Ar	ENSMUSG00000046532	0.199749975037127	0.241598137275459	0.476486186972982	0.00132353785221467	TRUE	0.41921461838400226	0.41921461838400226	0.276736211935855	Strongly NFAT5-dependent
Irak1bp1	ENSMUSG00000032251	-0.542664826875004	3.253971431092e-4	-0.616352308549652	6.30266354592922e-5	TRUE	0.8804458413597198	0.8804458413597198	-0.073687481674648	Partially dependent
BC052040	ENSMUSG00000040282	-1.38987625307475	1.7259890878034898e-18	-1.0333000241921	2.7839265306439798e-11	TRUE	1.3450848935781687	1.3450848935781687	0.35657622888264995	NFAT5-independent
Dnal4	ENSMUSG00000022420	-0.771939998713324	1.41812580652092e-6	-0.71366333679215	1.00126508053681e-5	TRUE	1.0816584780480978	1.0816584780480978	0.05827666192117398	NFAT5-independent
Siah1a	ENSMUSG00000036840	0.22313222863614	0.198474650784941	0.364544711594576	0.0202136364525102	TRUE	0.6120846676396002	0.6120846676396002	0.14141248295843603	Strongly NFAT5-dependent
Gpr137	ENSMUSG00000024958	-0.744094243303411	1.05100783905584e-6	-0.543049640934196	3.4400882011569e-4	TRUE	1.3702140416175628	1.3702140416175628	0.20104460236921495	NFAT5-independent
4930520O04Rik	ENSMUSG00000074039	0.366746819407898	0.0239606322349027	0.3977223266678	0.0118380705359787	TRUE	0.9221177560751461	0.9221177560751461	0.030975507259902002	Partially dependent
Xndc1	ENSMUSG00000099481	-0.673629602007644	8.64622550342423e-6	-0.655565202519084	2.0378535189442e-5	TRUE	1.0275554581285666	1.0275554581285666	0.01806439948855998	NFAT5-independent
Lgals8	ENSMUSG00000057554	-0.873156829896137	1.06216895116712e-7	-0.5295142393665	9.4242628230338e-4	TRUE	1.648977052894298	1.648977052894298	0.34364259052963697	NFAT5-independent
Pros1	ENSMUSG00000022912	0.883846618925051	2.21978538583607e-8	0.644417161175277	6.42453625223533e-5	TRUE	1.3715441986571348	1.3715441986571348	-0.23942945774977398	NFAT5-independent
Cpne2	ENSMUSG00000034361	-0.862951159791432	5.43880687769812e-9	-0.963782390892766	2.78798323069412e-10	TRUE	0.895379670707687	0.895379670707687	-0.10083123110133396	Partially dependent
Tspan2	ENSMUSG00000027858	-0.541028656364083	4.3725542381977e-4	-0.354803730380319	0.0204471092440129	TRUE	1.5248674408923124	1.5248674408923124	0.18622492598376406	NFAT5-independent
Gm37422	ENSMUSG00000104435	0.838511198349133	1.64534211826852e-8	0.505513422009968	9.3193361598334e-4	TRUE	1.6587318196520584	1.6587318196520584	-0.33299777633916505	NFAT5-independent
Jrk	ENSMUSG00000046380	-0.639170878554947	3.98169580553023e-5	-0.413412978721664	0.00736594934926907	TRUE	1.5460832423098108	1.5460832423098108	0.22575789983328304	NFAT5-independent
Il15ra	ENSMUSG00000023206	-0.373909635909881	0.0117234323624392	-0.347511810143106	0.0182455864617267	TRUE	1.0759623845759496	1.0759623845759496	0.026397825766775018	NFAT5-independent
C77080	ENSMUSG00000050390	2.58521285795263	1.23798340807315e-47	1.00785877259143	1.62363360160923e-7	TRUE	2.5650546765649223	2.5650546765649223	-1.5773540853612	NFAT5-independent
Fam3a	ENSMUSG00000031399	-0.438229725163279	0.00478582050278631	-0.320895216389488	0.0371659112597638	TRUE	1.3656474225261612	1.3656474225261612	0.11733450877379104	NFAT5-independent
Abcg2	ENSMUSG00000029802	-0.920191086891278	7.11503322630894e-8	-0.635628814554473	1.5130560300378e-4	TRUE	1.4476862373463377	1.4476862373463377	0.2845622723368051	NFAT5-independent
Ift172	ENSMUSG00000038564	-0.780694794395415	8.76959562591438e-7	-0.469187450211281	0.00253457015540871	TRUE	1.6639294040022987	1.6639294040022987	0.311507344184134	NFAT5-independent
Rassf7	ENSMUSG00000038618	0.510759989318619	7.5751338982915e-4	0.328539515287604	0.0351834897391755	TRUE	1.5546379219300268	1.5546379219300268	-0.182220474031015	NFAT5-independent
Anapc10	ENSMUSG00000036977	-0.490074098109455	0.00164693573189461	-0.436499256163477	0.00495869647400819	TRUE	1.1227375332019196	1.1227375332019196	0.053574841945978	NFAT5-independent
Rpgrip1l	ENSMUSG00000033282	-0.749805137905644	2.19557970431532e-6	-0.418157028619141	0.0071052249560731	TRUE	1.7931185812700265	1.7931185812700265	0.33164810928650296	NFAT5-independent
Ggct	ENSMUSG00000002797	-0.672280348380605	1.63359748007805e-5	-0.438547917905759	0.00448106346896249	TRUE	1.5329689662899588	1.5329689662899588	0.23373243047484604	NFAT5-independent
Ptpre	ENSMUSG00000041836	-1.46018065027101	6.17836725946857e-18	-0.338254208008225	0.0286302070865637	TRUE	4.316814442218274	4.316814442218274	1.121926442262785	NFAT5-independent
Xdh	ENSMUSG00000024066	-0.922045116707006	9.94108738816583e-10	-0.305414538849608	0.037714583566804	TRUE	3.018995494386201	3.018995494386201	0.6166305778573979	NFAT5-independent
Ankrd33b	ENSMUSG00000022237	1.45465848410987	9.50788185849966e-21	0.582924258252839	3.8245762041107e-4	TRUE	2.4954502467778976	2.4954502467778976	-0.871734225857031	NFAT5-independent
Ccdc191	ENSMUSG00000022701	-0.637058198750721	7.62952181276706e-5	-0.596784953746192	2.3213197933877e-4	TRUE	1.0674836802632544	1.0674836802632544	0.040273245004529	NFAT5-independent
Dnajb13	ENSMUSG00000030708	-0.195380993888028	0.234143001267655	-0.574610362439481	1.6823901811005e-4	TRUE	0.3400234431181283	0.3400234431181283	-0.37922936855145306	Strongly NFAT5-dependent
Paqr4	ENSMUSG00000023909	-0.559127602823509	5.3395955131975e-4	-1.28548273996641	1.03623015284805e-12	TRUE	0.4349553560229982	0.4349553560229982	-0.7263551371429009	Strongly NFAT5-dependent
Ctns	ENSMUSG00000005949	0.379895346506151	0.0155000150184696	0.362442643094766	0.0192751054481188	TRUE	1.0481530077762449	1.0481530077762449	-0.017452703411384995	NFAT5-independent
Nr1d1	ENSMUSG00000020889	1.88421944664852	8.052956295110839e-30	1.66807514567152	7.107454849094159e-23	TRUE	1.1295770766310331	1.1295770766310331	-0.2161443009770001	NFAT5-independent
Eef1akmt4	ENSMUSG00000115219	-0.214117230512753	0.195049800713431	-0.36349741451098	0.0169054126210573	TRUE	0.5890474648927255	0.5890474648927255	-0.149380183998227	Strongly NFAT5-dependent
Ypel5	ENSMUSG00000039770	1.00195592864227	2.36067431937037e-11	1.30229147188085	2.6218743072882e-18	TRUE	0.7693791676261099	0.7693791676261099	0.30033554323858014	Partially dependent
Immp1l	ENSMUSG00000042670	-0.340597000088915	0.0336144917756044	-0.639110102091377	7.53487453675205e-5	TRUE	0.5329238248219992	0.5329238248219992	-0.29851310200246195	Strongly NFAT5-dependent
Mvk	ENSMUSG00000041939	-0.569233795924242	2.1142939841206e-4	-0.600667472860025	1.138444998331e-4	TRUE	0.9476687545837726	0.9476687545837726	-0.03143367693578303	Partially dependent
Sv2c	ENSMUSG00000051111	-0.71650954217768	1.26961317556511e-6	-0.421733809122403	0.00387493094145749	TRUE	1.6989615882793074	1.6989615882793074	0.29477573305527704	NFAT5-independent
Bloc1s5	ENSMUSG00000038982	-0.510733977289034	7.7105701275565e-4	-0.521812353575182	6.3266853623695e-4	TRUE	0.9787694250428439	0.9787694250428439	-0.01107837628614794	Partially dependent
Sclt1	ENSMUSG00000059834	-0.756264395622873	6.30514058196255e-6	-0.777027451980486	5.06904151608178e-6	TRUE	0.9732788638230321	0.9732788638230321	-0.020763056357612997	Partially dependent
Prickle1	ENSMUSG00000036158	0.241407625095856	0.160954132098636	0.414685331847731	0.00748410186453466	TRUE	0.5821465254635505	0.5821465254635505	0.17327770675187498	Strongly NFAT5-dependent
Uros	ENSMUSG00000030979	-0.797466095392556	1.0521212334046e-7	-0.68448750257959	5.91155026419137e-6	TRUE	1.165055742270224	1.165055742270224	0.11297859281296596	NFAT5-independent
Per3	ENSMUSG00000028957	1.06107718230908	3.7925264466013095e-11	0.839768712744501	2.99463227877499e-7	TRUE	1.2635350260208038	1.2635350260208038	-0.22130846956457906	NFAT5-independent
Gm38244	ENSMUSG00000104350	0.26640696194243	0.119012191219039	0.519246448342844	7.9261653216991e-4	TRUE	0.5130645819391891	0.5130645819391891	0.2528394864004139	Strongly NFAT5-dependent
Shld2	ENSMUSG00000041471	-0.687104618086002	3.7485115122904e-5	-0.632201625041006	1.528875174709e-4	TRUE	1.086844118822749	1.086844118822749	0.05490299304499602	NFAT5-independent
Mapk8	ENSMUSG00000021936	-0.598827324614806	1.0997619342072e-4	-0.395079549135892	0.0102489690557634	TRUE	1.5157132934988562	1.5157132934988562	0.20374777547891404	NFAT5-independent
Dedd	ENSMUSG00000013973	0.219297212650217	0.221553727429761	0.508952215020757	0.00148243673341595	TRUE	0.43087976862675254	0.43087976862675254	0.28965500237054004	Strongly NFAT5-dependent
Rhob	ENSMUSG00000054364	0.66981905403482	1.16268804062166e-5	0.605059791164926	9.1558483184747e-5	TRUE	1.1070295263633574	1.1070295263633574	-0.06475926286989397	NFAT5-independent
Mpv17	ENSMUSG00000107283	-0.463021251773566	0.00411423647505746	-0.583151841907653	3.5082931874937e-4	TRUE	0.7939977523845141	0.7939977523845141	-0.120130590134087	Partially dependent
Rcor2	ENSMUSG00000024968	1.48743457870455	1.55270289141702e-20	0.975368186794059	4.4950895461621106e-9	TRUE	1.5249980457058003	1.5249980457058003	-0.512066391910491	NFAT5-independent
Csgalnact2	ENSMUSG00000042042	-0.478505496358459	0.00167497863596303	-0.624296969045626	5.56393726052969e-5	TRUE	0.7664709586688511	0.7664709586688511	-0.14579147268716702	Partially dependent
Klhl24	ENSMUSG00000062901	1.76564626820683	3.36890517697861e-24	2.28630508626405	2.01326730145831e-40	TRUE	0.7722706295037791	0.7722706295037791	0.5206588180572203	Partially dependent
Spef2	ENSMUSG00000072663	-0.76148552818768	1.93082141906262e-6	-0.430913470922102	0.00601881192986518	TRUE	1.7671425461779933	1.7671425461779933	0.330572057265578	NFAT5-independent
Prdm16	ENSMUSG00000039410	-0.700272360993986	6.10332828123551e-6	-0.349521997758343	0.0218189151552934	TRUE	2.0035144153592	2.0035144153592	0.35075036323564307	NFAT5-independent
Tmub1	ENSMUSG00000028958	-0.411754444014662	0.0156572940769694	-0.828115287580847	2.79992822871026e-6	TRUE	0.4972187450101425	0.4972187450101425	-0.41636084356618497	Strongly NFAT5-dependent
Kctd11	ENSMUSG00000046731	0.770204820485243	1.50881169541249e-6	0.680068725562792	2.58574458131967e-5	TRUE	1.1325396853793839	1.1325396853793839	-0.090136094922451	NFAT5-independent
Prr7	ENSMUSG00000034686	0.610632538056081	9.37756442913804e-5	0.559420222532435	3.7367884556886e-4	TRUE	1.0915453418752248	1.0915453418752248	-0.051212315523646024	NFAT5-independent
Csrnp2	ENSMUSG00000044636	0.53254317694598	5.1822349859328e-4	0.372962440398735	0.0169536654378442	TRUE	1.427873478028074	1.427873478028074	-0.15958073654724497	NFAT5-independent
Csad	ENSMUSG00000023044	0.321612780018148	0.0474302664725795	0.364788246063991	0.0193335064951761	TRUE	0.88164238702398	0.88164238702398	0.04317546604584299	Partially dependent
Cgrrf1	ENSMUSG00000055128	0.839206675340677	8.97630578265736e-8	0.519687758561144	0.00118353662688109	TRUE	1.614828637996367	1.614828637996367	-0.31951891677953304	NFAT5-independent
Nat6	ENSMUSG00000079334	0.368932554678811	0.026641499541091	0.383751849509295	0.0178717437171064	TRUE	0.9613831311837754	0.9613831311837754	0.014819294830483998	Partially dependent
Gm37082	ENSMUSG00000102850	0.331189821776592	0.0635570108021088	0.343789566924523	0.0451753613570122	TRUE	0.9633504144391409	0.9633504144391409	0.012599745147930996	Strongly NFAT5-dependent
Pelo	ENSMUSG00000042275	0.717291389944179	2.08738739246934e-6	0.601353876405618	9.36619454581902e-5	TRUE	1.1927941567975529	1.1927941567975529	-0.11593751353856097	NFAT5-independent
Nmral1	ENSMUSG00000063445	-0.895611573621991	1.38330070176227e-8	-0.406822012944863	0.00754473038258047	TRUE	2.2014825774518108	2.2014825774518108	0.488789560677128	NFAT5-independent
Tk2	ENSMUSG00000035824	-0.856735115473562	1.30928011271654e-7	-0.42875414611333	0.00599603432549844	TRUE	1.9981966897344154	1.9981966897344154	0.42798096936023194	NFAT5-independent
Cdh17	ENSMUSG00000028217	0.676584459676335	2.6587385886952e-5	-0.733475535030508	1.0584141971882e-4	FALSE	-0.9224363013664706	0.9224363013664706	-1.410059994706843	NFAT5-independent (Opposite direction)
Mfsd4b4	ENSMUSG00000096687	-0.968566072508258	1.8098196959717801e-9	-0.706473614978785	8.91529735337488e-6	TRUE	1.3709869016655964	1.3709869016655964	0.26209245752947297	NFAT5-independent
Acot13	ENSMUSG00000006717	-0.647337967683243	4.11647720600488e-5	-0.365595063583206	0.018185654246435302	TRUE	1.7706419811544174	1.7706419811544174	0.28174290410003705	NFAT5-independent
Serhl	ENSMUSG00000058586	-0.801126384363148	4.66827846671922e-7	-0.432704962952489	0.00509552366610561	TRUE	1.8514379379815702	1.8514379379815702	0.368421421410659	NFAT5-independent
Lyrm4	ENSMUSG00000046573	-0.731773888691902	8.39160357905073e-6	-0.396597335762633	0.013507057097173	TRUE	1.8451306216788987	1.8451306216788987	0.33517655292926896	NFAT5-independent
Fam69b	ENSMUSG00000036186	-0.632500720496538	5.63472444415145e-5	-0.399224247395685	0.00991548850972565	TRUE	1.5843244107105665	1.5843244107105665	0.23327647310085303	NFAT5-independent
Ppp1r3b	ENSMUSG00000046794	-0.659596272164298	3.82163065077237e-5	-0.416715046011573	0.00838677160112403	TRUE	1.5828472681209107	1.5828472681209107	0.24288122615272495	NFAT5-independent
Neil1	ENSMUSG00000032298	-0.596987938926725	1.1147429605923e-4	-0.649375817817574	3.52082476360274e-5	TRUE	0.9193257933950874	0.9193257933950874	-0.05238787889084906	Partially dependent
Zbtb4	ENSMUSG00000018750	0.343121993610625	0.0420703908581069	0.50385288014949	0.00186484138279746	TRUE	0.6809963922580393	0.6809963922580393	0.16073088653886503	Partially dependent
B3galt4	ENSMUSG00000067370	1.45506981227971	2.3020477526172602e-17	1.2554104944882	7.482347167963049e-13	TRUE	1.1590390702229283	1.1590390702229283	-0.19965931779151003	NFAT5-independent
Rab11b-ps2	ENSMUSG00000095690	0.425581202061234	0.00629882398425069	0.419019889407409	0.00670844880727988	TRUE	1.0156587141080684	1.0156587141080684	-0.0065613126538250355	NFAT5-independent
Tfb1m	ENSMUSG00000036983	-1.41353817078008	9.34600101298079e-17	-0.945118977628168	7.149908413452921e-9	TRUE	1.4956192862907458	1.4956192862907458	0.46841919315191205	NFAT5-independent
Daam1	ENSMUSG00000034574	1.18329229723213	1.75417459377789e-10	1.06489813360849	1.48070079639179e-8	TRUE	1.1111788629232096	1.1111788629232096	-0.11839416362364008	NFAT5-independent
Zcchc3	ENSMUSG00000074682	0.594163971855703	5.0517215051848e-4	0.376050940424404	0.0282136379887354	TRUE	1.5800092699811912	1.5800092699811912	-0.218113031431299	NFAT5-independent
Usp28	ENSMUSG00000032267	0.484838511775809	0.00304562527003057	0.500245718561207	0.00202658945089244	TRUE	0.9692007223375908	0.9692007223375908	0.015407206785398031	Partially dependent
AC163032.1	ENSMUSG00000113831	1.02716094099335	1.40582741939116e-10	0.398737768470977	0.0159576286145402	TRUE	2.576031222053935	2.576031222053935	-0.628423172522373	NFAT5-independent
Ganc	ENSMUSG00000062646	-0.535287863048821	8.0487074776169e-4	-0.409235112211435	0.0103070883362835	TRUE	1.3080203703837117	1.3080203703837117	0.12605275083738604	NFAT5-independent
Saysd1	ENSMUSG00000045107	0.192885448131076	0.308864179730294	0.505247208838234	0.00219170067966089	TRUE	0.38176450014359703	0.38176450014359703	0.31236176070715804	Strongly NFAT5-dependent
Dcp1b	ENSMUSG00000041477	-1.06225163576808	1.12358951179352e-8	-0.689600704653629	1.3730968144325e-4	TRUE	1.5403865288995393	1.5403865288995393	0.372650931114451	NFAT5-independent
Wdr34	ENSMUSG00000039715	-1.0511886571548	2.15893735952635e-9	-1.16766218108293	1.35410562152363e-10	TRUE	0.9002506668323295	0.9002506668323295	-0.11647352392813004	Partially dependent
Chrm4	ENSMUSG00000040495	2.25870041411097	1.13586458143212e-40	1.19123050663439	8.1637409259646e-11	TRUE	1.896106926015962	1.896106926015962	-1.06746990747658	NFAT5-independent
Sec22a	ENSMUSG00000034473	-0.490894930753661	0.00360451336276187	-0.523439741569381	0.00192351255408436	TRUE	0.9378251052964685	0.9378251052964685	-0.03254481081572003	Partially dependent
Gsdme	ENSMUSG00000029821	-0.561439295742797	9.7656205133363e-4	-0.577380692012982	7.4083816867e-4	TRUE	0.9723901465866363	0.9723901465866363	-0.015941396270184982	Partially dependent
Enox2	ENSMUSG00000031109	-1.56611811874106	9.11537854159905e-20	-1.07928528962606	6.43681398851615e-11	TRUE	1.4510696419143014	1.4510696419143014	0.4868328291149999	NFAT5-independent
Tbc1d19	ENSMUSG00000039178	-0.932164885530714	1.4610983871836e-8	-0.807144489479752	1.11316883091923e-6	TRUE	1.154892212832357	1.154892212832357	0.12502039605096193	NFAT5-independent
Cd83	ENSMUSG00000015396	0.0219471762742226	0.926020491864512	-0.578033906289025	5.713251162624e-4	FALSE	-0.03796866591291049	0.03796866591291049	-0.5999810825632476	Strongly NFAT5-dependent
Zdhhc24	ENSMUSG00000006463	-0.892180397478818	2.25066392969335e-8	-0.686447683658638	1.44375199363408e-5	TRUE	1.2997063268152689	1.2997063268152689	0.2057327138201801	NFAT5-independent
2610044O15Rik8	ENSMUSG00000071302	0.337076843312318	0.0555337715076702	0.42565875267851	0.0114507381352657	TRUE	0.7918945427322253	0.7918945427322253	0.08858190936619198	Strongly NFAT5-dependent
Lin52	ENSMUSG00000085793	-0.122312271013582	0.510478466468513	-0.35828088541708	0.0216391748830035	TRUE	0.3413865377473222	0.3413865377473222	-0.23596861440349798	Strongly NFAT5-dependent
Naglu	ENSMUSG00000001751	-1.52575996569244	9.73354694551207e-20	-1.42723701983012	4.00185319420667e-17	TRUE	1.0690305425752247	1.0690305425752247	0.09852294586232002	NFAT5-independent
Ndufaf3	ENSMUSG00000070283	-1.13271446108539	1.38196486853762e-10	-0.678374517677822	6.52565631620997e-5	TRUE	1.6697479512686326	1.6697479512686326	0.4543399434075681	NFAT5-independent
Dip2c	ENSMUSG00000048264	-0.997763614807521	3.2547975784270502e-9	-0.826373572180542	8.98334069478996e-7	TRUE	1.2074001981630829	1.2074001981630829	0.171390042626979	NFAT5-independent
Megf9	ENSMUSG00000039270	-0.649350696651934	2.87183102544257e-5	-0.638376411712921	4.86165069196059e-5	TRUE	1.01719093114604	1.01719093114604	0.01097428493901298	NFAT5-independent
B3gntl1	ENSMUSG00000046605	-0.946172314600678	2.29746716738937e-8	-0.546981600678748	8.3914042278723e-4	TRUE	1.7298064750744362	1.7298064750744362	0.39919071392192995	NFAT5-independent
Uprt	ENSMUSG00000073016	-0.541959343929218	6.7182075431083e-4	-0.600221577683841	1.9981715500253e-4	TRUE	0.9029321238675763	0.9029321238675763	-0.05826223375462303	Partially dependent
Hmgn2-ps1	ENSMUSG00000079067	-0.00965433402479366	0.968689212415079	-0.455969028321777	0.00586513938304979	TRUE	0.021173223234760157	0.021173223234760157	-0.44631469429698334	Strongly NFAT5-dependent
Ccdc91	ENSMUSG00000030301	-0.714344393300772	4.07234017022783e-6	-0.689820606213275	1.13359591401166e-5	TRUE	1.0355509633470052	1.0355509633470052	0.02452378708749703	NFAT5-independent
Ctbp2	ENSMUSG00000030970	1.01982839115739	9.272538440765981e-10	0.611258733092929	3.4206688385798e-4	TRUE	1.6684070687990427	1.6684070687990427	-0.408569658064461	NFAT5-independent
Ctsl	ENSMUSG00000021477	1.00945713761244	5.93304617502898e-10	0.989765359093772	2.1267786871416e-9	TRUE	1.0198954008015575	1.0198954008015575	-0.01969177851866799	NFAT5-independent
Gm38346	ENSMUSG00000102352	0.235511959162841	0.174439558981031	0.703765243413606	5.8529981968151e-6	TRUE	0.33464562418640154	0.33464562418640154	0.468253284250765	Strongly NFAT5-dependent
Pde4c	ENSMUSG00000031842	-0.358601122567773	0.0326939838556621	-0.347715400238895	0.0345520900821698	TRUE	1.0313064141576676	1.0313064141576676	0.010885722328877967	NFAT5-independent
Homer3	ENSMUSG00000003573	0.680945823109052	3.36203437223316e-5	0.65034178900203	7.82804538703755e-5	TRUE	1.0470583847210324	1.0470583847210324	-0.03060403410702206	NFAT5-independent
Mettl25	ENSMUSG00000036009	0.679583663813528	1.43568885160557e-5	0.438472556796708	0.00610759358158877	TRUE	1.5498887063269684	1.5498887063269684	-0.24111110701681998	NFAT5-independent
B3gnt3	ENSMUSG00000031803	0.495891300743369	0.00386413538550083	0.478396737139278	0.00497404243152858	TRUE	1.0365691532695336	1.0365691532695336	-0.017494563604091018	NFAT5-independent
Lig4	ENSMUSG00000049717	0.937816751322811	3.66693361951222e-9	0.649991161144768	6.43138333597784e-5	TRUE	1.4428146217728914	1.4428146217728914	-0.287825590178043	NFAT5-independent
Lrfn1	ENSMUSG00000030600	1.36482121484766	1.14008416885823e-16	1.05192868721541	5.13084580011264e-10	TRUE	1.2974465203154755	1.2974465203154755	-0.31289252763224984	NFAT5-independent
Cep72	ENSMUSG00000021572	-1.41945434593359	4.81838421426673e-17	-1.09417291381039	4.41980177584385e-11	TRUE	1.2972852170050777	1.2972852170050777	0.32528143212320004	NFAT5-independent
Zkscan5	ENSMUSG00000055991	-0.474535833171775	0.00321249350306267	-0.460592673090062	0.00396459042069305	TRUE	1.0302722142498923	1.0302722142498923	0.01394316008171298	NFAT5-independent
3110001I22Rik	ENSMUSG00000079737	0.407675478301505	0.0109657438629906	0.416282862053941	0.00833464168082316	TRUE	0.9793232329816147	0.9793232329816147	0.008607383752435971	Partially dependent
Wdr45	ENSMUSG00000039382	0.198750756520536	0.279957591876379	0.390284876713889	0.016229666174275	TRUE	0.5092453445646491	0.5092453445646491	0.191534120193353	Strongly NFAT5-dependent
Ccdc15	ENSMUSG00000034303	-0.66976426949681	1.0513486265868e-4	-0.807555743391908	5.4175806949059e-6	TRUE	0.8293721826355365	0.8293721826355365	-0.13779147389509805	Partially dependent
Haghl	ENSMUSG00000061046	0.368645014265789	0.0313391964478194	0.632920848893611	1.2375543057348e-4	TRUE	0.5824504200014989	0.5824504200014989	0.264275834627822	Strongly NFAT5-dependent
Slfn8	ENSMUSG00000035208	-0.482038518286583	0.00352360463388483	-0.356788713551116	0.0292408833517448	TRUE	1.3510475527346602	1.3510475527346602	0.12524980473546699	NFAT5-independent
Crmp1	ENSMUSG00000029121	0.179436836441249	0.323329583511118	-0.761200818939094	1.96667570058645e-5	FALSE	-0.2357286434496155	0.2357286434496155	-0.9406376553803429	Strongly NFAT5-dependent
Nme4	ENSMUSG00000024177	-1.31470933036267	9.48289428043942e-16	-0.884620901394295	2.19800343581744e-8	TRUE	1.4861838876862297	1.4861838876862297	0.43008842896837507	NFAT5-independent
Ppp4r1l-ps	ENSMUSG00000055897	-1.64039623538718	2.9024385625769102e-21	-1.66156626825848	1.15400071040998e-20	TRUE	0.9872589897401511	0.9872589897401511	-0.021170032871300037	Partially dependent
Ptgr1	ENSMUSG00000028378	0.126296016953656	0.509594489604371	0.591824696304677	9.3176189195244e-5	TRUE	0.21340105903359868	0.21340105903359868	0.46552867935102105	Strongly NFAT5-dependent
Sytl2	ENSMUSG00000030616	-1.82241892320162	2.27816595739947e-25	-1.06500481089264	4.4250179145070395e-11	TRUE	1.711183747305469	1.711183747305469	0.7574141123089799	NFAT5-independent
Klrc2	ENSMUSG00000052736	0.949353161863972	5.83827721297784e-8	0.603776122217327	6.6637374843906e-4	TRUE	1.5723595666180648	1.5723595666180648	-0.345577039646645	NFAT5-independent
Gm26546	ENSMUSG00000096945	0.630892630865802	2.2604448571224e-4	0.441245932786364	0.0102832811234755	TRUE	1.4297981782673075	1.4297981782673075	-0.18964669807943807	NFAT5-independent
Castor1	ENSMUSG00000020424	-1.41042871239085	1.7920288412919702e-17	-0.980015185678023	1.02956942212463e-9	TRUE	1.4391906707190927	1.4391906707190927	0.43041352671282707	NFAT5-independent
Magee1	ENSMUSG00000031227	0.438670218974627	0.00806658158057437	0.402667199948844	0.0141919451341511	TRUE	1.0894113526762472	1.0894113526762472	-0.03600301902578301	NFAT5-independent
Rgs11	ENSMUSG00000024186	-0.873135857534551	1.71231357626751e-8	-0.545898340129981	3.1561871287068e-4	TRUE	1.5994477237770193	1.5994477237770193	0.3272375174045701	NFAT5-independent
Fgfbp3	ENSMUSG00000047632	0.396503286431341	0.0145622718647366	0.369839944434867	0.0211776779224562	TRUE	1.0720942732057155	1.0720942732057155	-0.026663341996473966	NFAT5-independent
Zbp1	ENSMUSG00000027514	-1.27021333512638	1.64629185853245e-12	-0.658384023196648	1.1696000331584e-4	TRUE	1.9292894274060917	1.9292894274060917	0.611829311929732	NFAT5-independent
Grb7	ENSMUSG00000019312	1.32095885082158	2.24701473053228e-14	1.01608036685039	9.718961291676532e-9	TRUE	1.3000535134009543	1.3000535134009543	-0.30487848397119	NFAT5-independent
Klc4	ENSMUSG00000003546	0.341208300075664	0.0531755659823546	0.524964685177553	0.00192527672572466	TRUE	0.6499642922842722	0.6499642922842722	0.18375638510188902	Strongly NFAT5-dependent
Zfp518b	ENSMUSG00000046572	0.539346207987762	6.5252105354833e-4	0.567412826077516	3.3615804768717e-4	TRUE	0.9505358060307229	0.9505358060307229	0.02806661808975397	Partially dependent
Syngap1	ENSMUSG00000067629	0.707623515266602	2.65333747855224e-5	0.724963315878798	1.8162672193903e-5	TRUE	0.9760818234076069	0.9760818234076069	0.017339800612195977	Partially dependent
Fbxl15	ENSMUSG00000025226	0.960589051262221	2.82414296420477e-8	0.866457689787745	7.8494597958692e-7	TRUE	1.1086393052816408	1.1086393052816408	-0.0941313614744761	NFAT5-independent
Usp49	ENSMUSG00000090115	-0.336136057309124	0.0465825589444035	-0.402432782362481	0.0147488519259981	TRUE	0.8352601280040801	0.8352601280040801	-0.06629672505335699	Partially dependent
Ppm1l	ENSMUSG00000027784	1.29608256058471	1.05481550746063e-14	1.44039366391533	1.19405207245167e-17	TRUE	0.899811345366274	0.899811345366274	0.14431110333062014	Partially dependent
Arhgef25	ENSMUSG00000019467	0.83676847703391	9.1852008100944e-7	0.756785301276042	1.15388608504809e-5	TRUE	1.1056880671744094	1.1056880671744094	-0.07998317575786795	NFAT5-independent
Zfp599	ENSMUSG00000062794	0.257087309434015	0.154953934202051	0.348084405960903	0.0372605831984829	TRUE	0.7385774973869158	0.7385774973869158	0.09099709652688803	Strongly NFAT5-dependent
Siae	ENSMUSG00000001942	-1.54640156416388	2.5533293807877503e-15	-0.70810567902252	9.25636657823787e-5	TRUE	2.18385702865504	2.18385702865504	0.83829588514136	NFAT5-independent
Arhgef10	ENSMUSG00000071176	0.189369702210594	0.330314898610589	0.937866074227269	1.34075739858555e-8	TRUE	0.20191550522458163	0.20191550522458163	0.748496372016675	Strongly NFAT5-dependent
Gm13577	ENSMUSG00000082127	-0.435629678463705	0.00960131098901722	-0.396918689630936	0.0170443191046712	TRUE	1.0975287630541242	1.0975287630541242	0.03871098883276897	NFAT5-independent
Asb2	ENSMUSG00000021200	0.220293110007185	0.421329089510663	-0.593946334108875	0.0394555088845416	FALSE	-0.3708973308804084	0.3708973308804084	-0.81423944411606	Strongly NFAT5-dependent
D3Ertd254e	ENSMUSG00000033883	1.15266953420927	4.04448172968942e-11	0.938093479216533	1.37622043588956e-7	TRUE	1.2287363250536019	1.2287363250536019	-0.21457605499273713	NFAT5-independent
Syde2	ENSMUSG00000036863	0.979977647307369	8.12516717828259e-9	0.816079813493615	2.30458056056342e-6	TRUE	1.2008355446412917	1.2008355446412917	-0.163897833813754	NFAT5-independent
Tldc1	ENSMUSG00000034105	-1.15067424017925	4.88954163671079e-11	-1.18434504051298	5.21918905400042e-11	TRUE	0.9715701090628571	0.9715701090628571	-0.033670800333730044	Partially dependent
Ghdc	ENSMUSG00000017747	-0.709917402773254	3.58779581739459e-5	-0.846763621962466	1.75660479724015e-6	TRUE	0.8383891139866683	0.8383891139866683	-0.13684621918921203	Partially dependent
Scamp1	ENSMUSG00000021687	-1.35466124629126	4.899322308367061e-15	-0.801923839386754	1.21356827536567e-6	TRUE	1.689264216570983	1.689264216570983	0.5527374069045059	NFAT5-independent
Atat1	ENSMUSG00000024426	0.535271578150162	0.00174968027072099	0.411861084364533	0.015808643537804	TRUE	1.2996410645983731	1.2996410645983731	-0.12341049378562902	NFAT5-independent
9130019O22Rik	ENSMUSG00000030823	0.63882412121454	5.307825012324e-4	0.846552858688575	4.43332066316486e-6	TRUE	0.7546181135152802	0.7546181135152802	0.20772873747403497	Partially dependent
Plxdc2	ENSMUSG00000026748	1.0480649544066	5.2186800951486205e-9	0.751043647095491	3.77565994342406e-5	TRUE	1.3954780903344017	1.3954780903344017	-0.2970213073111091	NFAT5-independent
Rtl6	ENSMUSG00000055745	-0.436965942102268	0.00835340176766101	-0.342656905272748	0.0360444243105747	TRUE	1.2752287649199772	1.2752287649199772	0.09430903682952002	NFAT5-independent
Nanos1	ENSMUSG00000072437	0.583755598616117	0.00139562007950025	0.782382228406595	1.76042429690903e-5	TRUE	0.7461258415915168	0.7461258415915168	0.19862662979047796	Partially dependent
Gm45223	ENSMUSG00000109429	0.908320429793218	3.31147377041882e-7	0.661463352792864	2.4773455879685e-4	TRUE	1.3731984182616643	1.3731984182616643	-0.24685707700035409	NFAT5-independent
Acsl3	ENSMUSG00000032883	0.69054976255737	4.2717399379659e-5	0.371922276189398	0.029663281605773	TRUE	1.8567044965215094	1.8567044965215094	-0.318627486367972	NFAT5-independent
Ears2	ENSMUSG00000030871	-0.672817304658795	1.3733937208599e-4	-0.541004330844494	0.0019810651491849	TRUE	1.243644951249363	1.243644951249363	0.13181297381430102	NFAT5-independent
Nr2f6	ENSMUSG00000002393	0.450850706647296	0.0107643025634327	0.514123734570847	0.00311373128520306	TRUE	0.8769303502854877	0.8769303502854877	0.06327302792355105	Partially dependent
Tanc2	ENSMUSG00000053580	0.30245826122713	0.0910111120086774	1.64019783779208	2.52875133714349e-24	TRUE	0.18440352392750267	0.18440352392750267	1.33773957656495	Strongly NFAT5-dependent
Yae1d1	ENSMUSG00000075054	-0.245369466077373	0.165188645280011	-0.330939551195033	0.0460846081380897	TRUE	0.7414328846199744	0.7414328846199744	-0.08557008511765998	Strongly NFAT5-dependent
Pygm	ENSMUSG00000032648	0.83929095527121	2.67517879225713e-7	0.410205629029973	0.0140288120081943	TRUE	2.0460249588868624	2.0460249588868624	-0.429085326241237	NFAT5-independent
Glis2	ENSMUSG00000014303	1.11392601724615	2.59654417074728e-12	0.391282093600071	0.018395903566649	TRUE	2.8468617283179145	2.8468617283179145	-0.7226439236460791	NFAT5-independent
Ppm1k	ENSMUSG00000037826	0.146910751696862	0.480197485079618	0.4005060310687	0.0196251185632026	TRUE	0.3668128325180251	0.3668128325180251	0.253595279371838	Strongly NFAT5-dependent
Gm29170	ENSMUSG00000100455	0.333705447871048	0.0572326256308096	0.342277683017642	0.043180260106314	TRUE	0.9749553196953475	0.9749553196953475	0.008572235146593998	Strongly NFAT5-dependent
Ciart	ENSMUSG00000038550	0.74768203390732	6.17194808923935e-6	0.785108130300241	2.47347149509747e-6	TRUE	0.9523300104170257	0.9523300104170257	0.03742609639292094	Partially dependent
Ext1	ENSMUSG00000061731	-0.529147189596207	0.00153443502443006	-0.677704670537244	7.33431355761309e-5	TRUE	0.7807931870629289	0.7807931870629289	-0.14855748094103705	Partially dependent
Idua	ENSMUSG00000033540	-1.85551183226985	1.08500814014286e-24	-1.32436865818351	1.42771139998943e-14	TRUE	1.4010538688033063	1.4010538688033063	0.5311431740863402	NFAT5-independent
Rasgrp4	ENSMUSG00000030589	-1.1186482250806	2.72812861479348e-10	-1.04431833248566	5.560912614930241e-9	TRUE	1.071175512564279	1.071175512564279	0.07432989259494005	NFAT5-independent
Slc39a7	ENSMUSG00000024327	0.252336100524732	0.175416989971352	0.473132929289458	0.00544125400627272	TRUE	0.533330243793611	0.533330243793611	0.220796828764726	Strongly NFAT5-dependent
Gm47071	ENSMUSG00000114493	-0.0565555037787323	0.802039239096876	0.569904096458653	8.994153276905e-4	FALSE	-0.0992368788541169	0.0992368788541169	0.6264596002373853	Strongly NFAT5-dependent
Gm26541	ENSMUSG00000097889	-0.985895200937628	1.02903810849783e-8	-0.686929235105498	4.6532446427757e-5	TRUE	1.4352209085790548	1.4352209085790548	0.29896596583213	NFAT5-independent
3010003L21Rik	ENSMUSG00000085355	0.663302545000592	6.22427414127661e-5	0.814438536553258	9.09542389201125e-7	TRUE	0.8144292236068782	0.8144292236068782	0.151135991552666	Partially dependent
Tctn3	ENSMUSG00000025008	-0.764196063917049	7.29385952153344e-6	-0.622066603503828	2.4773455879685e-4	TRUE	1.2284794901585587	1.2284794901585587	0.14212946041322094	NFAT5-independent
Rell1	ENSMUSG00000047881	0.0412646317445934	0.873335498664694	0.544477175566279	0.0013232410807135	TRUE	0.07578762452563133	0.07578762452563133	0.5032125438216856	Strongly NFAT5-dependent
Gna15	ENSMUSG00000034792	0.40280358209511	0.0131338416539089	0.377724269217405	0.0183818157045805	TRUE	1.066395820765412	1.066395820765412	-0.02507931287770504	NFAT5-independent
Tespa1	ENSMUSG00000034833	0.0350658130887311	0.879859204338269	-0.388035513348027	0.020587832796188	FALSE	-0.0903675356571829	0.0903675356571829	-0.4231013264367581	Strongly NFAT5-dependent
Cuedc1	ENSMUSG00000018378	-0.411891054994079	0.0110180514119427	-0.899359431889735	1.38873430471167e-7	TRUE	0.45798269344728293	0.45798269344728293	-0.487468376895656	Strongly NFAT5-dependent
Megf8	ENSMUSG00000045039	1.74311530646313	2.4714834296466297e-16	1.41994000413993	6.07797977419794e-11	TRUE	1.2275978572199957	1.2275978572199957	-0.3231753023232	NFAT5-independent
Lipo3	ENSMUSG00000024766	-0.911337075714192	3.56949437562383e-8	-0.742084648206785	6.82527258321545e-6	TRUE	1.2280769827490678	1.2280769827490678	0.169252427507407	NFAT5-independent
Cpm	ENSMUSG00000020183	-0.170362614340315	0.36729130066665	-0.796800544313311	6.39204349491253e-6	TRUE	0.213808355875478	0.213808355875478	-0.6264379299729961	Strongly NFAT5-dependent
Gm43737	ENSMUSG00000105692	0.671002452328518	6.08618486421193e-5	0.366147098604123	0.0317759467101127	TRUE	1.8326034942967104	1.8326034942967104	-0.304855353724395	NFAT5-independent
Slc25a23	ENSMUSG00000046329	0.414910874347168	0.011422735126718	0.667844757410692	3.04816857016008e-5	TRUE	0.6212684456127548	0.6212684456127548	0.25293388306352405	Strongly NFAT5-dependent
Plekhg3	ENSMUSG00000052609	-1.31416124669799	7.760015187863431e-14	-0.732039289025234	1.18862941920764e-5	TRUE	1.7952058945468565	1.7952058945468565	0.582121957672756	NFAT5-independent
AC113595.1	ENSMUSG00000115902	-0.0461719195008944	0.843632726047494	0.352412762365067	0.0318331205692392	FALSE	-0.13101659313082584	0.13101659313082584	0.3985846818659614	Strongly NFAT5-dependent
Gata3	ENSMUSG00000015619	-0.0387436711381592	0.86934919518805	-0.680264087009535	1.6248470464488e-4	TRUE	0.05695386817857422	0.05695386817857422	-0.6415204158713758	Strongly NFAT5-dependent
Nudt2	ENSMUSG00000028443	-0.639336336610837	2.0432894359097e-4	-0.57773695010744	7.9261653216991e-4	TRUE	1.1066218570440087	1.1066218570440087	0.061599386503397024	NFAT5-independent
Serpinf1	ENSMUSG00000000753	-0.750868709244344	3.64185614609313e-5	-0.801520336870655	1.4845387248597e-5	TRUE	0.9368055615106807	0.9368055615106807	-0.050651627626311035	Partially dependent
Trim66	ENSMUSG00000031026	1.00638487605917	9.314489425199992e-9	0.581951008384948	0.00106936499859279	TRUE	1.7293292073711268	1.7293292073711268	-0.4244338676742221	NFAT5-independent
Mtcp1	ENSMUSG00000031200	-0.505362697655189	0.00510468872807441	-0.401894465694237	0.0231665761468358	TRUE	1.2574512485067937	1.2574512485067937	0.10346823196095206	NFAT5-independent
Selenon	ENSMUSG00000050989	-1.16764107428606	2.08424908647668e-10	-0.58569143318686	7.5543004886472e-4	TRUE	1.9936113252206877	1.9936113252206877	0.5819496410991999	NFAT5-independent
Eomes	ENSMUSG00000032446	1.54509175295217	4.08727567176927e-17	0.626458650505988	9.4881670727993e-4	TRUE	2.4663906415917567	2.4663906415917567	-0.9186331024461819	NFAT5-independent
Rbm12b1	ENSMUSG00000046667	0.215198237127061	0.272967869405038	0.37073012115732	0.032846737467757	TRUE	0.5804714126148418	0.5804714126148418	0.15553188403025903	Strongly NFAT5-dependent
Msc	ENSMUSG00000025930	0.0995797838607272	0.649887031937875	1.23220159366518	1.38311475204269e-13	TRUE	0.0808145228610908	0.0808145228610908	1.1326218098044527	Strongly NFAT5-dependent
2810006K23Rik	ENSMUSG00000047635	-1.01385270784568	7.61010570296583e-9	-0.9318990044032	1.53002897248902e-7	TRUE	1.0879426880544467	1.0879426880544467	0.0819537034424801	NFAT5-independent
Gm21781	ENSMUSG00000095123	0.699924065995946	1.59728786089943e-5	0.486912499152004	0.00305320138367809	TRUE	1.4374740168201026	1.4374740168201026	-0.213011566843942	NFAT5-independent
Arl15	ENSMUSG00000042348	0.329891780085499	0.0578617038371843	0.676057303977193	4.18792501909558e-5	TRUE	0.48796422750670854	0.48796422750670854	0.34616552389169397	Strongly NFAT5-dependent
Churc1	ENSMUSG00000090258	-0.708395593536191	2.5734637663916e-5	-0.559595127574773	8.1974776126834e-4	TRUE	1.2659073652165338	1.2659073652165338	0.14880046596141794	NFAT5-independent
Thap6	ENSMUSG00000102644	-0.658188926765625	6.52031047519494e-5	-0.659425876406126	8.36439665778129e-5	TRUE	0.9981242021510554	0.9981242021510554	-0.0012369496405010283	Partially dependent
Cryz	ENSMUSG00000028199	-0.56157338460908	0.0014863506381025	-0.563509193473328	0.0014879193649965	TRUE	0.9965647253200678	0.9965647253200678	-0.0019358088642479343	Partially dependent
Cpeb2	ENSMUSG00000039782	0.612052472351038	1.4224658641569e-4	0.578345688706512	3.5302742544e-4	TRUE	1.0582813779072378	1.0582813779072378	-0.03370678364452595	NFAT5-independent
Dcun1d4	ENSMUSG00000051674	0.659994931772146	7.51400907447819e-5	0.949237724983881	1.08600426339786e-8	TRUE	0.6952894036984817	0.6952894036984817	0.28924279321173507	Partially dependent
Dusp19	ENSMUSG00000027001	-1.3325982429949501	3.8131735023033595e-12	-0.977354960347534	1.78120637107198e-7	TRUE	1.3634741696313655	1.3634741696313655	0.3552432826474161	NFAT5-independent
Dnase2a	ENSMUSG00000003812	0.108203481267901	0.602104097510828	0.518838905150634	0.00112411540705964	TRUE	0.20854928224105782	0.20854928224105782	0.410635423882733	Strongly NFAT5-dependent
Zdhhc1	ENSMUSG00000039199	-0.435906913648901	0.00857833150901941	-0.597124511606354	3.8737442278027e-4	TRUE	0.7300100819446288	0.7300100819446288	-0.16121759795745305	Partially dependent
Trp73	ENSMUSG00000029026	-0.205304860381881	0.288910915000361	0.420866242476919	0.012147001753399	FALSE	-0.48781498647551963	0.48781498647551963	0.6261711028588	Strongly NFAT5-dependent
Stxbp1	ENSMUSG00000026797	0.364899532383822	0.0417498040170379	0.41754568848976	0.0158203027279952	TRUE	0.8739152204005357	0.8739152204005357	0.05264615610593798	Partially dependent
Pard6b	ENSMUSG00000044641	0.316372487124233	0.0978967255895528	0.479740095152737	0.00783492178802639	TRUE	0.6594664284283098	0.6594664284283098	0.16336760802850403	Strongly NFAT5-dependent
Arl10	ENSMUSG00000025870	0.644800178619803	5.1451771424265e-4	0.612404154588972	9.6632003128951e-4	TRUE	1.0528997456795084	1.0528997456795084	-0.03239602403083097	NFAT5-independent
Rtn2	ENSMUSG00000030401	3.28850047239403	1.1335101387255e-50	2.31560986924233	5.05178909904768e-24	TRUE	1.4201444362776148	1.4201444362776148	-0.9728906031517002	NFAT5-independent
Hist2h4	ENSMUSG00000091405	-0.464361729086222	0.0158903838700972	-0.378927556093014	0.0426348586587625	TRUE	1.2254630776238316	1.2254630776238316	0.08543417299320799	NFAT5-independent
Prpf40b	ENSMUSG00000023007	-0.270357044891084	0.182812438756871	-0.580604333612551	0.00335094325547975	TRUE	0.46564765235028144	0.46564765235028144	-0.31024728872146706	Strongly NFAT5-dependent
Ier5l	ENSMUSG00000089762	0.494673174617414	0.00375138367652794	0.507690757884907	0.00271901685374917	TRUE	0.9743592274129125	0.9743592274129125	0.013017583267493027	Partially dependent
Pigp	ENSMUSG00000022940	-0.549253853784013	0.00192253170917709	-0.454537699902379	0.00966594827185114	TRUE	1.2083790935316832	1.2083790935316832	0.09471615388163401	NFAT5-independent
Zfp991	ENSMUSG00000067916	-1.20946176813242	2.3922554793566904e-9	-1.22950792125714	2.76219248568459e-9	TRUE	0.9836957918056979	0.9836957918056979	-0.020046153124720023	Partially dependent
Prdm11	ENSMUSG00000075028	-0.29440125467604	0.0987046256167282	-0.448688081610374	0.00929788336310654	TRUE	0.6561378978898049	0.6561378978898049	-0.154286826934334	Strongly NFAT5-dependent
Atp6v0a1	ENSMUSG00000019302	-1.57004442344406	3.4944151922692005e-16	-2.22783980937407	3.71411261781229e-24	TRUE	0.7047384721458843	0.7047384721458843	-0.6577953859300099	Partially dependent
Arrdc3	ENSMUSG00000074794	-1.73388071203846	6.61241002874075e-21	-1.61652841932743	4.51055988422913e-18	TRUE	1.072595254935175	1.072595254935175	0.11735229271102998	NFAT5-independent
Fam120c	ENSMUSG00000025262	-1.50449879038895	1.65865571397004e-17	-1.53237810012295	4.0494469180498704e-17	TRUE	0.9818065073288615	0.9818065073288615	-0.02787930973399999	Partially dependent
Slc35e4	ENSMUSG00000048807	1.11962039166946	1.28476777164924e-9	0.79688661612854494	2.06633852639481e-5	TRUE	1.404993344108135	1.404993344108135	-0.3227337755409151	NFAT5-independent
Sox12	ENSMUSG00000051817	1.08348180292104	7.59964507155583e-10	0.953406450090825	1.01806770996868e-7	TRUE	1.1364322140025627	1.1364322140025627	-0.13007535283021499	NFAT5-independent
Osgepl1	ENSMUSG00000026096	-0.182896450159246	0.337966240702933	-0.4129014248013	0.0151261813749406	TRUE	0.4429542723115112	0.4429542723115112	-0.230004974642054	Strongly NFAT5-dependent
Cmc1	ENSMUSG00000039163	-0.786904551616004	6.91796845790462e-6	-0.583906184935152	7.2094286569814e-4	TRUE	1.347655791149732	1.347655791149732	0.20299836668085203	NFAT5-independent
Trim68	ENSMUSG00000073968	-1.30744532612357	2.2821248515654498e-12	-1.02710731550989	2.19406957704959e-8	TRUE	1.2729393573392191	1.2729393573392191	0.2803380106136799	NFAT5-independent
Zfp606	ENSMUSG00000030386	0.379863259786742	0.0300572445907793	0.367575785256143	0.0312837410586711	TRUE	1.033428411292209	1.033428411292209	-0.01228747453059903	NFAT5-independent
Ethe1	ENSMUSG00000064254	-0.189669287832207	0.302616030752333	-0.496874904675218	0.00327825163363949	TRUE	0.3817244261031541	0.3817244261031541	-0.307205616843011	Strongly NFAT5-dependent
Map6	ENSMUSG00000055407	-0.873733588216201	5.83209194508616e-7	-0.361291992393701	0.0302450059994443	TRUE	2.4183585759190884	2.4183585759190884	0.5124415958224999	NFAT5-independent
Camta1	ENSMUSG00000014592	0.503880587789864	0.00231614639350581	0.432825485885178	0.00867099737927126	TRUE	1.1641657070155427	1.1641657070155427	-0.071055101904686	NFAT5-independent
Bbs4	ENSMUSG00000025235	-0.506588463939112	0.00260784834421462	-0.471826757827714	0.00485133766521035	TRUE	1.0736747238995954	1.0736747238995954	0.03476170611139806	NFAT5-independent
Stx3	ENSMUSG00000041488	0.966993513512065	7.71285620724369e-8	0.446459387222767	0.0139608106793386	TRUE	2.1659159627649855	2.1659159627649855	-0.520534126289298	NFAT5-independent
Cbr4	ENSMUSG00000031641	-0.465036832604766	0.00795904129757538	-0.558682745410427	0.0015373153845134	TRUE	0.8323808752374023	0.8323808752374023	-0.09364591280566092	Partially dependent
Aldh1b1	ENSMUSG00000035561	-1.68251175929992	4.8080425148215295e-18	-1.39125376862343	3.23119625405408e-13	TRUE	1.2093492914413981	1.2093492914413981	0.29125799067648983	NFAT5-independent
Scaper	ENSMUSG00000034007	-2.0135013578971	5.55579249375749e-24	-2.14586558084226	1.2782909248150201e-24	TRUE	0.9383166289040311	0.9383166289040311	-0.13236422294516004	Partially dependent
Gm45222	ENSMUSG00000109498	0.69869757018090894	6.1988938831738e-5	0.649642263655453	2.1490140697595e-4	TRUE	1.0755112609968263	1.0755112609968263	-0.04905530652545598	NFAT5-independent
Zfp955b	ENSMUSG00000096910	0.377650557914284	0.0251499226567917	0.410204739072518	0.0122433932171632	TRUE	0.9206391880507288	0.9206391880507288	0.032554181158234	Partially dependent
Sft2d3	ENSMUSG00000044982	0.00444177989219169	0.985656567204812	0.471290941910085	0.00484180227516691	TRUE	0.009424708809784663	0.009424708809784663	0.46684916201789334	Strongly NFAT5-dependent
Inafm1	ENSMUSG00000091811	-0.909582806847006	6.51076887536591e-6	-1.27377016276492	2.3904384737682104e-9	TRUE	0.7140870727200992	0.7140870727200992	-0.36418735591791407	Partially dependent
Cdkn3	ENSMUSG00000037628	-1.50127942134553	5.87964711844194e-16	-1.13462882799909	3.61015507002063e-10	TRUE	1.3231458467285957	1.3231458467285957	0.3666505933464401	NFAT5-independent
Dusp12	ENSMUSG00000026659	-0.795271182156746	8.49352486497207e-6	-0.76727566406619	2.15960772107228e-5	TRUE	1.0364869099877263	1.0364869099877263	0.027995518090556004	NFAT5-independent
Plekhg4	ENSMUSG00000014782	-0.641496618024277	2.5857663103972e-4	-1.37384346926519	3.06979496360339e-12	TRUE	0.4669357407706615	0.4669357407706615	-0.7323468512409129	Strongly NFAT5-dependent
Znf41-ps	ENSMUSG00000084350	-0.822989464732204	8.95338620922177e-6	-0.627415430713578	5.9935822889731e-4	TRUE	1.311713777578269	1.311713777578269	0.19557403401862605	NFAT5-independent
Sgk1	ENSMUSG00000019970	0.330237758369021	0.071595224172389	1.18621177775483	6.00068256236386e-12	TRUE	0.2783969646584267	0.2783969646584267	0.855974019385809	Strongly NFAT5-dependent
Cacna1a	ENSMUSG00000034656	0.837571976021168	1.23705120284507e-6	0.651773897133968	2.0030843481027e-4	TRUE	1.2850652345916367	1.2850652345916367	-0.1857980788871999	NFAT5-independent
Lrp1	ENSMUSG00000040249	0.331756990620966	0.0930749052279097	0.939260979765673	7.69395564471736e-7	TRUE	0.3532106600486403	0.3532106600486403	0.607503989144707	Strongly NFAT5-dependent
Gm17137	ENSMUSG00000090559	0.405847365167552	0.0378136098239291	0.398598004996373	0.034888797755864	TRUE	1.0181871461480219	1.0181871461480219	-0.007249360171178998	NFAT5-independent
Mccc2	ENSMUSG00000021646	-1.19410389949235	3.5745396873060396e-11	-0.855520655420604	1.26892055999196e-6	TRUE	1.395762793015543	1.395762793015543	0.3385832440717461	NFAT5-independent
AC129328.1	ENSMUSG00000116802	0.460733369408863	0.00889176093714478	0.372349318183205	0.0326064748164456	TRUE	1.2373686399021977	1.2373686399021977	-0.08838405122565801	NFAT5-independent
Slc43a1	ENSMUSG00000027075	-0.150341918080903	0.465434290645689	-0.648504244923541	4.6272201526836e-4	TRUE	0.23182873397941814	0.23182873397941814	-0.49816232684263795	Strongly NFAT5-dependent
Fam214b	ENSMUSG00000036002	0.306617725726512	0.0924605950410533	0.414769200677178	0.015691600081586	TRUE	0.7392490214459243	0.7392490214459243	0.10815147495066596	Strongly NFAT5-dependent
Klhl36	ENSMUSG00000031828	-1.53960962188262	3.01141620839882e-16	-1.43216940506905	5.5877978030831204e-14	TRUE	1.075019209622335	1.075019209622335	0.10744021681356997	NFAT5-independent
Fads6	ENSMUSG00000044788	1.2015799282839	1.3839454212486898e-11	1.00597823403658	3.07163893312778e-8	TRUE	1.1944392906618368	1.1944392906618368	-0.19560169424732	NFAT5-independent
Arhgef5	ENSMUSG00000033542	0.897922990558108	6.50801361460652e-7	0.878222937729341	1.48397260839104e-6	TRUE	1.0224317220405355	1.0224317220405355	-0.019700052828766967	NFAT5-independent
B3gnt2	ENSMUSG00000051650	0.27828713214934	0.123662775367998	0.447462368652219	0.00788114787819539	TRUE	0.6219229853620003	0.6219229853620003	0.16917523650287902	Strongly NFAT5-dependent
C2cd2	ENSMUSG00000045975	-1.01717811137772	6.07374925723217e-8	-0.776718316685293	2.75383481437297e-5	TRUE	1.3095842978425027	1.3095842978425027	0.24045979469242706	NFAT5-independent
Pgap1	ENSMUSG00000073678	0.714363853992987	7.07341976749459e-5	0.617648957284421	6.3549900273568e-4	TRUE	1.1565855419456812	1.1565855419456812	-0.09671489670856592	NFAT5-independent
Hcn3	ENSMUSG00000028051	0.160940829474388	0.439017885946561	-0.680434904832641	5.6215954030045e-4	FALSE	-0.2365264161661031	0.2365264161661031	-0.841375734307029	Strongly NFAT5-dependent
Cables1	ENSMUSG00000040957	-0.475644974305243	0.0051688114109597	-0.398912776175038	0.0181901632931575	TRUE	1.192353323114765	1.192353323114765	0.07673219813020499	NFAT5-independent
4632404H12Rik	ENSMUSG00000042579	0.512162854165542	0.010765911466356	0.665397148514965	8.476046242095e-4	TRUE	0.7697100225160091	0.7697100225160091	0.15323429434942304	Partially dependent
Ccdc57	ENSMUSG00000048445	-0.276533894469805	0.130184269168002	-0.437090869058845	0.0126360470911778	TRUE	0.6326691176716748	0.6326691176716748	-0.16055697458904	Strongly NFAT5-dependent
Gm47586	ENSMUSG00000113326	0.804864488377968	1.80305363233188e-5	1.10249311917348	4.6673289008437e-9	TRUE	0.7300403733869659	0.7300403733869659	0.29762863079551194	Partially dependent
Pwwp2b	ENSMUSG00000060260	0.26661368489106	0.165188645280011	0.50342690378957	0.00460797270505554	TRUE	0.5295976096710621	0.5295976096710621	0.23681321889850998	Strongly NFAT5-dependent
Tmem38b	ENSMUSG00000028420	0.0139890904685218	0.957382610872639	0.36992067335567	0.0342401147352277	TRUE	0.037816460328162355	0.037816460328162355	0.3559315828871482	Strongly NFAT5-dependent
Spryd7	ENSMUSG00000021930	-0.437463557426491	0.0155165053462055	-0.427317033386802	0.0161031576759805	TRUE	1.0237447217099453	1.0237447217099453	0.01014652403968902	NFAT5-independent
Bckdha	ENSMUSG00000060376	0.512338252768533	0.00367176448972317	0.758663160028675	1.40164745981736e-5	TRUE	0.675317162822521	0.675317162822521	0.246324907260142	Strongly NFAT5-dependent
Gm47260	ENSMUSG00000113328	-0.540267605182592	0.00242269516091404	-0.53228262923998	0.00276537214281935	TRUE	1.0150013836709517	1.0150013836709517	0.007984975942611938	NFAT5-independent
Xrcc4	ENSMUSG00000021615	-0.704540783690409	8.85125214995988e-5	-0.528489725636471	0.00283750767109045	TRUE	1.333121060853011	1.333121060853011	0.17605105805393795	NFAT5-independent
Pxylp1	ENSMUSG00000043587	-0.617778932321567	9.9017661983477e-4	-0.606375745186262	0.00124522512801319	TRUE	1.0188054803079272	1.0188054803079272	0.01140318713530497	NFAT5-independent
6430571L13Rik	ENSMUSG00000037977	-0.428435852460773	0.0157605090563551	-0.845059140980557	6.42165041253776e-6	TRUE	0.5069891936363663	0.5069891936363663	-0.41662328851978403	Strongly NFAT5-dependent
Calcoco1	ENSMUSG00000023055	0.586065908358653	0.00176542248577349	1.10541895991948	3.18205351149316e-9	TRUE	0.5301753720610535	0.5301753720610535	0.5193530515608269	Strongly NFAT5-dependent
Gcnt4	ENSMUSG00000091387	0.0427299182614056	0.867727367915073	-0.507481820205622	0.00862055529966101	FALSE	-0.08419989950397089	0.08419989950397089	-0.5502117384670276	Strongly NFAT5-dependent
Snx30	ENSMUSG00000028385	0.666039342197386	2.6354383174195e-4	0.727514438490758	7.08422080256877e-5	TRUE	0.9154998264764295	0.9154998264764295	0.061475096293372	Partially dependent
Lad1	ENSMUSG00000041782	1.47672244030159	2.55362415576626e-16	-0.673346068339902	0.00219234243433281	FALSE	-2.1931106599350443	2.1931106599350443	-2.1500685086414917	NFAT5-independent (Opposite direction)
C920009B18Rik	ENSMUSG00000097352	-1.35587892931503	3.7353549441032504e-14	-0.531357254198187	0.00119130265186526	TRUE	2.551727521554285	2.551727521554285	0.8245216751168429	NFAT5-independent
Map9	ENSMUSG00000033900	0.585039496664088	0.00156956725944402	0.784893978466156	2.41390100685405e-5	TRUE	0.7453739138212977	0.7453739138212977	0.199854481802068	Partially dependent
Dhdh	ENSMUSG00000011382	-1.26950591044718	8.889882084756109e-12	-1.10514382215889	2.9080913537547404e-9	TRUE	1.1487246139305287	1.1487246139305287	0.1643620882882899	NFAT5-independent
Ebpl	ENSMUSG00000021928	-0.716050623030459	1.7440009418426e-4	-0.836124381774112	2.02368490744814e-5	TRUE	0.8563924682008708	0.8563924682008708	-0.120073758743653	Partially dependent
Cldn12	ENSMUSG00000046798	0.69037928821680306	2.9709090730014e-4	0.596857891571261	0.00170111902597695	TRUE	1.1566895536881348	1.1566895536881348	-0.09352139664554204	NFAT5-independent
Gm7353	ENSMUSG00000055452	0.380252750247154	0.039273408892031	0.483527187480361	0.0065997014440638	TRUE	0.7864144149342138	0.7864144149342138	0.103274437233207	Partially dependent
Rita1	ENSMUSG00000029600	0.792305501982124	1.95310350990075e-5	0.666227953755569	3.5875579163186e-4	TRUE	1.1892408559500514	1.1892408559500514	-0.12607754822655504	NFAT5-independent
Zfp683	ENSMUSG00000049410	0.0124685483936003	0.959415188624146	-0.7591352419931	1.1149363393185e-4	FALSE	-0.016424673370273632	0.016424673370273632	-0.77160379038670035	Strongly NFAT5-dependent
Adora2b	ENSMUSG00000018500	0.314745836312312	0.091232204748003	-0.459608837089325	0.0167754524226141	FALSE	-0.684812412018834	0.684812412018834	-0.774354673401637	Strongly NFAT5-dependent
Myrf	ENSMUSG00000036098	-0.681153154139999	3.5026584660508e-4	-0.764995411653061	8.53829245507859e-5	TRUE	0.890401620407253	0.890401620407253	-0.08384225751306196	Partially dependent
Acvr1	ENSMUSG00000026836	0.83204321517194	3.40881111995524e-6	0.590410283497428	0.00111380050404037	TRUE	1.4092627422461972	1.4092627422461972	-0.24163293167451205	NFAT5-independent
Insl3	ENSMUSG00000079019	-1.38267700075628	3.93735124906338e-11	-1.28705252114778	1.1043606377676501e-09	TRUE	1.0742972629611287	1.0742972629611287	0.09562447960850018	NFAT5-independent
Mypopos	ENSMUSG00000086533	0.284118650356134	0.138137180145304	0.39838484274438	0.0257321104286181	TRUE	0.7131763558043701	0.7131763558043701	0.11426619238824604	Strongly NFAT5-dependent
Chchd6	ENSMUSG00000030086	-0.413525486550198	0.0255058673466816	-0.700954134428187	2.375422107288e-4	TRUE	0.5899465688829086	0.5899465688829086	-0.287428647877989	Strongly NFAT5-dependent
Pcbd2	ENSMUSG00000021496	-0.929405294188904	5.11013722482373e-7	-0.593554721889126	9.1951037184414e-4	TRUE	1.5658291643790745	1.5658291643790745	0.3358505722997781	NFAT5-independent
Gm45716	ENSMUSG00000110344	-0.655839913964123	0.00117339583196545	-0.451855951620147	0.0204034624010206	TRUE	1.4514358206693607	1.4514358206693607	0.20398396234397598	NFAT5-independent
Thumpd2	ENSMUSG00000024246	-0.483167191945946	0.00830805650251877	-0.464777880825897	0.0102294765167996	TRUE	1.0395658052559895	1.0395658052559895	0.01838931112004899	NFAT5-independent
Pdcd1lg2	ENSMUSG00000016498	-0.37591181277749	0.0417449848841237	-0.696143797853612	2.3787554448174e-4	TRUE	0.5399916137104452	0.5399916137104452	-0.32023198507612205	Strongly NFAT5-dependent
Zfp566	ENSMUSG00000078768	0.323987234404102	0.106775486237063	0.38624397681101	0.0409085542038141	TRUE	0.8388149818647648	0.8388149818647648	0.06225674240690804	Strongly NFAT5-dependent
Arntl	ENSMUSG00000055116	0.439793196499782	0.014210647598646	0.640544294526781	2.7861467542218e-4	TRUE	0.68659294955502	0.68659294955502	0.20075109802699898	Partially dependent
Tfcp2	ENSMUSG00000009733	-1.61694583867042	6.77461991609087e-18	-1.50120594275053	2.28910662315856e-15	TRUE	1.077097946806572	1.077097946806572	0.11573989591989009	NFAT5-independent
Gm3325	ENSMUSG00000113836	-0.753961837228793	3.2886456929223e-5	-0.56862882653657	0.00148354188884556	TRUE	1.3259296786289532	1.3259296786289532	0.18533301069222297	NFAT5-independent
Ypel3	ENSMUSG00000042675	0.373711368027647	0.0414589884792475	0.835625753138641	2.31069827650368e-6	TRUE	0.44722337317151056	0.44722337317151056	0.461914385110994	Strongly NFAT5-dependent
Gm37691	ENSMUSG00000104348	-0.996107823792124	1.14844370742662e-7	-0.651624725440737	3.4676010083046e-4	TRUE	1.528652589292695	1.528652589292695	0.344483098351387	NFAT5-independent
Casp7	ENSMUSG00000025076	-1.52225518651848	1.6436039205880302e-14	-1.58904076680595	1.06692155296051e-14	TRUE	0.9579711347357611	0.9579711347357611	-0.06678558028747017	Partially dependent
S100a3	ENSMUSG00000001021	0.104388819757167	0.661040964980341	0.495531204495903	0.00807396385633881	TRUE	0.21066043633591208	0.21066043633591208	0.39114238473873597	Strongly NFAT5-dependent
Mrto4-ps1	ENSMUSG00000113749	-0.400783950912402	0.0335649224736557	-0.443694716491259	0.0165286420735125	TRUE	0.903287634528994	0.903287634528994	-0.042910765578857035	Partially dependent
Dnajc4	ENSMUSG00000024963	-0.569635311124204	0.00633437007405613	-0.473842890447732	0.0193471506938103	TRUE	1.202160721639103	1.202160721639103	0.09579242067647198	NFAT5-independent
Il10rb	ENSMUSG00000022969	-0.996996311321095	3.26823430272645e-8	-0.342249123167107	0.0429343844303293	TRUE	2.913071922858661	2.913071922858661	0.654747188153988	NFAT5-independent
Usp35	ENSMUSG00000035713	1.26364251500024	3.85241377741957e-11	1.41747009115071	1.74162243318991e-13	TRUE	0.8914773742946547	0.8914773742946547	0.15382757615047016	Partially dependent
4931414P19Rik	ENSMUSG00000022179	-0.817983334517204	2.31235501727518e-5	-0.59640173440766	0.00161815868655847	TRUE	1.371530777538091	1.371530777538091	0.22158160010954397	NFAT5-independent
Ccdc125	ENSMUSG00000048924	-0.275650934309086	0.144751139278814	-0.398248422055207	0.0269390568208325	TRUE	0.6921582586229909	0.6921582586229909	-0.122597487746121	Strongly NFAT5-dependent
Mfsd3	ENSMUSG00000019080	-0.500318055057564	0.00604571105963648	-0.459470690151051	0.0109837848448553	TRUE	1.08890091529687	1.08890091529687	0.04084736490651297	NFAT5-independent
Tjp2	ENSMUSG00000024812	-0.85829462506328	3.23012022978536e-6	-0.378012903820506	0.0305418539910423	TRUE	2.2705431914854124	2.2705431914854124	0.480281721242774	NFAT5-independent
Arhgef40	ENSMUSG00000004562	0.350457994582833	0.0672749933096483	0.712899380140247	1.2105029273642e-4	TRUE	0.49159531393320643	0.49159531393320643	0.362441385557414	Strongly NFAT5-dependent
Gm20696	ENSMUSG00000030068	0.903013129346134	6.37223001991071e-7	0.816757953589295	8.68997500398292e-6	TRUE	1.1056067778437726	1.1056067778437726	-0.08625517575683894	NFAT5-independent
D930048N14Rik	ENSMUSG00000052563	1.88020091137112	3.6947759198107995e-21	1.56471829515956	1.8727216091343702e-14	TRUE	1.201622628934232	1.201622628934232	-0.31548261621156004	NFAT5-independent
Coa4	ENSMUSG00000044881	-0.823822461058151	4.04327127198915e-5	-1.0361200826355	7.89276784025437e-7	TRUE	0.7951032654078632	0.7951032654078632	-0.21229762157734888	Partially dependent
C330018D20Rik	ENSMUSG00000024592	-0.70649708742905	1.1343855119604e-4	-0.523666310981125	0.00361183435549664	TRUE	1.3491360292117682	1.3491360292117682	0.182830776447925	NFAT5-independent
Cd38	ENSMUSG00000029084	1.96464270143669	8.30009609821498e-24	1.04959729462954	3.29460963455623e-7	TRUE	1.8718061788927527	1.8718061788927527	-0.9150454068071501	NFAT5-independent
Itsn1	ENSMUSG00000022957	-0.0800347261876686	0.728866177304528	0.988636095140319	5.634462266249551e-9	FALSE	-0.08095468755498869	0.08095468755498869	1.0686708213279876	Strongly NFAT5-dependent
Gatm	ENSMUSG00000027199	-0.188704791754647	0.344512682079625	-0.614605991280078	0.0010477498910278	TRUE	0.30703376542363314	0.30703376542363314	-0.425901199525431	Strongly NFAT5-dependent
Cep70	ENSMUSG00000056267	-0.634243005651423	5.5285025262914e-4	-0.46865596360642	0.00924773059398182	TRUE	1.3533232368809969	1.3533232368809969	0.16558704204500302	NFAT5-independent
Fam83g	ENSMUSG00000042377	1.04578448447406	1.85231920005588e-8	0.547763620995946	0.00367288810388333	TRUE	1.9091893736437089	1.9091893736437089	-0.49802086347811403	NFAT5-independent
Enah	ENSMUSG00000022995	0.135133647799518	0.520803962919852	0.461020880876997	0.00758389737297124	TRUE	0.2931182803313684	0.2931182803313684	0.325887233077479	Strongly NFAT5-dependent
Gm28043	ENSMUSG00000098374	-0.309620324979624	0.09861970466991	-0.410662841595389	0.0231973756073791	TRUE	0.7539526190798668	0.7539526190798668	-0.10104251661576502	Strongly NFAT5-dependent
E430018J23Rik	ENSMUSG00000078580	0.230804357413578	0.278266930524943	0.428824015674309	0.0256503338390592	TRUE	0.5382262862555568	0.5382262862555568	0.198019658260731	Strongly NFAT5-dependent
Ccdc184	ENSMUSG00000029875	2.39766243484638	3.0268507742705397e-30	0.862973051585019	1.1254967649582e-4	TRUE	2.778374632258335	2.778374632258335	-1.534689383261361	NFAT5-independent
Cdc42ep3	ENSMUSG00000036533	0.535949480378979	0.00731420287143101	0.652974215191606	9.7976656955302e-4	TRUE	0.8207819970681572	0.8207819970681572	0.11702473481262698	Partially dependent
Mnd1	ENSMUSG00000033752	-0.610731412255715	0.00124254245535167	-0.748646274600441	1.1933424755086e-4	TRUE	0.8157810076349711	0.8157810076349711	-0.13791486234472594	Partially dependent
Spata24	ENSMUSG00000024352	-1.55603262841515	5.58876768687084e-14	-0.979951577227628	5.61388036857014e-7	TRUE	1.587866854418774	1.587866854418774	0.576081051187522	NFAT5-independent
Gm38357	ENSMUSG00000103313	-1.01876383624653	4.78396339774396e-8	-0.75559881064685	3.72432273749987e-5	TRUE	1.348286712328717	1.348286712328717	0.26316502559968014	NFAT5-independent
Snx32	ENSMUSG00000056185	0.413591163449845	0.0218292240892121	0.541634623426325	0.0020305269557576	TRUE	0.763598089120503	0.763598089120503	0.12804345997647998	Partially dependent
Ccdc18	ENSMUSG00000056531	-0.974426088962635	6.47785084468322e-7	-0.737970912795824	1.2620563890148e-4	TRUE	1.3204125963054476	1.3204125963054476	0.236455176166811	NFAT5-independent
Borcs6	ENSMUSG00000045176	0.72357532571181	2.0281525770683e-4	0.973031470337062	6.72181866964845e-7	TRUE	0.7436299315798703	0.7436299315798703	0.249456144625252	Partially dependent
Zfp28	ENSMUSG00000062861	0.886045834971922	4.0133843751358e-6	0.636320470123445	9.9667486028153e-4	TRUE	1.3924521944108301	1.3924521944108301	-0.24972536484847707	NFAT5-independent
Mlycd	ENSMUSG00000074064	-0.979293600867953	6.18736150370067e-7	-0.581127488681982	0.00191688488941555	TRUE	1.6851613801457335	1.6851613801457335	0.398166112185971	NFAT5-independent
Fzd7	ENSMUSG00000041075	0.729530532977509	8.1774614388816e-4	0.674127058059186	0.00185486509294048	TRUE	1.0821855082895349	1.0821855082895349	-0.05540347491832298	NFAT5-independent
Gm16185	ENSMUSG00000084911	0.158796373275649	0.462343112998184	0.441609788896862	0.0148809256636759	TRUE	0.3595852656987545	0.3595852656987545	0.282813415621213	Strongly NFAT5-dependent
Ccdc181	ENSMUSG00000026578	-1.40769388391224	2.64302460105977e-12	-1.08661317443263	3.35041357116674e-8	TRUE	1.2954875912003008	1.2954875912003008	0.32108070947961	NFAT5-independent
Ctso	ENSMUSG00000028015	-1.65627331002456	2.19279071055731e-16	-1.09953778241498	9.307870124659461e-9	TRUE	1.5063359681800008	1.5063359681800008	0.55673552760958	NFAT5-independent
Gm10705	ENSMUSG00000074506	0.0507041872254703	0.834774721436488	1.30873066718113	0.0148550250586679	TRUE	0.03874302673343925	0.03874302673343925	1.2580264799556597	Strongly NFAT5-dependent
Isg20	ENSMUSG00000039236	-0.690127794254211	3.8944793571238e-4	-0.678486131274616	5.2590083087207e-4	TRUE	1.0171582917365234	1.0171582917365234	0.011641662979595013	NFAT5-independent
Kbtbd7	ENSMUSG00000043881	0.6997595572649	7.7105701275565e-4	0.678043773344005	0.00106190270655284	TRUE	1.0320271120753697	1.0320271120753697	-0.021715783920895015	NFAT5-independent
Upp1	ENSMUSG00000020407	0.156204516456188	0.458145998793923	-0.406376798424912	0.0316133948154157	FALSE	-0.38438345166757987	0.38438345166757987	-0.5625813148811	Strongly NFAT5-dependent
Plekhm3	ENSMUSG00000051344	-0.908456094888493	6.44608013759552e-6	-0.849908115706663	2.84401424146359e-5	TRUE	1.0688874221811022	1.0688874221811022	0.05854797918182997	NFAT5-independent
Zswim7	ENSMUSG00000014243	-1.02418227896297	2.75219311927783e-7	-1.26162697046743	2.20506707850824e-9	TRUE	0.8117948513604719	0.8117948513604719	-0.23744469150446013	Partially dependent
Herc6	ENSMUSG00000029798	-0.648641807524623	5.2678311576842e-4	-0.508317425733188	0.00579900204800966	TRUE	1.2760566029957237	1.2760566029957237	0.14032438179143492	NFAT5-independent
Polr3gl	ENSMUSG00000028104	-1.05151620334778	2.26815397818678e-8	-0.875047186193672	2.98684684708867e-6	TRUE	1.201668001381414	1.201668001381414	0.176469017154108	NFAT5-independent
Gm37520	ENSMUSG00000103253	0.413637413616205	0.0412037818729828	0.574365686281308	0.00372489578334438	TRUE	0.7201638668463511	0.7201638668463511	0.16072827266510303	Partially dependent
Fn3krp	ENSMUSG00000039253	-0.751443977203564	1.5104392058746e-4	-0.432254311973527	0.0223355634709131	TRUE	1.7384302628994608	1.7384302628994608	0.31918966523003706	NFAT5-independent
Pafah2	ENSMUSG00000037366	-0.783437205624562	6.16750838953281e-5	-0.707966730547665	2.9772743374599e-4	TRUE	1.1066017255055403	1.1066017255055403	0.07547047507689697	NFAT5-independent
Arhgap31	ENSMUSG00000022799	-1.23531274496646	3.6582313946761003e-10	-0.457109520864795	0.0106921692778195	TRUE	2.7024437002086508	2.7024437002086508	0.778203224101665	NFAT5-independent
Lrrc8a	ENSMUSG00000007476	0.389095159359365	0.0537281073430193	0.573940609530847	0.00358350509052876	TRUE	0.6779362758063432	0.6779362758063432	0.18484545017148202	Strongly NFAT5-dependent
Cldnd2	ENSMUSG00000038973	-0.238636614737067	0.266238079605885	-0.771785023864105	3.7084355333162e-4	TRUE	0.3092008880170832	0.3092008880170832	-0.533148409127038	Strongly NFAT5-dependent
Ebi3	ENSMUSG00000003206	-0.607871477618741	0.00166920485240644	-0.55314835383293	0.00396263096657424	TRUE	1.0989302840849442	1.0989302840849442	0.05472312378581101	NFAT5-independent
Trbj2-7	ENSMUSG00000076497	0.2802984521286	0.156476787103343	0.371327182802264	0.0438605933711621	TRUE	0.7548557313076165	0.7548557313076165	0.09102873067366402	Strongly NFAT5-dependent
Ybey	ENSMUSG00000033126	-0.610521784909049	0.00257552011589646	-0.663746168513751	0.00118006255153521	TRUE	0.9198121418555513	0.9198121418555513	-0.05322438360470205	Partially dependent
Zfp821	ENSMUSG00000031728	0.251975660566469	0.192313026327237	0.370811454982049	0.0383153620305739	TRUE	0.6795250178521781	0.6795250178521781	0.11883579441558001	Strongly NFAT5-dependent
A130071D04Rik	ENSMUSG00000104291	0.676862750721887	6.3888920916315e-4	0.517128116511994	0.00854653912646919	TRUE	1.3088879314613484	1.3088879314613484	-0.15973463420989298	NFAT5-independent
1700025G04Rik	ENSMUSG00000032666	0.087462011221988	0.716161869625503	0.484758615263158	0.00735525390880324	TRUE	0.18042384079034476	0.18042384079034476	0.39729660404117	Strongly NFAT5-dependent
Tatdn3	ENSMUSG00000026632	-1.1886332834181	4.48323634173646e-9	-1.2561870828894	1.88329618509496e-9	TRUE	0.9462231379454108	0.9462231379454108	-0.06755379947130002	Partially dependent
Phldb3	ENSMUSG00000074277	0.444776203116895	0.0232216386841834	0.462897118689018	0.0156425543237953	TRUE	0.9608532547719378	0.9608532547719378	0.01812091557212303	Partially dependent
Fosb	ENSMUSG00000003545	-0.0280670854929831	0.922567701719015	-0.920301967768202	1.0903473826769e-4	TRUE	0.030497691492551937	0.030497691492551937	-0.8922348822752189	Strongly NFAT5-dependent
Zfp808	ENSMUSG00000074867	-1.24148159401209	1.8278058768220101e-9	-0.87057918108094	1.40164745981736e-5	TRUE	1.4260409862668957	1.4260409862668957	0.37090241293115	NFAT5-independent
Dnal1	ENSMUSG00000042523	0.595540223688772	0.0013928327696777	0.621831722915564	8.7010792316939e-4	TRUE	0.9577192699280124	0.9577192699280124	0.02629149922679197	Partially dependent
Gm43813	ENSMUSG00000106636	0.336016058139282	0.0793462391911083	0.373258447936516	0.0431761899003857	TRUE	0.900223585016974	0.900223585016974	0.03724238979723404	Strongly NFAT5-dependent
AC154912.3	ENSMUSG00000117294	0.52742010077373	0.00838309314538826	0.43497035844465	0.0261832178836374	TRUE	1.2125426262600012	1.2125426262600012	-0.09244974232908004	NFAT5-independent
Smpd5	ENSMUSG00000071724	0.410423533704732	0.0445608909748692	0.648369570640138	0.00124207141079922	TRUE	0.6330086300927403	0.6330086300927403	0.237946036935406	Strongly NFAT5-dependent
Smyd1	ENSMUSG00000055027	-1.14634042059349	1.79846271666248e-8	-1.01396120280039	6.42839230979265e-7	TRUE	1.1305564921295717	1.1305564921295717	0.13237921779310002	NFAT5-independent
Lgals4	ENSMUSG00000053964	-0.959321871612409	3.75480034217274e-7	-1.15758402210293	5.84647754752946e-9	TRUE	0.8287276372989778	0.8287276372989778	-0.1982621504905211	Partially dependent
Sirt5	ENSMUSG00000054021	-1.42266695778805	1.0777567782301699e-11	-1.16489494960066	1.84600400318389e-8	TRUE	1.221283479918732	1.221283479918732	0.25777200818739	NFAT5-independent
Ss18l1	ENSMUSG00000039086	0.274344754999391	0.17657813953983	0.394941945468827	0.0357655853813525	TRUE	0.6946457780616903	0.6946457780616903	0.12059719046943601	Strongly NFAT5-dependent
Bcl2l11	ENSMUSG00000027381	0.20350734284865	0.318536301420015	0.49859689092979	0.00573023404576401	TRUE	0.40816007189524756	0.40816007189524756	0.29508954808113996	Strongly NFAT5-dependent
Frat2	ENSMUSG00000047604	1.63458119068211	9.53541067529167e-15	1.72858009293552	4.2684639072925e-16	TRUE	0.9456207423436315	0.9456207423436315	0.09399890225341001	Partially dependent
B3gnt5	ENSMUSG00000022686	0.174006193142238	0.41411844745548	0.485599250352845	0.00808523992551076	TRUE	0.358332911378677	0.358332911378677	0.31159305721060704	Strongly NFAT5-dependent
Il20rb	ENSMUSG00000044244	0.65477322050507	5.2678311576842e-4	0.407832180105274	0.0296067045715311	TRUE	1.6054967029233764	1.6054967029233764	-0.24694104039979603	NFAT5-independent
Hspb6	ENSMUSG00000036854	-0.460733506409484	0.0187548304613505	-0.409489200843392	0.0312837410586711	TRUE	1.1251420195222444	1.1251420195222444	0.051244305566092	NFAT5-independent
Gm18194	ENSMUSG00000109724	-0.291011643155406	0.285140434331204	-0.665499781802977	0.027025772309368	TRUE	0.43728285284631513	0.43728285284631513	-0.37448813864757097	Strongly NFAT5-dependent
Camkk1	ENSMUSG00000020785	0.781106677052574	8.89500380790401e-5	0.939043295359727	2.79992822871026e-6	TRUE	0.8318111432267339	0.8318111432267339	0.157936618307153	Partially dependent
Abhd14b	ENSMUSG00000042073	1.12347428681555	1.08803054013875e-7	1.01139775303007	2.23989048545007e-6	TRUE	1.11081350878001	1.11081350878001	-0.1120765337854801	NFAT5-independent
Tmem150a	ENSMUSG00000055912	1.45208306981179	1.2510914861340099e-11	0.97489411139229	8.50175676351559e-6	TRUE	1.4894777318307986	1.4894777318307986	-0.47718895841949993	NFAT5-independent
H2-K2	ENSMUSG00000067203	0.877071177638252	2.94368935290337e-5	0.747144780070494	3.7776524665606e-4	TRUE	1.1738972164879466	1.1738972164879466	-0.12992639756775803	NFAT5-independent
Gm2682	ENSMUSG00000115681	0.603849909319085	0.00317822756268104	0.748667270646546	2.5992956934923e-4	TRUE	0.8065664588190193	0.8065664588190193	0.14481736132746104	Partially dependent
Wdr25	ENSMUSG00000040877	-1.02270560813825	1.59369676077312e-6	-1.1785057950859	1.14009879071961e-7	TRUE	0.867798539814313	0.867798539814313	-0.15580018694764997	Partially dependent
Mtmr7	ENSMUSG00000039431	0.570919719802	0.00462863139639918	0.601186777757489	0.00265303358665622	TRUE	0.9496544849698968	0.9496544849698968	0.030267057955489007	Partially dependent
Rgs10	ENSMUSG00000030844	-0.844047459671645	2.16667845868072e-5	-0.439620652496076	0.0193145640123921	TRUE	1.9199449681886336	1.9199449681886336	0.40442680717556895	NFAT5-independent
Tom1	ENSMUSG00000042870	0.764703046431125	7.55200754667299e-5	0.38214058832815	0.0457272299737247	TRUE	2.001103964843595	2.001103964843595	-0.38256245810297496	NFAT5-independent
Zscan18	ENSMUSG00000070822	1.03739735352687	6.26209278375546e-8	0.753251069963166	1.1139132110389e-4	TRUE	1.3772265249853526	1.3772265249853526	-0.28414628356370386	NFAT5-independent
Armcx2	ENSMUSG00000033436	-1.139434181292	1.64637506111315e-8	-0.612431379987281	0.00129434448185143	TRUE	1.8605091419640576	1.8605091419640576	0.5270028013047189	NFAT5-independent
Plekha1	ENSMUSG00000040268	0.577246653502821	0.00210466050377153	0.680714457889345	2.661325903418e-4	TRUE	0.8480011652648878	0.8480011652648878	0.10346780438652403	Partially dependent
Lysmd2	ENSMUSG00000032184	-0.554828458129703	0.00654449717385592	-0.568004892829906	0.00522626112707482	TRUE	0.9768022514127379	0.9768022514127379	-0.01317643470020291	Partially dependent
Kyat1	ENSMUSG00000039648	-0.717524105487391	2.9954217219857e-4	-0.52620228585806	0.00647221325785126	TRUE	1.3635898679485003	1.3635898679485003	0.19132181962933104	NFAT5-independent
Tbc1d16	ENSMUSG00000039976	-0.151387882289834	0.492592175224477	-0.492186173007141	0.0126022281003216	TRUE	0.3075825583739784	0.3075825583739784	-0.34079829071730705	Strongly NFAT5-dependent
Tnfsf8	ENSMUSG00000028362	-2.36199698179092	6.16566778804765e-27	-0.826348298303445	5.80911694739354e-6	TRUE	2.858355231855958	2.858355231855958	1.5356486834874752	NFAT5-independent
Zfp667	ENSMUSG00000054893	0.894289302543865	5.77223300890507e-5	0.928412547841173	3.29888791968753e-5	TRUE	0.963245600916689	0.963245600916689	0.034123245297308036	Partially dependent
9230114K14Rik	ENSMUSG00000097145	-0.929915067075228	3.66174380825762e-6	-0.609087609864139	0.00168629941249365	TRUE	1.5267344992991265	1.5267344992991265	0.32082745721108896	NFAT5-independent
Dirc2	ENSMUSG00000022848	0.455774593570116	0.0249498762026406	0.729860204891874	2.994690832368e-4	TRUE	0.6244683440956166	0.6244683440956166	0.27408561132175796	Strongly NFAT5-dependent
Klrg2	ENSMUSG00000071537	1.7259353186887	2.5881612201626003e-16	1.52677296104003	1.24103024937448e-12	TRUE	1.13044661042006	1.13044661042006	-0.19916235764867007	NFAT5-independent
Msh5	ENSMUSG00000007035	-1.19279496615729	3.2777196340012405e-9	-0.657594234838145	5.3209310330072e-4	TRUE	1.8138768604789777	1.8138768604789777	0.535200731319145	NFAT5-independent
Gm47694	ENSMUSG00000114584	1.42710993273306	2.23272729637102e-11	0.816846233950523	1.6492404167275e-4	TRUE	1.7470974014669953	1.7470974014669953	-0.6102636987825371	NFAT5-independent
Aarsd1	ENSMUSG00000075528	0.30016833752422	0.180227866705597	0.641309655131757	0.00298534965422063	TRUE	0.46805522904929675	0.46805522904929675	0.34114131760753696	Strongly NFAT5-dependent
Caprin2	ENSMUSG00000030309	-0.860502446959536	2.47252387127274e-5	-0.72216598016885	3.6514630803242e-4	TRUE	1.1915577174631538	1.1915577174631538	0.138336466790686	NFAT5-independent
Nfix	ENSMUSG00000001911	-0.331529292589078	0.0888589225500405	-0.442436162018265	0.0192855197419191	TRUE	0.7493268431692786	0.7493268431692786	-0.11090686942918704	Strongly NFAT5-dependent
Igfbp4	ENSMUSG00000017493	-0.895514929746975	3.7581688832997e-6	-0.677679343375013	3.7488844648708e-4	TRUE	1.3214434503597028	1.3214434503597028	0.217835586371962	NFAT5-independent
Spin4	ENSMUSG00000071722	0.779942785410067	2.8394752169294e-4	0.629288463750907	0.00310958599069854	TRUE	1.239404232458318	1.239404232458318	-0.15065432165916004	NFAT5-independent
Chpt1	ENSMUSG00000060002	-0.563704232075019	0.00432465186823158	-0.423927339971848	0.0269926067580972	TRUE	1.3297189846553732	1.3297189846553732	0.13977689210317096	NFAT5-independent
Armcx5	ENSMUSG00000072969	-0.401690824645656	0.0329602084404995	-0.656492105746986	6.8051719532602e-4	TRUE	0.611874569593787	0.611874569593787	-0.25480128110133005	Strongly NFAT5-dependent
Nphp4	ENSMUSG00000039577	-0.294352563178889	0.143271581058246	-0.472203535489379	0.0151753170533963	TRUE	0.6233595071960442	0.6233595071960442	-0.17785097231048996	Strongly NFAT5-dependent
Zfp560	ENSMUSG00000045519	-0.949925669116715	4.01780234856577e-6	-0.416640471923654	0.0286302070865637	TRUE	2.2799649413098333	2.2799649413098333	0.533285197193061	NFAT5-independent
Snx33	ENSMUSG00000032733	0.146917113994833	0.51846108864279306	0.418638040682294	0.02743228354337	TRUE	0.350940668830258	0.350940668830258	0.27172092668746095	Strongly NFAT5-dependent
Gm35315	ENSMUSG00000109771	-0.857183423007198	2.82479842043884e-5	-0.641120158080163	0.00136977288564686	TRUE	1.3370090024528902	1.3370090024528902	0.21606326492703498	NFAT5-independent
Mtrf1	ENSMUSG00000022022	-0.745517214559877	2.5346777454293e-4	-0.589464406595308	0.00318439048152721	TRUE	1.264736608722341	1.264736608722341	0.156052807964569	NFAT5-independent
Gm47603	ENSMUSG00000113665	0.103241291805961	0.678023282467669	0.602170084061391	0.00264632941254916	TRUE	0.17144872277553327	0.17144872277553327	0.4989287922554301	Strongly NFAT5-dependent
Prkar2b	ENSMUSG00000002997	-1.41818343048049	3.64410951878655e-11	-1.09016283701624	1.97679552991488e-7	TRUE	1.3008913735878556	1.3008913735878556	0.32802059346424994	NFAT5-independent
Thbs3	ENSMUSG00000028047	1.04329778512364	2.0859297379442e-7	0.850285842662498	3.06691838574652e-5	TRUE	1.2269965378428085	1.2269965378428085	-0.19301194246114206	NFAT5-independent
Harbi1	ENSMUSG00000027243	-0.706024204571295	5.8461313615878e-4	-0.564875620588065	0.00506738757306954	TRUE	1.2498755103579917	1.2498755103579917	0.14114858398323005	NFAT5-independent
Tcp11l2	ENSMUSG00000020034	0.869996162737475	1.39964346741673e-5	1.13581274719723	1.62411508231203e-8	TRUE	0.7659679510414962	0.7659679510414962	0.26581658445975487	Partially dependent
Myo7a	ENSMUSG00000030761	-1.19101060682866	1.26593408942655e-8	-0.948885419578739	4.30130021883131e-6	TRUE	1.2551679921032124	1.2551679921032124	0.24212518724992094	NFAT5-independent
Mycl	ENSMUSG00000028654	1.0700652604082	1.63321162295179e-7	1.53817074360211	4.06276225905404e-14	TRUE	0.6956739132239026	0.6956739132239026	0.46810548319391	Partially dependent
Rab11fip2	ENSMUSG00000040022	-0.801935268779304	9.22213118301238e-5	-0.531521862572396	0.0071197190513005	TRUE	1.508753120517364	1.508753120517364	0.270413406206908	NFAT5-independent
Zfp768	ENSMUSG00000047371	0.630620171106815	0.00173950512885335	0.393244020750876	0.0471823646459289	TRUE	1.6036357524335232	1.6036357524335232	-0.237376150355939	NFAT5-independent
Trdmt1	ENSMUSG00000026723	-2.0472803176742	5.0103683404803205e-15	-2.06452909806988	1.56615467311236e-14	TRUE	0.9916451744798338	0.9916451744798338	-0.017248780395680008	Partially dependent
Rpp25	ENSMUSG00000062309	1.57598363510413	4.6625359547272103e-14	1.29335454931435	1.3858657298607e-9	TRUE	1.2185240589594022	1.2185240589594022	-0.2826290857897802	NFAT5-independent
Tcaim	ENSMUSG00000046603	-1.40728446967031	4.12782600218293e-10	-1.20725597761497	7.2020324169361e-8	TRUE	1.165688549706345	1.165688549706345	0.2000284920553399	NFAT5-independent
Clybl	ENSMUSG00000025545	-0.520588524395108	0.014365921895515	-0.608947675947792	0.00444244709769767	TRUE	0.8548986143757623	0.8548986143757623	-0.08835915155268392	Partially dependent
Gm5113	ENSMUSG00000066647	0.181870956409724	0.414980591919957	0.453799027135462	0.019535777391254	TRUE	0.4007742316191311	0.4007742316191311	0.271928070725738	Strongly NFAT5-dependent
Armcx3	ENSMUSG00000049047	-0.0723876945204606	0.773556742435847	0.386796411103463	0.0409260026588121	FALSE	-0.18714675845608564	0.18714675845608564	0.45918410562392364	Strongly NFAT5-dependent
Gm37589	ENSMUSG00000104235	0.248101870111041	0.290654139860165	0.688925939777306	0.00219170067966089	TRUE	0.36012850697890614	0.36012850697890614	0.440824069666265	Strongly NFAT5-dependent
Gm4459	ENSMUSG00000083626	-0.670830941974228	7.4811008296469e-4	-0.433586411448302	0.0231397094552037	TRUE	1.5471678176755164	1.5471678176755164	0.23724453052592598	NFAT5-independent
Rad51c	ENSMUSG00000007646	-0.899750707576908	8.41985630172441e-5	-0.567545575785613	0.00879539936015933	TRUE	1.5853364839139958	1.5853364839139958	0.33220513179129496	NFAT5-independent
9930014A18Rik	ENSMUSG00000097493	-1.07862151100516	6.84479223795276e-7	-0.986044086318648	6.32146080795931e-6	TRUE	1.0938877135120253	1.0938877135120253	0.09257742468651198	NFAT5-independent
Gm37535	ENSMUSG00000103424	0.821889690176112	1.0119803804853e-4	0.644117015952521	0.00219707048476805	TRUE	1.2759943765197703	1.2759943765197703	-0.177772674223591	NFAT5-independent
Dock3	ENSMUSG00000039716	0.732267172040948	3.5561751248681e-4	1.12934992543016	4.05301384964958e-8	TRUE	0.6483970606028362	0.6483970606028362	0.39708275338921195	Strongly NFAT5-dependent
Lzts3	ENSMUSG00000037703	0.828941872377735	5.45725302777222e-5	0.651153525915351	0.00151898305030543	TRUE	1.2730359882678361	1.2730359882678361	-0.17778834646238395	NFAT5-independent
Sdc3	ENSMUSG00000025743	-0.868740004429568	2.3552255541626e-5	-0.432727485366979	0.0248512021366338	TRUE	2.0075914606922276	2.0075914606922276	0.436012519062589	NFAT5-independent
B230319C09Rik	ENSMUSG00000051844	0.568039962400486	0.00450806494635951	0.651632802779573	0.00108612271626534	TRUE	0.8717178754315046	0.8717178754315046	0.08359284037908699	Partially dependent
P4htm	ENSMUSG00000006675	-0.560923034331352	0.00566608775582444	-0.52822881872993	0.00842381807955859	TRUE	1.0618940399352534	1.0618940399352534	0.03269421560142205	NFAT5-independent
Dnajb14	ENSMUSG00000074212	-0.761809843733222	2.1805394635648e-4	-0.657685037839199	0.00130774102384922	TRUE	1.1583201683226996	1.1583201683226996	0.10412480589402306	NFAT5-independent
Lpar6	ENSMUSG00000033446	0.52236208256984	0.0141970181299141	0.483408710433985	0.0197861505556667	TRUE	1.0805806169708532	1.0805806169708532	-0.03895337213585498	NFAT5-independent
Frmd4a	ENSMUSG00000026657	-0.531536653354995	0.011345344747244	-0.594351754061187	0.00484132241086826	TRUE	0.894313257634089	0.894313257634089	-0.062815100706192	Partially dependent
5330406M23Rik	ENSMUSG00000104030	0.261878093330972	0.233066067561566	0.635808455015707	0.00214993816544479	TRUE	0.4118820554604021	0.4118820554604021	0.37393036168473504	Strongly NFAT5-dependent
Srp54a	ENSMUSG00000073079	-0.455167873423153	0.0287536813150327	-1.04319567079567	5.10483560286212e-6	TRUE	0.4363207077690283	0.4363207077690283	-0.588027797372517	Strongly NFAT5-dependent
Pde8a	ENSMUSG00000025584	0.86160307289944	6.64170416297821e-6	0.963773812535335	5.49298496876667e-7	TRUE	0.8939888817199533	0.8939888817199533	0.10217073963589496	Partially dependent
Dgat2	ENSMUSG00000030747	-1.10891229130616	1.12370051742529e-7	-0.96630788698909	3.79670820432602e-6	TRUE	1.1475765708188617	1.1475765708188617	0.14260440431707	NFAT5-independent
AB124611	ENSMUSG00000057191	-0.807240186767105	3.06336279279439e-5	-0.653229041350059	6.5591932971855e-4	TRUE	1.235768980966835	1.235768980966835	0.15401114541704597	NFAT5-independent
D3Ertd751e	ENSMUSG00000025766	-1.13272257431015	1.4248311436934e-7	-0.888229015152362	2.81854012901961e-5	TRUE	1.275259595202313	1.275259595202313	0.24449355915778814	NFAT5-independent
Thnsl1	ENSMUSG00000048550	-1.10879833875396	1.01058220582959e-6	-1.10524137223767	1.74509294549078e-6	TRUE	1.0032182712352584	1.0032182712352584	0.0035569665162900055	NFAT5-independent
Tmem170	ENSMUSG00000031953	0.174412867631308	0.430941649486176	0.459606847735566	0.0160506422826389	TRUE	0.379482743763766	0.379482743763766	0.285193980104258	Strongly NFAT5-dependent
Tert	ENSMUSG00000021611	-0.160304739399384	0.476803017438441	0.596444920448129	0.00152236122960205	FALSE	-0.2687670460483454	0.2687670460483454	0.756749659847513	Strongly NFAT5-dependent
Spef1	ENSMUSG00000027329	1.43688182626279	3.1841247925217e-11	0.586180912858922	0.00686959960856663	TRUE	2.451260003084762	2.451260003084762	-0.850700913403868	NFAT5-independent
3830406C13Rik	ENSMUSG00000033111	-0.905004654908481	2.49644984345409e-5	-0.81818603595393	1.4636406826512e-4	TRUE	1.1061110983803684	1.1061110983803684	0.08681861895455101	NFAT5-independent
Cryl1	ENSMUSG00000021947	-1.1588685787938	8.13387213848975e-8	-1.04019342177671	1.65521659256338e-6	TRUE	1.1140895092514487	1.1140895092514487	0.11867515701709008	NFAT5-independent
4930412M03Rik	ENSMUSG00000051008	0.497933512376675	0.0128166223077044	0.41088370179455	0.0356224134359182	TRUE	1.2118599744938328	1.2118599744938328	-0.08704981058212496	NFAT5-independent
Rragb	ENSMUSG00000041658	-0.57632863101343	0.00859830958003787	-0.662824785227251	0.00279476164617025	TRUE	0.8695037419517051	0.8695037419517051	-0.08649615421382095	Partially dependent
Zswim9	ENSMUSG00000070814	-0.684296931875557	0.00100589034773958	-0.568785474316345	0.00553626047100613	TRUE	1.2030844013695174	1.2030844013695174	0.115511457559212	NFAT5-independent
Pecr	ENSMUSG00000026189	-0.306799746906783	0.130283424874063	-0.422666884930414	0.0303370664158726	TRUE	0.7258665342502363	0.7258665342502363	-0.11586713802363097	Strongly NFAT5-dependent
Ccdc120	ENSMUSG00000031150	2.59608948544565	4.54972880636372e-27	2.22826553030515	1.4897327478934797e-19	TRUE	1.1650718687418409	1.1650718687418409	-0.36782395514050004	NFAT5-independent
Gm47087	ENSMUSG00000111212	0.59199248862242	0.00880857729583082	0.672498055006165	0.0028187603872053	TRUE	0.8802887743920583	0.8802887743920583	0.08050556638374495	Partially dependent
Rapgef5	ENSMUSG00000041992	-1.18833331040865	7.49236687843639e-9	-0.373172092203371	0.0420329312555176	TRUE	3.184410986877961	3.184410986877961	0.815161218205279	NFAT5-independent
Pter	ENSMUSG00000026730	-1.92574014464964	3.60433884439314e-16	-2.14639294979659	1.39580037973314e-17	TRUE	0.8971983181514547	0.8971983181514547	-0.22065280514694985	Partially dependent
Xkr5	ENSMUSG00000039814	-3.46446201164087	1.35144149549353e-27	-1.83358283699784	9.08903297729125e-14	TRUE	1.8894494111393951	1.8894494111393951	1.6308791746430302	NFAT5-independent
Gdap10	ENSMUSG00000096954	0.486144207093236	0.0145197532052824	0.506292294761684	0.00987677332260358	TRUE	0.9602046330214608	0.9602046330214608	0.020148087668448	Partially dependent
Dcbld2	ENSMUSG00000035107	0.979359010186097	2.83362130373406e-6	0.797749058162774	1.4976474324892e-4	TRUE	1.2276529820562534	1.2276529820562534	-0.18160995202332297	NFAT5-independent
1110051M20Rik	ENSMUSG00000040591	-1.14520785315574	4.1148273690935e-7	-1.07808386992661	2.38038023263442e-6	TRUE	1.0622623017573756	1.0622623017573756	0.06712398322912994	NFAT5-independent
Prkcz2	ENSMUSG00000108314	0.774670902566917	2.2011086403256e-4	0.473868305908072	0.0207285558583082	TRUE	1.6347809990845834	1.6347809990845834	-0.30080259665884496	NFAT5-independent
Ntrk3	ENSMUSG00000059146	0.183274093493527	0.405612956629231	0.733994558679568	1.5710336852467e-4	TRUE	0.24969407651090908	0.24969407651090908	0.550720465186041	Strongly NFAT5-dependent
Gm48996	ENSMUSG00000115252	0.684472342250282	0.00191411616454535	0.679158429675509	0.00197981119285617	TRUE	1.0078242606475663	1.0078242606475663	-0.005313912574772983	NFAT5-independent
Tle2	ENSMUSG00000034771	1.18531612855053	5.86877207217095e-7	1.3324987889291	2.62685415283538e-8	TRUE	0.889543869306735	0.889543869306735	0.14718266037856997	Partially dependent
Dyrk1b	ENSMUSG00000002409	0.394430666026106	0.0529719505681484	0.593777290724283	0.00279840873909247	TRUE	0.6642737473927031	0.6642737473927031	0.199346624698177	Strongly NFAT5-dependent
Ctif	ENSMUSG00000052928	0.746463552357142	2.2943758597588e-4	0.677004257619638	8.5946459310438e-4	TRUE	1.1025980175984778	1.1025980175984778	-0.06945929473750401	NFAT5-independent
Nubpl	ENSMUSG00000035142	-0.79639031689834	1.5478524565962e-4	-0.9912413879272	6.79312871590795e-6	TRUE	0.803427224284575	0.803427224284575	-0.19485107102886	Partially dependent
Bace1	ENSMUSG00000032086	-0.208934502162207	0.334659336218071	-0.538161331829774	0.00861536736943768	TRUE	0.3882376711307366	0.3882376711307366	-0.329226829667567	Strongly NFAT5-dependent
Tmc4	ENSMUSG00000019734	-0.525246832921016	0.00642712055785097	-0.861934218894768	2.42553596546282e-5	TRUE	0.6093815762350451	0.6093815762350451	-0.3366873859737519	Strongly NFAT5-dependent
Casc1	ENSMUSG00000043541	2.04285023974445	6.6197656271618105e-21	1.11065880542986	1.0615007298235e-6	TRUE	1.8393139547061912	1.8393139547061912	-0.9321914343145901	NFAT5-independent
Sort1	ENSMUSG00000068747	3.04850853545435	1.3174905544469e-31	2.95834940181475	2.84886487722089e-29	TRUE	1.0304761613297921	1.0304761613297921	-0.09015913363960015	NFAT5-independent
Dbndd1	ENSMUSG00000031970	-0.600522068054562	0.00196902146962289	-0.547433809239684	0.0045371183396142	TRUE	1.0969765803990272	1.0969765803990272	0.053088258814878	NFAT5-independent
Col7a1	ENSMUSG00000025650	1.86885101065622	9.87540245304034e-16	1.66637583823602	2.03969323974856e-12	TRUE	1.121506305945083	1.121506305945083	-0.20247517242019986	NFAT5-independent
Hic1	ENSMUSG00000043099	1.33899445076398	1.0506886431783e-4	0.774585683385248	0.013213103806908	TRUE	1.728658919839624	1.728658919839624	-0.5644087673787319	NFAT5-independent
Hspa2	ENSMUSG00000059970	0.564355507647798	0.00503500630790699	0.500143811025426	0.0113787907212898	TRUE	1.1283864664659573	1.1283864664659573	-0.06421169662237192	NFAT5-independent
Grk5	ENSMUSG00000003228	1.2971932795242	2.41716399023254e-8	1.00439373855594	1.86743665512199e-5	TRUE	1.2915186840862134	1.2915186840862134	-0.29279954096826	NFAT5-independent
Phyh	ENSMUSG00000026664	-1.0763649447513	3.19305363136125e-6	-0.580734718288793	0.00687623858419326	TRUE	1.8534537558266588	1.8534537558266588	0.495630226462507	NFAT5-independent
Fam210b	ENSMUSG00000027495	-0.766204012956418	2.4532271619077e-4	-0.472794767121366	0.0178236745742996	TRUE	1.6205847996615712	1.6205847996615712	0.29340924583505207	NFAT5-independent
Slc6a8	ENSMUSG00000019558	1.28766491672328	5.123991815072811e-9	0.856806897926303	1.2557593339128e-4	TRUE	1.5028647876665866	1.5028647876665866	-0.43085801879697705	NFAT5-independent
Pfkfb1	ENSMUSG00000025271	-0.313180938295595	0.129026533814679	-0.536619537764828	0.00872350720578535	TRUE	0.5836182178533457	0.5836182178533457	-0.22343859946923295	Strongly NFAT5-dependent
Gm15122	ENSMUSG00000087672	0.677770531433351	0.00155916626156091	0.48877607813467	0.0194116391471219	TRUE	1.3866687871058376	1.3866687871058376	-0.18899445329868098	NFAT5-independent
Gpr15	ENSMUSG00000047293	2.6964298966033	9.5237111218937594e-29	1.43785767906443	2.19541951127275e-8	TRUE	1.8753107041566064	1.8753107041566064	-1.2585722175388698	NFAT5-independent
Krba1	ENSMUSG00000042810	1.48766424399354	3.95555898962968e-11	1.07673629453122	2.76142251283125e-6	TRUE	1.3816421453882783	1.3816421453882783	-0.4109279494623199	NFAT5-independent
Ap3m2	ENSMUSG00000031539	-0.559904853772316	0.00747319926583685	-0.854406734032474	1.0996926256719e-4	TRUE	0.6553141864060207	0.6553141864060207	-0.294501880260158	Strongly NFAT5-dependent
C130083M11Rik	ENSMUSG00000106464	-1.67436575744477	1.0993859203566099e-11	-1.5419133709378	5.00538147919025e-10	TRUE	1.0859013152122883	1.0859013152122883	0.13245238650697	NFAT5-independent
Agrn	ENSMUSG00000041936	-0.354731478491624	0.0957534230398363	-0.464450130474735	0.0252113151735648	TRUE	0.7637665601020228	0.7637665601020228	-0.10971865198311098	Strongly NFAT5-dependent
Cacna1c	ENSMUSG00000051331	-0.111193615637602	0.659319674071907	0.805992705146836	1.3873611942826e-4	FALSE	-0.13795858812065143	0.13795858812065143	0.917186320784438	Strongly NFAT5-dependent
Carns1	ENSMUSG00000075289	-0.320999216843794	0.134667890539918	-0.4296166948644	0.0372899791537721	TRUE	0.7471758446098354	0.7471758446098354	-0.108617478020606	Strongly NFAT5-dependent
Rbks	ENSMUSG00000029136	-1.45499250942533	2.0996609802383398e-11	-0.835488447284777	3.68244682952093e-5	TRUE	1.7414872870520908	1.7414872870520908	0.619504062140553	NFAT5-independent
Ttc41	ENSMUSG00000044937	-1.15231922653786	1.46872220836901e-6	-0.780306842840979	6.8124383511372e-4	TRUE	1.4767514050529664	1.4767514050529664	0.37201238369688094	NFAT5-independent
Utf1	ENSMUSG00000047751	1.81268814094755	1.1664414900589401e-15	0.552407289210081	0.0145519178844281	TRUE	3.2814341453379754	3.2814341453379754	-1.2602808517374688	NFAT5-independent
Rab3d	ENSMUSG00000019066	-1.27173339719116	5.37071767523182e-9	-1.02235934689798	1.94508472304101e-6	TRUE	1.2439201549336105	1.2439201549336105	0.24937405029318005	NFAT5-independent
Slfn3	ENSMUSG00000018986	-1.09844565477903	3.99898209919183e-7	-0.720425279658253	5.2949229467632e-4	TRUE	1.524718365380096	1.524718365380096	0.378020375120777	NFAT5-independent
1500011B03Rik	ENSMUSG00000072694	0.442979376558841	0.0332437861216659	0.431824261982411	0.0313759154548124	TRUE	1.0258325331819462	1.0258325331819462	-0.011155114576430036	NFAT5-independent
Vav3	ENSMUSG00000033721	1.16605865930077	6.80543652966188e-8	1.21076009214456	3.01800198370099e-8	TRUE	0.963079859392613	0.963079859392613	0.04470143284379002	Partially dependent
Dqx1	ENSMUSG00000009145	-1.13749722248298	1.73264459593185e-7	-1.42977262983016	9.74226958868249e-10	TRUE	0.79557910030639	0.79557910030639	-0.29227540734718005	Partially dependent
Bckdhb	ENSMUSG00000032263	-1.04396685888608	1.8550209810688e-6	-0.480198427779517	0.0166994838866046	TRUE	2.1740322302042547	2.1740322302042547	0.5637684311065629	NFAT5-independent
Rad9b	ENSMUSG00000038569	-0.964510445950595	3.41431138517114e-5	-0.82199052834583	3.6589859392132e-4	TRUE	1.1733838927457856	1.1733838927457856	0.142519917604765	NFAT5-independent
Ovca2	ENSMUSG00000038268	-1.29849861904456	2.38013269670645e-8	-0.967800293623723	1.87650289795816e-5	TRUE	1.34170099719913	1.34170099719913	0.330698325420837	NFAT5-independent
Itgae	ENSMUSG00000005947	-0.596897997154588	0.00345551754657859	-0.626206880447191	0.00227037052538776	TRUE	0.9531961653444742	0.9531961653444742	-0.02930888329260295	Partially dependent
Rab37	ENSMUSG00000020732	-1.79360732317673	2.56732900858696e-15	-1.03113231114522	8.50229477295639e-7	TRUE	1.7394540970059142	1.7394540970059142	0.76247501203151	NFAT5-independent
Mast1	ENSMUSG00000053693	1.1641588012948	1.76692123153788e-7	1.1468853377833	3.67908686503603e-7	TRUE	1.0150611948225672	1.0150611948225672	-0.017273463511500164	NFAT5-independent
Fam19a3	ENSMUSG00000055865	-0.225920293579649	0.299897767029975	-0.800558402241855	3.3662159647233e-4	TRUE	0.2822033882187607	0.2822033882187607	-0.5746381086622061	Strongly NFAT5-dependent
Gm14230	ENSMUSG00000087179	0.715089434768358	8.4464062381922e-4	0.416622539647739	0.0442013466673887	TRUE	1.7163964181414129	1.7163964181414129	-0.29846689512061897	NFAT5-independent
Gm20705	ENSMUSG00000093559	0.653544393663827	0.00271364855926619	0.85169340084697	1.0311086900202e-4	TRUE	0.7673470206695356	0.7673470206695356	0.198149007183143	Partially dependent
1810014B01Rik	ENSMUSG00000097412	-1.4510091535694	1.26957254585837e-10	-1.16225436292527	1.53002897248902e-7	TRUE	1.2484437140914362	1.2484437140914362	0.2887547906441301	NFAT5-independent
Ifit2	ENSMUSG00000045932	-1.32163994207594	1.96679189655727e-8	-0.612564526102058	0.00401102476346628	TRUE	2.1575522018650886	2.1575522018650886	0.7090754159738819	NFAT5-independent
Rora	ENSMUSG00000032238	0.394413655824916	0.0917728415043899	0.736713053645426	0.00169997584919737	TRUE	0.5353694411593038	0.5353694411593038	0.34229939782051005	Strongly NFAT5-dependent
Nudt22	ENSMUSG00000037349	0.077359946384921	0.764621593257687	0.479312650298201	0.0157328532321255	TRUE	0.1613976729735634	0.1613976729735634	0.40195270391328003	Strongly NFAT5-dependent
Prrg1	ENSMUSG00000047996	-0.368926311726804	0.0862440896653061	-0.572609462862274	0.00803764912342071	TRUE	0.6442895824366414	0.6442895824366414	-0.20368315113546998	Strongly NFAT5-dependent
Mir22hg	ENSMUSG00000085148	1.32668848234197	1.1008054354294702e-9	0.977578412108643	1.04135738216133e-5	TRUE	1.3571172050335014	1.3571172050335014	-0.34911007023332696	NFAT5-independent
Gm13185	ENSMUSG00000085205	0.0847457032483287	0.748685079160621	0.606146901162843	0.00380538957307335	TRUE	0.13981050317299493	0.13981050317299493	0.5214011979145143	Strongly NFAT5-dependent
Rnf227	ENSMUSG00000043419	0.49455578725271	0.0240697501907721	0.68214618899755	0.0018641147110413	TRUE	0.7249997071441328	0.7249997071441328	0.18759040174483999	Partially dependent
Smim19	ENSMUSG00000031534	-1.50515440099304	3.63399069148039e-5	-1.85816004379045	1.21562245673566e-6	TRUE	0.8100240913170667	0.8100240913170667	-0.35300564279741	Partially dependent
Dhx58	ENSMUSG00000017830	-0.519639332809965	0.0110206878733139	-0.529528639695971	0.00890000602687369	TRUE	0.9813243210193807	0.9813243210193807	-0.009889306886005977	Partially dependent
Rims3	ENSMUSG00000032890	-0.434911795557951	0.0437953603616094	-1.43263382816351	2.23631721517127e-8	TRUE	0.3035749868586193	0.3035749868586193	-0.997722032605559	Strongly NFAT5-dependent
Gm36445	ENSMUSG00000110393	0.38230528728259	0.0600812721955723	0.448890832959283	0.0220109903840222	TRUE	0.8516665060016213	0.8516665060016213	0.066585545676693	Strongly NFAT5-dependent
Aqp3	ENSMUSG00000028435	-2.27941693881976	6.81782443000495e-21	-1.43544233413359	9.86401557424671e-11	TRUE	1.5879543779761656	1.5879543779761656	0.84397460468617	NFAT5-independent
Proz	ENSMUSG00000031445	-0.96853845130619	1.0736679885957e-4	-0.757309245673858	0.00183058781115373	TRUE	1.2789206745315502	1.2789206745315502	0.21122920563233194	NFAT5-independent
Gm47015	ENSMUSG00000112907	1.24578907057291	1.21924015955342e-7	2.40365310052913	7.00723563461551e-26	TRUE	0.5182898773116084	0.5182898773116084	1.1578640299562202	Strongly NFAT5-dependent
Ctbs	ENSMUSG00000028189	-1.04678576048171	1.35152045174634e-5	-0.99664277262123	4.00224742804316e-5	TRUE	1.050311896336338	1.050311896336338	0.05014298786047988	NFAT5-independent
Unc5a	ENSMUSG00000025876	1.3343575542683	1.13597927037348e-8	0.600493041323699	0.00903937166801261	TRUE	2.2221032758796073	2.2221032758796073	-0.733864512944601	NFAT5-independent
Acsbg1	ENSMUSG00000032281	-1.50612232761038	1.0529197336169601e-10	-1.19141876361054	1.7808209251634e-7	TRUE	1.2641418564251456	1.2641418564251456	0.3147035639998399	NFAT5-independent
Rilpl1	ENSMUSG00000029392	0.675406025848767	0.00174164056993719	0.773419823057342	3.6546990657188e-4	TRUE	0.8732721941091129	0.8732721941091129	0.09801379720857506	Partially dependent
St8sia1	ENSMUSG00000030283	-0.605025257518186	0.0045635129885741	0.515131873940337	0.00734981299236598	FALSE	-1.174505574446866	1.174505574446866	1.120157131458523	NFAT5-independent (Opposite direction)
Slc35d2	ENSMUSG00000033114	-1.00685271998578	6.07581610970383e-6	-0.755228115078083	5.0171867486222e-4	TRUE	1.3331769565830869	1.3331769565830869	0.251624604907697	NFAT5-independent
Zcwpw1	ENSMUSG00000037108	-1.36112910255997	2.35956397975849e-9	-0.666228574695615	0.00132189693371784	TRUE	2.043036210480524	2.043036210480524	0.6949005278643551	NFAT5-independent
Wdr54	ENSMUSG00000030032	0.313017677574532	0.138416110061914	0.524600385413772	0.00903864408942721	TRUE	0.596678321781337	0.596678321781337	0.21158270783923994	Strongly NFAT5-dependent
Gm4759	ENSMUSG00000053541	-1.68388701843177	5.62984570615735e-13	-0.629295493120027	0.00189870627421385	TRUE	2.6758288226141773	2.6758288226141773	1.054591525311743	NFAT5-independent
Tpi-rs11	ENSMUSG00000106755	-0.0987209877178099	0.685186646894329	-0.466155404605402	0.0257365470959416	TRUE	0.21177698840878328	0.21177698840878328	-0.3674344168875921	Strongly NFAT5-dependent
Mypop	ENSMUSG00000048481	0.624602762931585	0.00305971084567106	0.532244484214256	0.0104956277682869	TRUE	1.1735260419911653	1.1735260419911653	-0.09235827871732905	NFAT5-independent
Nat9	ENSMUSG00000015542	-1.12332543143831	6.95700147075398e-7	-0.80874820829518	2.2062684907185e-4	TRUE	1.388968061896855	1.388968061896855	0.3145772231431301	NFAT5-independent
Snord43	ENSMUSG00000105167	-1.14570521751253	7.12052110319962e-7	-1.35679967045147	2.50896419627199e-8	TRUE	0.8444173760237581	0.8444173760237581	-0.21109445293894002	Partially dependent
Gnb5	ENSMUSG00000032192	0.523926201634626	0.0133308526717785	1.15232492291891	5.00692194354699e-8	TRUE	0.4546688101716039	0.4546688101716039	0.6283987212842841	Strongly NFAT5-dependent
Palm3	ENSMUSG00000047986	-0.449255906068351	0.0351528573817976	-0.600256154459621	0.00554916675873589	TRUE	0.7484403162393102	0.7484403162393102	-0.15100024839127002	Partially dependent
Gm10357	ENSMUSG00000072421	-0.186146142239785	0.418454692476426	-0.595525033496211	0.00656364818966942	TRUE	0.31257484030009186	0.31257484030009186	-0.409378891256426	Strongly NFAT5-dependent
Hist1h2bc	ENSMUSG00000018102	1.55197275238745	2.33987418066519e-10	1.46989116313312	3.2208245183039203e-9	TRUE	1.0558419502838363	1.0558419502838363	-0.08208158925433007	NFAT5-independent
Nmnat3	ENSMUSG00000032456	-1.71382166591541	5.68729535618004e-13	-1.75989176039591	8.68588902357852e-13	TRUE	0.9738222000254515	0.9738222000254515	-0.046070094480500146	Partially dependent
Thtpa	ENSMUSG00000045691	0.593162890497889	0.00584806527977039	0.588675592616039	0.005725404183044	TRUE	1.0076227007508647	1.0076227007508647	-0.004487297881849983	NFAT5-independent
Pla2g4c	ENSMUSG00000033847	-0.364989732652821	0.0892221282874851	-0.89848020359676	1.0246893030315e-4	TRUE	0.4062301330532478	0.4062301330532478	-0.533490470943939	Strongly NFAT5-dependent
Dnase1	ENSMUSG00000005980	-1.33964032849489	8.41197748825353e-8	-1.19769544366993	1.68403365695348e-6	TRUE	1.1185150077802901	1.1185150077802901	0.14194488482495982	NFAT5-independent
Lats2	ENSMUSG00000021959	1.08913121495547	7.27661749506158e-7	1.04540474554022	2.58986838456737e-6	TRUE	1.0418273110025476	1.0418273110025476	-0.043726469415249936	NFAT5-independent
Gstm4	ENSMUSG00000027890	-0.775173658799744	3.5763858296567e-4	-0.858591967731762	1.1657640617635e-4	TRUE	0.902842896198536	0.902842896198536	-0.08341830893201807	Partially dependent
Zfp992	ENSMUSG00000070605	-0.932304975761108	9.01042930746122e-5	-0.8741405002361	2.5832962337858e-4	TRUE	1.0665390466513085	1.0665390466513085	0.05816447552500803	NFAT5-independent
Stom	ENSMUSG00000026880	1.54790704474517	1.3472739504600301e-10	2.19228025567035	3.42728378448647e-20	TRUE	0.7060716989725635	0.7060716989725635	0.6443732109251801	Partially dependent
Katnal1	ENSMUSG00000041298	-1.09587711352853	3.79734937220841e-6	-0.593474582445073	0.00674431956947889	TRUE	1.8465443103116468	1.8465443103116468	0.5024025310834569	NFAT5-independent
A630052C17Rik	ENSMUSG00000086725	0.5075498239248	0.0164660320741267	0.469626356822144	0.0223498088854285	TRUE	1.0807524248836364	1.0807524248836364	-0.03792346710265598	NFAT5-independent
Lrrc61	ENSMUSG00000073096	-1.3099764269801	7.51865364351868e-9	-1.68926457028506	1.0693945783065001e-11	TRUE	0.7754714388871864	0.7754714388871864	-0.37928814330495997	Partially dependent
Sulf2	ENSMUSG00000006800	-0.362934098550147	0.0815584611199516	-0.556956216741274	0.00859326101434067	TRUE	0.6516384729012601	0.6516384729012601	-0.19402211819112702	Strongly NFAT5-dependent
9930012K11Rik	ENSMUSG00000044551	0.469605212419244	0.0385429187032008	0.635686662768328	0.00476453978168674	TRUE	0.7387369279924451	0.7387369279924451	0.16608145034908395	Partially dependent
Tigd5	ENSMUSG00000103906	1.08752412626351	2.42894580361526e-6	0.957584154163754	3.86860762234098e-5	TRUE	1.1356956164476542	1.1356956164476542	-0.12993997209975605	NFAT5-independent
Pex11a	ENSMUSG00000030545	0.630431535289474	0.00509090113572187	0.955139240740791	2.79594967908477e-5	TRUE	0.6600414980338586	0.6600414980338586	0.324707705451317	Strongly NFAT5-dependent
Gch1	ENSMUSG00000037580	-0.536199220127792	0.0199460523943581	-0.741046519431239	0.00198142307736024	TRUE	0.7235702564790811	0.7235702564790811	-0.20484729930344703	Partially dependent
Tln2	ENSMUSG00000052698	-1.65460418285703	7.3157960360782e-12	-1.85014891423352	4.80827744049564e-13	TRUE	0.8943086527402577	0.8943086527402577	-0.19554473137648998	Partially dependent
Rragd	ENSMUSG00000028278	0.45807250512742	0.0292451652054564	0.409174683358287	0.0432165079907007	TRUE	1.1195035366504247	1.1195035366504247	-0.04889782176913299	NFAT5-independent
Rfesd	ENSMUSG00000043190	-0.594673230116534	0.00903183474515847	-0.52703279318251	0.0181222540016636	TRUE	1.1283419889786637	1.1283419889786637	0.067640436934024	NFAT5-independent
Icosl	ENSMUSG00000000732	-0.927169839130436	1.94112366207728e-5	-0.628363467234533	0.00271901685374917	TRUE	1.475531101785673	1.475531101785673	0.2988063718959031	NFAT5-independent
Plekhf1	ENSMUSG00000074170	0.932963090236047	3.21478850822538e-5	0.932341515655073	3.76125969509303e-5	TRUE	1.0006666812219955	1.0006666812219955	-6.215745809740048e-4	NFAT5-independent
Them4	ENSMUSG00000028145	-0.519769560131305	0.0193670132407792	-0.486761482529718	0.0251782414865472	TRUE	1.0678116054500508	1.0678116054500508	0.03300807760158703	NFAT5-independent
Smim8	ENSMUSG00000028295	-1.58793222829955	2.6263726029039903e-9	-1.77705861955997	3.03279940419737e-10	TRUE	0.893573352517065	0.893573352517065	-0.18912639126041997	Partially dependent
Klhdc8b	ENSMUSG00000032609	0.380316715188404	0.0892221282874851	0.430938880612563	0.0433540890628813	TRUE	0.8825305218405878	0.8825305218405878	0.05062216542415904	Strongly NFAT5-dependent
2900026A02Rik	ENSMUSG00000051339	-0.998543867455527	3.21170916768317e-5	-0.972117019433614	6.50135820756971e-5	TRUE	1.0271848424558088	1.0271848424558088	0.026426848021913085	NFAT5-independent
Gm27240	ENSMUSG00000098843	0.213552225499878	0.348653755475459	0.616793616346678	0.00305320138367809	TRUE	0.3462296298797098	0.3462296298797098	0.40324139084679994	Strongly NFAT5-dependent
Afg1l	ENSMUSG00000038302	-1.35114193923143	1.28624713106091e-8	-1.13164875528206	1.53394893651177e-6	TRUE	1.1939587552452722	1.1939587552452722	0.2194931839493699	NFAT5-independent
Tmem253	ENSMUSG00000072571	0.332430181881935	0.134085065831124	0.483371542116511	0.0222249265077613	TRUE	0.6877322161464909	0.6877322161464909	0.150941360234576	Strongly NFAT5-dependent
Gm43660	ENSMUSG00000107352	-0.650413262122809	0.00480170336209862	-0.615155480320968	0.00691972673584537	TRUE	1.0573152364398097	1.0573152364398097	0.035257781801841026	NFAT5-independent
Senp8	ENSMUSG00000051705	-2.1461296284125	2.96157826188881e-16	-1.69585378583729	1.30062849248565e-11	TRUE	1.2655157221310187	1.2655157221310187	0.45027584257521003	NFAT5-independent
Zfp189	ENSMUSG00000039634	0.44694114729319	0.0493220110894053	0.989676056536566	1.81585248050581e-5	TRUE	0.45160347604779777	0.45160347604779777	0.542734909243376	Strongly NFAT5-dependent
5830428M24Rik	ENSMUSG00000113035	-1.17622165679948	4.87321138286284e-7	-0.808336131999041	3.1207568502205e-4	TRUE	1.4551145374272043	1.4551145374272043	0.3678855248004391	NFAT5-independent
Tmlhe	ENSMUSG00000079834	-1.55480792677288	2.33574872770123e-10	-0.890242819021365	8.20015203680341e-5	TRUE	1.7464987007500545	1.7464987007500545	0.664565107751515	NFAT5-independent
Kif13a	ENSMUSG00000021375	-1.58733315671216	4.97764734320804e-5	-0.663843174193199	0.0311554854253087	TRUE	2.391126727545739	2.391126727545739	0.923489982518961	NFAT5-independent
Zfand4	ENSMUSG00000042213	-1.1465647470068	6.28772747129289e-7	-0.918849133046365	4.92720714028999e-5	TRUE	1.247826988969847	1.247826988969847	0.22771561396043494	NFAT5-independent
Ctnnbip1	ENSMUSG00000028988	-0.911642002542123	6.91645762593003e-5	-0.50750155424427	0.0170443191046712	TRUE	1.7963334199038385	1.7963334199038385	0.404140448297853	NFAT5-independent
Has3	ENSMUSG00000031910	0.261319364820171	0.253000049316544	0.604680347295418	0.00534687251122804	TRUE	0.4321611674482002	0.4321611674482002	0.343360982475247	Strongly NFAT5-dependent
Metrnl	ENSMUSG00000039208	-0.169196329975127	0.483039129989897	0.740621216671251	4.4865663713026e-4	FALSE	-0.22845190789373557	0.22845190789373557	0.909817546646378	Strongly NFAT5-dependent
Fbxl4	ENSMUSG00000040410	-0.778918288462241	0.0012259050988989	-0.697055086303857	0.00338723598504958	TRUE	1.1174415103868829	1.1174415103868829	0.08186320215838394	NFAT5-independent
Trbd1	ENSMUSG00000095668	0.543475198040219	0.0114923424471077	0.584740827246867	0.00593858671878462	TRUE	0.9294291978876542	0.9294291978876542	0.041265629206648	Partially dependent
Tpk1	ENSMUSG00000029735	-1.21487960549147	4.46656319756027e-7	-1.05112038768982	1.17153339042405e-5	TRUE	1.1557949210380782	1.1557949210380782	0.16375921780164981	NFAT5-independent
Tax1bp3	ENSMUSG00000040158	1.05438805812132	7.28919284949363e-5	1.2155212656911	6.30111034736562e-6	TRUE	0.8674369489717108	0.8674369489717108	0.16113320756978	Partially dependent
Slc9b2	ENSMUSG00000037994	-0.262198868181846	0.243175858244093	-0.780575462310948	8.6455400924835e-4	TRUE	0.3359045740505191	0.3359045740505191	-0.518376594129102	Strongly NFAT5-dependent
Nphp1	ENSMUSG00000027378	-1.45467257157147	4.7037664696244703e-07	-1.3964894172257	1.74479203095642e-6	TRUE	1.0416638705800993	1.0416638705800993	0.058183154345769816	NFAT5-independent
Rpgr	ENSMUSG00000031174	-0.647562423295167	0.0057146517443537204	-0.567459161040407	0.0129233341671486	TRUE	1.1411612812944898	1.1411612812944898	0.08010326225476005	NFAT5-independent
Efcab7	ENSMUSG00000073791	-0.336982581133701	0.128534765950696	-0.574299055752027	0.00992918219490652	TRUE	0.5867719574994471	0.5867719574994471	-0.237316474618326	Strongly NFAT5-dependent
Clcn2	ENSMUSG00000022843	0.397852325193772	0.0804513754516648	0.478763966692191	0.028900253213362	TRUE	0.8309988906277922	0.8309988906277922	0.080911641498419	Strongly NFAT5-dependent
Gm36931	ENSMUSG00000103779	-0.0108346546072904	0.971548331016893	0.490716812059673	0.0276977320908374	FALSE	-0.022079240696511668	0.022079240696511668	0.5015514666669634	Strongly NFAT5-dependent
Samd11	ENSMUSG00000096351	-0.51462734687552	0.0219367009062596	-0.468183489947094	0.0313422185784396	TRUE	1.0992001168893724	1.0992001168893724	0.04644385692842601	NFAT5-independent
Gm11400	ENSMUSG00000081208	0.580912945760335	0.00784174260973923	0.513629271379415	0.0162841351185486	TRUE	1.130996573073457	1.130996573073457	-0.06728367438091998	NFAT5-independent
9330151L19Rik	ENSMUSG00000097061	1.01012692342483	1.12883451636249e-5	0.94525326299102	4.52693245141634e-5	TRUE	1.0686309827998195	1.0686309827998195	-0.06487366043381004	NFAT5-independent
Apobr	ENSMUSG00000042759	-0.697134320608812	0.00406605915886248	-1.06636377039043	4.74953107203062e-5	TRUE	0.6537490675940432	0.6537490675940432	-0.3692294497816181	Strongly NFAT5-dependent
Pfkfb4	ENSMUSG00000025648	0.562476737857134	0.0102093670704027	0.91206072516446	3.57811207114954e-5	TRUE	0.6167097456758813	0.6167097456758813	0.349583987307326	Strongly NFAT5-dependent
Fndc10	ENSMUSG00000074738	0.0853308696448394	0.746992302167906	0.643597037887236	0.00245886398868241	TRUE	0.13258431071242768	0.13258431071242768	0.5582661682423966	Strongly NFAT5-dependent
Gpr19	ENSMUSG00000032641	-1.27596690957964	3.61097734594068e-6	-0.813194049073843	0.00166808496170736	TRUE	1.5690804808924204	1.5690804808924204	0.462772860505797	NFAT5-independent
Kif5a	ENSMUSG00000074657	1.33722395874281	5.5499074131668e-8	1.38719084728547	2.48246310863843e-8	TRUE	0.9639798023174405	0.9639798023174405	0.04996688854265985	Partially dependent
Frat1	ENSMUSG00000067199	1.05902165533103	2.66289876305213e-5	1.46351846322963	8.81403319792659e-9	TRUE	0.7236134575262045	0.7236134575262045	0.4044968078986	Partially dependent
Gm44103	ENSMUSG00000107577	0.735845621292568	0.0011684232898232	0.813012424832739	3.5875579163186e-4	TRUE	0.9050853330365197	0.9050853330365197	0.07716680354017091	Partially dependent
Lrrc49	ENSMUSG00000047766	-0.867692757510831	6.8048683981909e-4	-0.985926813480195	1.8083166491717e-4	TRUE	0.8800782630588847	0.8800782630588847	-0.11823405596936398	Partially dependent
A430072P03Rik	ENSMUSG00000090030	0.464884879412858	0.0590506824757922	0.83151722016193	0.00103488086725978	TRUE	0.5590802789656312	0.5590802789656312	0.36663234074907197	Strongly NFAT5-dependent
Fzd5	ENSMUSG00000045005	0.900990693575073	5.77639158572377e-5	0.880227502309879	9.55150357081765e-5	TRUE	1.0235884373195652	1.0235884373195652	-0.020763191265193992	NFAT5-independent
Nat8f4	ENSMUSG00000068299	-0.481524871273903	0.0278183905081499	-0.668230455956428	0.00304808540675912	TRUE	0.7205970140715957	0.7205970140715957	-0.18670558468252507	Partially dependent
Cep83os	ENSMUSG00000097164	-2.25111174643916	7.28144785015775e-16	-2.48411651173353	1.49776379307146e-16	TRUE	0.9062021591202385	0.9062021591202385	-0.23300476529436986	Partially dependent
Gm9888	ENSMUSG00000052724	0.291263907181417	0.195422731926319	0.738509043162199	6.9877108444858e-4	TRUE	0.3943945031928967	0.3943945031928967	0.447245135980782	Strongly NFAT5-dependent
Rph3al	ENSMUSG00000020847	1.27913059431187	5.16064171441944e-7	0.837865321777169	9.3280453036653e-4	TRUE	1.5266541782619043	1.5266541782619043	-0.44126527253470105	NFAT5-independent
Lrrc75a	ENSMUSG00000046417	-0.735363772838814	0.00140733345937015	-0.43246929937488	0.0428346556245188	TRUE	1.7003837588049786	1.7003837588049786	0.30289447346393406	NFAT5-independent
Mir142b	ENSMUSG00000065420	0.609627353360206	0.00691603199904294	0.456588005074091	0.0353177456487986	TRUE	1.3351803958609934	1.3351803958609934	-0.15303934828611504	NFAT5-independent
Gm5141	ENSMUSG00000091183	-0.388295572478539	0.10274710732974	-0.513306690571504	0.0284158267482151	TRUE	0.7564592077422945	0.7564592077422945	-0.125011118092965	Strongly NFAT5-dependent
I730030J21Rik	ENSMUSG00000116504	-1.30300314369502	1.23284256874797e-7	-0.761046549961357	9.1584338919472e-4	TRUE	1.7121201636893058	1.7121201636893058	0.541956593733663	NFAT5-independent
Gm43331	ENSMUSG00000104910	0.492203243071689	0.0341466583761684	0.6219144359477	0.00696873651599991	TRUE	0.7914324135628859	0.7914324135628859	0.12971119287601102	Partially dependent
Gm13833	ENSMUSG00000087312	0.369187411011662	0.104483755857575	0.593060236307469	0.00766474354831234	TRUE	0.6225125011083339	0.6225125011083339	0.22387282529580693	Strongly NFAT5-dependent
Klre1	ENSMUSG00000050241	1.20396379395363	2.72837243957501e-7	0.5943846128444	0.00955541625697615	TRUE	2.0255635289616887	2.0255635289616887	-0.60957918110923	NFAT5-independent
Nudt7	ENSMUSG00000031767	-0.782759861967642	9.5322725721121e-4	-0.470485078052043	0.0317472429385986	TRUE	1.6637294113737153	1.6637294113737153	0.31227478391559904	NFAT5-independent
4930413G21Rik	ENSMUSG00000108452	0.425621005886141	0.0601629755309837	0.498129794972245	0.0231826483115496	TRUE	0.8544379601100872	0.8544379601100872	0.07250878908610403	Strongly NFAT5-dependent
Hint3	ENSMUSG00000019791	-0.54190143472552	0.0229872091317261	-0.659952165038054	0.00645895647751292	TRUE	0.8211222925441468	0.8211222925441468	-0.11805073031253399	Partially dependent
Themis2	ENSMUSG00000037731	0.649639439402599	0.00517063104124189	1.28745328918606	4.50896265953465e-8	TRUE	0.5045926286097007	0.5045926286097007	0.6378138497834609	Strongly NFAT5-dependent
Scml4	ENSMUSG00000044770	-0.0962583356580229	0.728100968904385	2.04704194175096	9.412055434391069e-19	FALSE	-0.04702313797033746	0.04702313797033746	2.143300277408983	Strongly NFAT5-dependent
Gm16576	ENSMUSG00000087543	-1.59161690263074	1.8400091139246e-10	-1.18221331942192	8.76520497213055e-7	TRUE	1.3463026312451045	1.3463026312451045	0.4094035832088201	NFAT5-independent
Farp2	ENSMUSG00000034066	0.877647632231498	1.4759470150355e-4	0.831386300304743	3.4459565255432e-4	TRUE	1.0556436062391188	1.0556436062391188	-0.04626133192675497	NFAT5-independent
Gm21378	ENSMUSG00000114940	0.717124507472311	0.00351105968417581	0.466935597141201	0.0431486778671508	TRUE	1.535810317017773	1.535810317017773	-0.25018891033111007	NFAT5-independent
Klhdc1	ENSMUSG00000051890	-1.0402260225614	1.22561941919685e-5	-1.13071563318413	4.32960912203394e-6	TRUE	0.9199713809847058	0.9199713809847058	-0.09048961062272998	Partially dependent
Pard6g	ENSMUSG00000056214	-0.82483590145228	8.9231185743685e-4	-0.608482051926389	0.0102061803661305	TRUE	1.3555632394430335	1.3555632394430335	0.21635384952589098	NFAT5-independent
Fbxo32	ENSMUSG00000022358	0.598154970430697	0.00719634537631169	0.779004786341739	4.974487734664e-4	TRUE	0.7678450516840527	0.7678450516840527	0.180849815911042	Partially dependent
Clic5	ENSMUSG00000023959	3.06380473808021	5.84608671464193e-27	1.21894907507807	5.28157098451515e-5	TRUE	2.51348050605312	2.51348050605312	-1.84485566300214	NFAT5-independent
Gm10603	ENSMUSG00000099137	-0.720959172523093	0.00125018187123742	-0.819166556210301	3.7105632663111e-4	TRUE	0.8801130454573934	0.8801130454573934	-0.09820738368720794	Partially dependent
Ttc32	ENSMUSG00000066637	-1.25128988820566	3.14672440360547e-7	-0.913664652976969	1.0955932748664e-4	TRUE	1.3695286165756941	1.3695286165756941	0.33762523522869103	NFAT5-independent
Echdc2	ENSMUSG00000028601	-0.677082798674278	0.00358158118680758	-0.954422992288878	1.1979513844937e-4	TRUE	0.7094158503563621	0.7094158503563621	-0.27734019361459994	Partially dependent
Hexdc	ENSMUSG00000039307	-0.49481531521682	0.028947506072479	-0.486276790332419	0.0281673646907907	TRUE	1.0175589809222934	1.0175589809222934	0.008538524884400989	NFAT5-independent
Zfp862-ps	ENSMUSG00000107476	-1.19831383907124	5.21811143043305e-6	-1.26426840110397	3.12666169849252e-6	TRUE	0.9478318354115804	0.9478318354115804	-0.06595456203272998	Partially dependent
Gm31597	ENSMUSG00000109602	-1.23651291141132	2.67094747826639e-6	-0.93081122423533	2.6320712554096e-4	TRUE	1.328425011663484	1.328425011663484	0.30570168717599	NFAT5-independent
Slc6a9	ENSMUSG00000028542	0.880684390556037	5.5412931557126e-4	1.29488983544832	5.82079727384456e-7	TRUE	0.6801230239413565	0.6801230239413565	0.41420544489228306	Partially dependent
Aifm2	ENSMUSG00000020085	-0.729337417590067	0.0016603302437302801	-0.548964923269738	0.0135937641533674	TRUE	1.3285683413905511	1.3285683413905511	0.18037249432032898	NFAT5-independent
Sdhaf4	ENSMUSG00000026154	-0.890907274722651	8.9599340434672e-4	-0.821905816283543	0.00199559676343097	TRUE	1.0839529993243213	1.0839529993243213	0.06900145843910799	NFAT5-independent
6720489N17Rik	ENSMUSG00000072066	-1.09956784022709	1.02296906574985e-5	-0.889986877075945	2.7965820983174e-4	TRUE	1.235487700492533	1.235487700492533	0.20958096315114505	NFAT5-independent
Spata2l	ENSMUSG00000033594	0.776554997051929	6.038321262802e-4	0.887164153040638	1.0125134916541e-4	TRUE	0.8753227848424547	0.8753227848424547	0.11060915598870902	Partially dependent
Yes1	ENSMUSG00000014932	0.418305917503846	0.0618338350288274	0.762798475617141	6.5591932971855e-4	TRUE	0.548383263568292	0.548383263568292	0.344492558113295	Strongly NFAT5-dependent
Ecm2	ENSMUSG00000043631	0.405316537492711	0.109356948769398	0.641033217273423	0.0120552256247838	TRUE	0.6322863255303498	0.6322863255303498	0.23571667978071198	Strongly NFAT5-dependent
Mcam	ENSMUSG00000032135	2.18090418097031	1.0924732311772601e-14	1.59995543260571	3.0796535396728e-8	TRUE	1.3631030818267598	1.3631030818267598	-0.5809487483645999	NFAT5-independent
Cd93	ENSMUSG00000027435	-1.1505030218492	2.62698182660344e-6	-0.460562711736002	0.031892188585862	TRUE	2.498037710244934	2.498037710244934	0.689940310113198	NFAT5-independent
Hs1bp3	ENSMUSG00000020605	-1.14765046787667	2.90038801877506e-6	-0.529859832904715	0.0157796827143035	TRUE	2.1659510621614766	2.1659510621614766	0.617790634971955	NFAT5-independent
Pank1	ENSMUSG00000033610	0.284716478138539	0.236674048288326	0.571819015844361	0.0140122870204272	TRUE	0.49791362345325324	0.49791362345325324	0.287102537705822	Strongly NFAT5-dependent
Gm6087	ENSMUSG00000115684	0.779411945849279	0.0400721143532692	0.954724096255976	0.0187217371201277	TRUE	0.8163740172745224	0.8163740172745224	0.175312150406697	Partially dependent
Prdm9	ENSMUSG00000051977	-0.723627232621653	0.00240391170178429	-0.81948167210891	8.2067325883692e-4	TRUE	0.8830304047672248	0.8830304047672248	-0.09585443948725703	Partially dependent
Cyp4f13	ENSMUSG00000024055	-1.46878826010052	8.666089276468141e-9	-1.22850692393394	1.07762324565081e-6	TRUE	1.195588100877078	1.195588100877078	0.2402813361665801	NFAT5-independent
Tubb2b	ENSMUSG00000045136	3.01907845116239	3.39715619581792e-24	2.39655365371461	4.95554903656897e-15	TRUE	1.259758339431658	1.259758339431658	-0.6225247974477801	NFAT5-independent
AW046200	ENSMUSG00000110419	-0.144085081390401	0.577323827490797	0.457174004348943	0.0375912161226341	FALSE	-0.3151646419520094	0.3151646419520094	0.6012590857393441	Strongly NFAT5-dependent
A730017L22Rik	ENSMUSG00000085566	-1.41912886515156	2.36663836457163e-8	-1.23695103058055	1.05916889892244e-6	TRUE	1.1472797467863434	1.1472797467863434	0.1821778345710099	NFAT5-independent
Dock6	ENSMUSG00000032198	-1.08800032064661	1.38629036926574e-5	-1.11246692886871	1.45707274215688e-5	TRUE	0.978006889385035	0.978006889385035	-0.024466608222099895	Partially dependent
Cd163l1	ENSMUSG00000025461	-0.708522987044107	0.00187311178727878	-1.03237193640471	2.45543365046667e-5	TRUE	0.6863059349633001	0.6863059349633001	-0.32384894936060293	Partially dependent
Gm42595	ENSMUSG00000105161	-0.668495450470497	0.00686958026190292	-1.06207903508091	7.7705899116207e-5	TRUE	0.6294215669359959	0.6294215669359959	-0.393583584610413	Strongly NFAT5-dependent
Hsf4	ENSMUSG00000033249	1.16410897293841	8.37774817356904e-6	0.839305386511429	0.00118188148217073	TRUE	1.3869909470937942	1.3869909470937942	-0.32480358642698093	NFAT5-independent
Camk2n1	ENSMUSG00000046447	0.904118997950798	2.103689877387e-4	0.565811932351707	0.0159576286145402	TRUE	1.597914335586688	1.597914335586688	-0.33830706559909096	NFAT5-independent
Muc1	ENSMUSG00000042784	1.26131181217333	5.23301307841342e-6	2.45239587128218	8.21142224336263e-20	TRUE	0.5143181926472098	0.5143181926472098	1.1910840591088498	Strongly NFAT5-dependent
Ntng2	ENSMUSG00000035513	-0.928758461116308	2.9829199566517e-4	-1.22112728943074	8.19995364360893e-6	TRUE	0.760574650288319	0.760574650288319	-0.2923688283144319	Partially dependent
Cfap54	ENSMUSG00000020014	-0.679310469833728	0.00364962193921671	-0.501207450969886	0.0237518380695236	TRUE	1.3553479073768657	1.3553479073768657	0.17810301886384206	NFAT5-independent
Neurl1b	ENSMUSG00000034413	-0.893448491766893	1.3988346345083e-4	-0.608439695185654	0.00645881840832846	TRUE	1.4684257106109322	1.4684257106109322	0.285008796581239	NFAT5-independent
2900076A07Rik	ENSMUSG00000097277	0.663548658067508	0.00521165540773264	0.75324891479862	0.00154465911859679	TRUE	0.880915518139056	0.880915518139056	0.08970025673111204	Partially dependent
Gm17641	ENSMUSG00000091272	1.2332261769918	2.49099648952234e-7	0.524195281111713	0.0229189848642029	TRUE	2.352608314932509	2.352608314932509	-0.709030895880087	NFAT5-independent
Fkbpl	ENSMUSG00000033739	0.81195186531269	5.9526643721329e-4	0.522213378137737	0.0217496303593272	TRUE	1.5548277759719373	1.5548277759719373	-0.289738487174953	NFAT5-independent
4930412F12Rik	ENSMUSG00000110289	0.0401764620016591	0.894634370392797	0.627379937931498	0.00738416756347919	TRUE	0.0640384870037809	0.0640384870037809	0.5872034759298389	Strongly NFAT5-dependent
Gm12000	ENSMUSG00000073145	0.43588498919565	0.0624301907940372	0.462171383542986	0.0394634288052187	TRUE	0.9431241412096404	0.9431241412096404	0.026286394347335984	Strongly NFAT5-dependent
Gm19680	ENSMUSG00000070960	-0.152890893511162	0.549197604136974	-0.736086894136605	0.00395131530006772	TRUE	0.20770766974528973	0.20770766974528973	-0.583196000625443	Strongly NFAT5-dependent
Dnajc12	ENSMUSG00000036764	0.43036094531692	0.0590506824757922	0.620018171824213	0.00597158768364677	TRUE	0.6941102130131365	0.6941102130131365	0.18965722650729305	Strongly NFAT5-dependent
Prx	ENSMUSG00000053198	0.930473348788395	1.290629179787e-4	0.64512634634121	0.00677305873894951	TRUE	1.4423118108034356	1.4423118108034356	-0.285347002447185	NFAT5-independent
4930513N10Rik	ENSMUSG00000074136	-0.982030781828305	2.7842255660357e-4	-0.474810254460931	0.0438761167994868	TRUE	2.068259420688459	2.068259420688459	0.507220527367374	NFAT5-independent
Atp5s	ENSMUSG00000054894	-1.19672091696106	1.44357377476004e-5	-0.795505336996149	0.00215437998312391	TRUE	1.5043530964605625	1.5043530964605625	0.401215579964911	NFAT5-independent
Rasgef1b	ENSMUSG00000089809	-0.00709475518849739	0.979890137734036	-1.35786762156342	2.13053301789681e-5	TRUE	0.00522492404696169	0.00522492404696169	-1.3507728663749226	Strongly NFAT5-dependent
Gm44226	ENSMUSG00000108298	-0.686324984480187	0.00903183474515847	-1.1693257726123	6.45558949829446e-5	TRUE	0.586940782932477	0.586940782932477	-0.4830007881321131	Strongly NFAT5-dependent
Prodh	ENSMUSG00000003526	-0.582300193347683	0.020993686659626	-1.22775378462932	2.44104843985684e-5	TRUE	0.47428091905535397	0.47428091905535397	-0.645453591281637	Strongly NFAT5-dependent
Ltbp4	ENSMUSG00000040488	-0.825982303925921	6.3654443300111e-4	-0.550005981646775	0.0156135655151175	TRUE	1.5017696743094395	1.5017696743094395	0.2759763222791459	NFAT5-independent
Zfp125	ENSMUSG00000069755	-0.621822832508921	0.00893928678161386	-0.620916625729525	0.00863091287809207	TRUE	1.0014594661212868	1.0014594661212868	9.062067793960127e-4	NFAT5-independent
Slc52a3	ENSMUSG00000027463	-1.08109678328124	4.00321080016046e-5	-0.612417946371863	0.010864007718582	TRUE	1.765292460297682	1.765292460297682	0.46867883690937695	NFAT5-independent
Arxes2	ENSMUSG00000048040	-0.686247790832994	0.00528551068277706	-1.10354275768618	4.79829264983187e-5	TRUE	0.6218588143080775	0.6218588143080775	-0.417294966853186	Strongly NFAT5-dependent
Dpf1	ENSMUSG00000030584	1.20722451606245	1.48469932835755e-6	1.38443903628961	4.48825638352462e-8	TRUE	0.8719954323867471	0.8719954323867471	0.17721452022716	Partially dependent
Gm48139	ENSMUSG00000114193	0.696960165443084	0.00611889855018868	0.621168272119473	0.0121349995446488	TRUE	1.1220150750214646	1.1220150750214646	-0.07579189332361103	NFAT5-independent
AC154912.1	ENSMUSG00000117084	0.381040341526217	0.132632225229757	0.697617769274948	0.00697820347204273	TRUE	0.5462021730355894	0.5462021730355894	0.316577427748731	Strongly NFAT5-dependent
Gm8355	ENSMUSG00000093798	-0.423959383231139	0.06923380693632	-0.510486617907472	0.026509875976751	TRUE	0.8305004839676005	0.8305004839676005	-0.08652723467633294	Strongly NFAT5-dependent
Gm42979	ENSMUSG00000104814	-0.562078069405385	0.0217378698050749	-0.662285765584926	0.0076715211871824	TRUE	0.8486941719319027	0.8486941719319027	-0.10020769617954106	Partially dependent
Ckap4	ENSMUSG00000046841	1.62859333035512	5.68802000497859e-8	1.69120343719822	2.45135231901857e-8	TRUE	0.9629789619238093	0.9629789619238093	0.06261010684309998	Partially dependent
Atp9a	ENSMUSG00000027546	-0.804773855049309	0.00160967465798752	-0.637057795580362	0.0094472808757914	TRUE	1.2632666308025586	1.2632666308025586	0.16771605946894697	NFAT5-independent
Ccdc90b	ENSMUSG00000030613	-1.18212530412403	9.29730983945254e-6	-0.95105910137621	2.7344300292225e-4	TRUE	1.242956723103181	1.242956723103181	0.23106620274782008	NFAT5-independent
Btbd11	ENSMUSG00000020042	-1.64312535593756	1.5870426868592102e-9	-1.40958796739954	1.70799729906143e-7	TRUE	1.1656777682125496	1.1656777682125496	0.23353738853802009	NFAT5-independent
Dusp28	ENSMUSG00000047067	0.730273990762033	0.00182428298668468	0.443854132320041	0.0462324987655937	TRUE	1.6453017727803174	1.6453017727803174	-0.286419858441992	NFAT5-independent
Gm16536	ENSMUSG00000089810	-0.530900761923864	0.0241538768190026	-0.575193888382373	0.0139232252736501	TRUE	0.9229944417819265	0.9229944417819265	-0.044293126458508914	Partially dependent
Acad10	ENSMUSG00000029456	-0.300877377701832	0.212307319747175	-0.618526577528522	0.0127386817304459	TRUE	0.4864421168514099	0.4864421168514099	-0.31764919982669004	Strongly NFAT5-dependent
Zfp354c	ENSMUSG00000044807	0.881402061296403	3.7265022554244e-4	0.844530714638898	6.6332405993453e-4	TRUE	1.0436589765397346	1.0436589765397346	-0.03687134665750502	NFAT5-independent
Orm2	ENSMUSG00000061540	-1.82035017887097	1.34952666162328e-10	-1.30875463367675	1.10568464513359e-6	TRUE	1.3909025664780028	1.3909025664780028	0.51159554519422	NFAT5-independent
Tnfrsf23	ENSMUSG00000037613	2.39360405785924	6.26060227994241e-15	3.1345018402011	4.361807166882579e-25	TRUE	0.7636314093552019	0.7636314093552019	0.7408977823418601	Partially dependent
Ctdspl	ENSMUSG00000047409	0.733633846561849	0.0021884043604354	0.530836794230929	0.0213299409945482	TRUE	1.3820327726617563	1.3820327726617563	-0.20279705233092005	NFAT5-independent
Hist1h4k	ENSMUSG00000064288	0.571553210800355	0.0229177829768733	0.667147991119066	0.00771276359736434	TRUE	0.8567112820674744	0.8567112820674744	0.09559478031871094	Partially dependent
Gm26577	ENSMUSG00000097923	0.821692685722337	0.00220218087764748	1.05074605415261	1.2489691250942e-4	TRUE	0.7820088236115277	0.7820088236115277	0.2290533684302729	Partially dependent
Anxa9	ENSMUSG00000015702	-1.10862481114572	3.87821975279984e-5	-0.636295306284615	0.00970371659995797	TRUE	1.7423117854178103	1.7423117854178103	0.47232950486110503	NFAT5-independent
Ifih1	ENSMUSG00000026896	-2.22360415847587	2.30444603089747e-14	-1.34931552584298	2.00768596513206e-7	TRUE	1.6479497314660196	1.6479497314660196	0.87428863263289	NFAT5-independent
Spint1	ENSMUSG00000027315	1.31982149329975	3.9231314780478e-7	1.60580692027036	8.58659920391273e-10	TRUE	0.8219054710995639	0.8219054710995639	0.2859854269706099	Partially dependent
Gm47640	ENSMUSG00000111681	-1.16164958912161	1.87611582570893e-5	-1.17196552015715	2.3994199738257e-5	TRUE	0.9911977521026757	0.9911977521026757	-0.01031593103553985	Partially dependent
Rps6kl1	ENSMUSG00000019235	0.646655769321801	0.0123645266341204	0.54237161744348	0.0277435356074518	TRUE	1.1922743530899982	1.1922743530899982	-0.10428415187832107	NFAT5-independent
Rab20	ENSMUSG00000031504	0.9884513476318	1.662830349086e-4	0.635524744604955	0.0117012441006574	TRUE	1.555331017435404	1.555331017435404	-0.352926603026845	NFAT5-independent
Slc9a9	ENSMUSG00000031129	-1.51920107368367	2.21445136377874e-8	-0.854496423434335	5.5367319119404e-4	TRUE	1.777890500205722	1.777890500205722	0.6647046502493351	NFAT5-independent
AC126457.1	ENSMUSG00000116632	0.06465273602029	0.823323914846244	0.444407714831742	0.0473261404029162	TRUE	0.145480678805876	0.145480678805876	0.37975497881145204	Strongly NFAT5-dependent
Gm43162	ENSMUSG00000104724	0.571058908365979	0.0179951309917279	0.661522979965509	0.00590031186431938	TRUE	0.8632487844878091	0.8632487844878091	0.09046407159953007	Partially dependent
Gm15964	ENSMUSG00000085337	-0.751971106041465	0.00273353369410638	-0.720754595954459	0.00396661554223167	TRUE	1.0433108720530149	1.0433108720530149	0.03121651008700599	NFAT5-independent
Patj	ENSMUSG00000061859	-0.597429795868924	0.02898220667491	-0.521705085425021	0.0422369904204119	TRUE	1.145148499716486	1.145148499716486	0.07572471044390294	NFAT5-independent
Mirt1	ENSMUSG00000097636	-2.04234069148637	8.14267954301524e-14	-1.99210854996449	9.29854504824165e-13	TRUE	1.0252155644444052	1.0252155644444052	0.05023214152188027	NFAT5-independent
Gm11960	ENSMUSG00000081974	0.272720203521281	0.273411043697153	0.626005381932903	0.0107773637797851	TRUE	0.4356515317475528	0.4356515317475528	0.353285178411622	Strongly NFAT5-dependent
Nid1	ENSMUSG00000005397	3.75612637259829	4.809525730892119e-25	0.869919290206632	0.0130151471033024	TRUE	4.317787195759387	4.317787195759387	-2.886207082391658	NFAT5-independent
Gm43682	ENSMUSG00000107019	0.725619544646302	0.00363788456141583	0.463096660601242	0.0473177855233445	TRUE	1.566885720368237	1.566885720368237	-0.26252288404505997	NFAT5-independent
Gm43429	ENSMUSG00000106290	1.36573981314245	1.3788349652829801e-07	1.29516335657524	8.09682188202854e-7	TRUE	1.0544923203771246	1.0544923203771246	-0.07057645656721001	NFAT5-independent
Plekhg5	ENSMUSG00000039713	0.78486847498634	0.00175296173566635	0.84550453465594	7.9711706292272e-4	TRUE	0.9282841697658375	0.9282841697658375	0.06063605966959995	Partially dependent
Esrp2	ENSMUSG00000084128	1.22386480420835	7.19863351651693e-7	0.908614047102388	2.6281659074281e-4	TRUE	1.3469578289168114	1.3469578289168114	-0.31525075710596195	NFAT5-independent
Gm37248	ENSMUSG00000103216	0.168292852983612	0.516974638081312	0.67133086770257	0.00586009079071559	TRUE	0.2506854087605776	0.2506854087605776	0.503038014718958	Strongly NFAT5-dependent
4933412E12Rik	ENSMUSG00000112627	0.469065400456911	0.0562585884327479	0.609412092025531	0.0122758558578119	TRUE	0.7697014985341967	0.7697014985341967	0.14034669156862006	Strongly NFAT5-dependent
Gm16982	ENSMUSG00000097170	0.452255524954238	0.0592949725543343	0.775293357974813	0.0014512984290284	TRUE	0.583334708471642	0.583334708471642	0.32303783302057504	Strongly NFAT5-dependent
Tbc1d32	ENSMUSG00000038122	-0.677899466264258	0.00687454465126347	-0.667448727293696	0.00738620436619571	TRUE	1.0156577405023104	1.0156577405023104	0.010450738970562035	NFAT5-independent
Rmdn2	ENSMUSG00000036368	0.329350932066423	0.174776050176622	0.57864097704149	0.0150501076003311	TRUE	0.5691801049942022	0.5691801049942022	0.24929004497506696	Strongly NFAT5-dependent
Dagla	ENSMUSG00000035735	-0.246714025598305	0.325419334086447	-0.737137404356542	0.00633253405988289	TRUE	0.3346920453910018	0.3346920453910018	-0.49042337875823694	Strongly NFAT5-dependent
Zfp286	ENSMUSG00000047342	0.452084085270333	0.066293663486622	0.581681276339306	0.0164945972704036	TRUE	0.7772024021736322	0.7772024021736322	0.129597191068973	Strongly NFAT5-dependent
Gm25835	ENSMUSG00000089542	-0.685411440335057	0.00469271529391122	-0.623497642127544	0.00889405825168337	TRUE	1.09930077361038	1.09930077361038	0.06191379820751297	NFAT5-independent
Arfgef3	ENSMUSG00000019852	-2.0704533781739	2.5344110518373398e-11	-1.19030906106756	1.81146742145772e-5	TRUE	1.7394250332908996	1.7394250332908996	0.8801443171063399	NFAT5-independent
Sept10	ENSMUSG00000019917	-0.518706475771471	0.032478743010576	-0.917322589075365	5.4667910797846e-4	TRUE	0.5654569962070948	0.5654569962070948	-0.398616113303894	Strongly NFAT5-dependent
G630030J09Rik	ENSMUSG00000097149	0.309715609317559	0.225394402336944	0.704409154414796	0.00729415517560167	TRUE	0.4396814087046644	0.4396814087046644	0.39469354509723703	Strongly NFAT5-dependent
Lyrm7	ENSMUSG00000020268	-2.80939371444909	4.94937499321321e-17	-2.49903033768868	1.94698805260562e-14	TRUE	1.1241935210148193	1.1241935210148193	0.31036337676041015	NFAT5-independent
Klf3	ENSMUSG00000029178	1.43206729534435	2.7756881971449e-8	1.24358486487263	2.02805433420272e-6	TRUE	1.1515637861120356	1.1515637861120356	-0.18848243047172009	NFAT5-independent
Mettl15	ENSMUSG00000057234	-1.18248478443118	1.73643828083383e-5	-0.723835888274169	0.00433745938337599	TRUE	1.6336365792121206	1.6336365792121206	0.4586488961570111	NFAT5-independent
Scrn3	ENSMUSG00000008226	-1.25890257208856	2.89054825678256e-6	-0.749776751754712	0.00259571446656908	TRUE	1.679036552070112	1.679036552070112	0.509125820333848	NFAT5-independent
5430434F05Rik	ENSMUSG00000108780	0.306915010453117	0.235526807985209	0.51388358585566	0.041502497494728	TRUE	0.597246183573031	0.597246183573031	0.206968575402543	Strongly NFAT5-dependent
Fsd1l	ENSMUSG00000054752	0.376559800803431	0.115126472274297	0.517356208186863	0.025447466147854	TRUE	0.7278540294763836	0.7278540294763836	0.14079640738343202	Strongly NFAT5-dependent
2810408I11Rik	ENSMUSG00000087213	-0.685329738003492	0.00616812446755283	-0.485200863998503	0.0372964297229242	TRUE	1.4124660297505292	1.4124660297505292	0.20012887400498897	NFAT5-independent
Tnp2	ENSMUSG00000043050	-1.39901646160301	9.50401568727154e-7	-1.09878014734915	7.50851123139973e-5	TRUE	1.2732451209445237	1.2732451209445237	0.30023631425386	NFAT5-independent
Cnksr3	ENSMUSG00000015202	1.17819212049323	2.54896390841013e-5	0.956349182473817	6.0139767521088e-4	TRUE	1.2319685550894341	1.2319685550894341	-0.22184293801941302	NFAT5-independent
mt-Nd4l	ENSMUSG00000065947	-0.431703091324954	0.120857573984047	-1.31754153345772	0.00953520215070348	TRUE	0.3276580512737266	0.3276580512737266	-0.8858384421327661	Strongly NFAT5-dependent
Efcab2	ENSMUSG00000026495	-0.424545035511147	0.0820068423653513	-0.668417548912565	0.00863055507537934	TRUE	0.6351494454354628	0.6351494454354628	-0.24387251340141802	Strongly NFAT5-dependent
2810468N07Rik	ENSMUSG00000091475	1.54709979475283	1.14467570453072e-8	0.966942381132073	3.8737442278027e-4	TRUE	1.5999917109244117	1.5999917109244117	-0.580157413620757	NFAT5-independent
Arhgef11	ENSMUSG00000041977	-0.601661570775715	0.0200285319479438	-0.602317168067845	0.0177013962630437	TRUE	0.9989115414155751	0.9989115414155751	-6.555972921299391e-4	Partially dependent
Gm17029	ENSMUSG00000086740	0.163612403294013	0.52880686931788	0.57330803336183	0.0158329104878755	TRUE	0.285383064204776	0.285383064204776	0.409695630067817	Strongly NFAT5-dependent
Sdhaf3	ENSMUSG00000042505	-0.781668520870882	0.00141021859264072	-0.657788292550904	0.00593170905829593	TRUE	1.1883284177034685	1.1883284177034685	0.12388022831997803	NFAT5-independent
Coprs	ENSMUSG00000031458	0.929541483133696	4.3582228807311e-4	1.63751618061688	8.30218796615054e-10	TRUE	0.5676533118491214	0.5676533118491214	0.7079746974831841	Strongly NFAT5-dependent
Aspn	ENSMUSG00000021388	0.337076511688513	0.177264402293958	0.601457875082805	0.0152910263155738	TRUE	0.5604324519686543	0.5604324519686543	0.264381363394292	Strongly NFAT5-dependent
Dynlt1a	ENSMUSG00000092074	-0.458668573318588	0.060343850158149	-0.840106900236747	0.00154959422714337	TRUE	0.5459645352149025	0.5459645352149025	-0.38143832691815893	Strongly NFAT5-dependent
Itgb3bp	ENSMUSG00000028549	-0.94044766107028	3.1781323185082e-4	-0.812709244079056	0.00157599077404841	TRUE	1.1571760354909884	1.1571760354909884	0.127738416991224	NFAT5-independent
Slc35f5	ENSMUSG00000026342	0.394664121778258	0.10136142635358	0.825499919799185	7.5811255258753e-4	TRUE	0.4780910479970317	0.4780910479970317	0.43083579802092703	Strongly NFAT5-dependent
Gm47813	ENSMUSG00000113128	-1.39497345126442	9.6444728090399e-7	-0.906963222272971	6.6819648458869e-4	TRUE	1.5380705821438165	1.5380705821438165	0.4880102289914491	NFAT5-independent
Map3k15	ENSMUSG00000031303	0.90980798974768	6.7182075431083e-4	1.42232720884762	1.7609099236712e-7	TRUE	0.639661523795789	0.639661523795789	0.51251921909994	Strongly NFAT5-dependent
9430038I01Rik	ENSMUSG00000040139	-1.30271062885229	1.85805008194383e-6	-1.45944633524605	3.62854085640587e-7	TRUE	0.8926060502475853	0.8926060502475853	-0.15673570639376	Partially dependent
Gm6855	ENSMUSG00000108571	0.213423659377512	0.402246708527105	0.517272690490355	0.0300695077059564	TRUE	0.4125940984342213	0.4125940984342213	0.30384903111284295	Strongly NFAT5-dependent
Purg	ENSMUSG00000049184	1.23266132514552	1.95534724837382e-6	0.570147669488521	0.0202176648924677	TRUE	2.162003619608477	2.162003619608477	-0.662513655656999	NFAT5-independent
Gm12248	ENSMUSG00000086962	-1.01081557502176	2.7721644123084e-4	-0.481367616374969	0.0443522763534656	TRUE	2.099882793599412	2.099882793599412	0.5294479586467911	NFAT5-independent
Cass4	ENSMUSG00000074570	-0.238875090183153	0.33472101717563	0.561281033376608	0.0132461776738233	FALSE	-0.4255891006081311	0.4255891006081311	0.800156123559761	Strongly NFAT5-dependent
A430057M04Rik	ENSMUSG00000090564	0.645980218631183	0.0106266503657045	0.669790479114912	0.00749357559834699	TRUE	0.9644511810391919	0.9644511810391919	0.023810260483728918	Partially dependent
Rhbdl1	ENSMUSG00000025735	-0.118586248779445	0.659425923949498	-0.868553609778901	0.00143218876603058	TRUE	0.13653302161697575	0.13653302161697575	-0.7499673609994559	Strongly NFAT5-dependent
Drp2	ENSMUSG00000000223	-0.634096400310144	0.0129742889234317	-0.687250927445236	0.00762701077128935	TRUE	0.9226563035241191	0.9226563035241191	-0.053154527135091945	Partially dependent
Hist1h1d	ENSMUSG00000052565	0.573556348389727	0.0261149604078147	0.522499600205404	0.0338579983491853	TRUE	1.0977163392359568	1.0977163392359568	-0.05105674818432304	NFAT5-independent
Bphl	ENSMUSG00000038286	-1.04277311755827	1.0239174058944e-4	-1.00048262798899	2.2377425747555e-4	TRUE	1.0422700888413081	1.0422700888413081	0.04229048956927994	NFAT5-independent
Bbs1	ENSMUSG00000006464	-1.09756541027188	2.0311912597808e-4	-0.79594102899158	0.00436869457295894	TRUE	1.378953176546815	1.378953176546815	0.3016243812802999	NFAT5-independent
Nxt2	ENSMUSG00000042271	-0.458363951264272	0.0704087452617507	-0.563405577688204	0.0256671042894802	TRUE	0.8135594843506085	0.8135594843506085	-0.105041626423932	Strongly NFAT5-dependent
Pls1	ENSMUSG00000049493	1.62088121639731	3.00633888014538e-8	1.42143836205332	1.66871319681527e-6	TRUE	1.1403105893778522	1.1403105893778522	-0.19944285434399012	NFAT5-independent
Sfmbt2	ENSMUSG00000061186	-0.571822342174212	0.0178273541872522	-1.20326918766049	1.53100514843822e-5	TRUE	0.4752239549040587	0.4752239549040587	-0.6314468454862779	Strongly NFAT5-dependent
Mblac1	ENSMUSG00000049285	0.569673818942519	0.026011815523838	0.845010562846395	0.0012963479366011	TRUE	0.6741617726334548	0.6741617726334548	0.27533674390387597	Strongly NFAT5-dependent
Tmem38a	ENSMUSG00000031791	0.854493809436928	8.4931969227058e-4	0.505746627947601	0.0349285374866885	TRUE	1.6895689703450871	1.6895689703450871	-0.34874718148932704	NFAT5-independent
Arhgap23	ENSMUSG00000049807	1.47545099604601	5.48404067272655e-8	0.529365684839613	0.0342144428880349	TRUE	2.787205590201869	2.787205590201869	-0.946085311206397	NFAT5-independent
Spire2	ENSMUSG00000010154	1.81368588871503	5.60600552826446e-10	1.1680294503125	7.72893246695422e-5	TRUE	1.5527741087605182	1.5527741087605182	-0.6456564384025301	NFAT5-independent
Fv1	ENSMUSG00000070583	6.40943410393534e-5	0.998683299130871	0.506084823442373	0.030610288988983	TRUE	1.2664742760588177e-4	1.2664742760588177e-4	0.5060207291013337	Strongly NFAT5-dependent
Gm5152	ENSMUSG00000069355	1.690349685564	4.82639614017809e-8	0.708367245476455	0.0134838657115618	TRUE	2.386261782088828	2.386261782088828	-0.9819824400875449	NFAT5-independent
Lair1	ENSMUSG00000055541	-1.73808082252254	2.29821343409231e-9	-1.05500504813535	7.65499089612656e-5	TRUE	1.6474620909108257	1.6474620909108257	0.68307577438719	NFAT5-independent
Rhbdf1	ENSMUSG00000020282	2.86912580930824	1.59470087996235e-18	1.86730733488668	3.53579880415418e-8	TRUE	1.5365043320425646	1.5365043320425646	-1.00181847442156	NFAT5-independent
Kcnc3	ENSMUSG00000062785	1.40628290271028	4.1735565152008e-7	0.830537369412439	0.00235319445733739	TRUE	1.69322050337741	1.69322050337741	-0.5757455332978408	NFAT5-independent
Tnfsf9	ENSMUSG00000035678	0.625040894416353	0.02025248752547	1.5073048216019	1.03477798313e-7	TRUE	0.4146745140455969	0.4146745140455969	0.882263927185547	Strongly NFAT5-dependent
Ltk	ENSMUSG00000027297	1.15235978962076	1.13758712070989e-5	1.14915973652089	1.46976955032247e-5	TRUE	1.0027846895415586	1.0027846895415586	-0.003200053099869926	NFAT5-independent
Klf4	ENSMUSG00000003032	0.0510265950312576	0.866496039486655	0.590693553084385	0.018179732476107	TRUE	0.08638420846954474	0.08638420846954474	0.5396669580531274	Strongly NFAT5-dependent
Pcyt1b	ENSMUSG00000035246	-2.4854518684272	1.1580512763686501e-15	-1.26194997411316	1.47531828944514e-6	TRUE	1.9695328019431677	1.9695328019431677	1.2235018943140399	NFAT5-independent
Gm36932	ENSMUSG00000103774	0.544956246817285	0.0271227785427375	0.709945839200508	0.00419506682186656	TRUE	0.7676025644871405	0.7676025644871405	0.16498959238322297	Partially dependent
Acad12	ENSMUSG00000042647	-1.32106381190423	3.28012148082434e-6	-1.46044476616851	9.34488274109721e-7	TRUE	0.9045626664608842	0.9045626664608842	-0.1393809542642801	Partially dependent
Extl1	ENSMUSG00000028838	-0.356825639192548	0.169812848472516	0.594723247829519	0.0183337908014062	FALSE	-0.5999860279462864	0.5999860279462864	0.951548887022067	Strongly NFAT5-dependent
Mipol1	ENSMUSG00000047022	-0.826614109435834	0.0021501032795273	-0.548556962684255	0.0264423101111838	TRUE	1.506888373799799	1.506888373799799	0.278057146751579	NFAT5-independent
Wfikkn2	ENSMUSG00000044177	0.471052523443082	0.0581920088134973	0.894880604553527	5.0344162339049e-4	TRUE	0.5263858899680802	0.5263858899680802	0.423828081110445	Strongly NFAT5-dependent
Gm10252	ENSMUSG00000110350	0.881721710271556	5.0586352990121e-4	0.463086923057277	0.0486073793384097	TRUE	1.9040090885107979	1.9040090885107979	-0.418634787214279	NFAT5-independent
Lingo3	ENSMUSG00000051067	-0.625311572346196	0.0162717595024372	-0.594242865561712	0.0192334226162779	TRUE	1.0522828435729155	1.0522828435729155	0.031068706784484035	NFAT5-independent
Epb41l5	ENSMUSG00000026383	2.29026757904338	1.62123765128319e-14	2.06071073222458	1.1599045826917398e-11	TRUE	1.1113969288503625	1.1113969288503625	-0.22955684681880006	NFAT5-independent
Oas1c	ENSMUSG00000001166	-1.57943365205614	3.45071451323266e-8	-1.16035429646488	2.21218704191723e-5	TRUE	1.3611649966463015	1.3611649966463015	0.41907935559125997	NFAT5-independent
Gm4707	ENSMUSG00000091831	0.137317772094879	0.609490497923657	0.509635022958564	0.0305597711911912	TRUE	0.26944335830319033	0.26944335830319033	0.372317250863685	Strongly NFAT5-dependent
Fam221a	ENSMUSG00000047115	-0.0986527103655449	0.719437551443853	-0.644899610294964	0.0115650607001434	TRUE	0.1529737478371605	0.1529737478371605	-0.5462468999294191	Strongly NFAT5-dependent
Nradd	ENSMUSG00000032491	-1.39235560604082	1.43050040015805e-6	-1.25369220026191	1.41820116031396e-5	TRUE	1.110604026849606	1.110604026849606	0.13866340577891	NFAT5-independent
Zfp874b	ENSMUSG00000059839	0.341903641293459	0.176035468009307	0.575060313053409	0.021638661659162	TRUE	0.5945526643597548	0.5945526643597548	0.23315667175994997	Strongly NFAT5-dependent
Gm45191	ENSMUSG00000108752	0.990046304724061	2.3845134496121e-4	0.902649440767159	8.1567236037397e-4	TRUE	1.0968225980205821	1.0968225980205821	-0.08739686395690194	NFAT5-independent
Gm12258	ENSMUSG00000072915	0.171501231928213	0.509536208935636	0.731331765827174	0.00299791225739315	TRUE	0.2345053776438061	0.2345053776438061	0.559830533898961	Strongly NFAT5-dependent
Endou	ENSMUSG00000022468	-1.5700468869649	4.8558171248476e-8	-0.809144390801087	0.00166285497422769	TRUE	1.940379127402079	1.940379127402079	0.760902496163813	NFAT5-independent
Wdr31	ENSMUSG00000028391	-1.30397092743908	7.56937212352052e-6	-0.698511344238644	0.00724405047434541	TRUE	1.8667856122800246	1.8667856122800246	0.605459583200436	NFAT5-independent
4632427E13Rik	ENSMUSG00000074024	0.583900937933295	0.0206892404387168	1.2128375518359	3.40533400925447e-6	TRUE	0.4814337559464833	0.4814337559464833	0.628936613902605	Strongly NFAT5-dependent
AF357399	ENSMUSG00000077711	-0.311280713367421	0.229054106905046	-0.558537180080962	0.0346161657192947	TRUE	0.5573142209123836	0.5573142209123836	-0.24725646671354096	Strongly NFAT5-dependent
Cntln	ENSMUSG00000038070	-1.57127836957057	9.68787052649677e-8	-1.39728997183412	1.96906946104431e-6	TRUE	1.1245184616247321	1.1245184616247321	0.17398839773645003	NFAT5-independent
Synpo	ENSMUSG00000043079	-0.924772466125208	5.4267095327261e-4	-2.1181229322269	5.83376744004595e-10	TRUE	0.43659999712714664	0.43659999712714664	-1.193350466101692	Strongly NFAT5-dependent
4932422M17Rik	ENSMUSG00000105881	0.398629663183506	0.107521180799411	0.7165177416374	0.00448197525492583	TRUE	0.5563430464018237	0.5563430464018237	0.317888078453894	Strongly NFAT5-dependent
Cmc4	ENSMUSG00000090110	-0.477248835448897	0.0590408323945214	-1.05201367637966	3.0219807494359e-4	TRUE	0.45365269118104434	0.45365269118104434	-0.5747648409307629	Strongly NFAT5-dependent
Gm43330	ENSMUSG00000106341	0.347128614728242	0.198302643129349	0.945406300073907	0.0018760033647149399	TRUE	0.36717400201490646	0.36717400201490646	0.5982776853456651	Strongly NFAT5-dependent
4930432K21Rik	ENSMUSG00000008129	-0.355722882125179	0.151681523873103	-1.01973907140955	4.3992934037964e-4	TRUE	0.34883716050369196	0.34883716050369196	-0.664016189284371	Strongly NFAT5-dependent
Slc9a3r2	ENSMUSG00000002504	1.38270828515684	6.76549242444904e-7	1.51396373614561	7.24981357973444e-8	TRUE	0.9133034379522641	0.9133034379522641	0.13125545098877	Partially dependent
Tusc1	ENSMUSG00000054000	0.39947583446531	0.131302886983967	0.895743041795826	0.0017524681904481	TRUE	0.44597146260206816	0.44597146260206816	0.496267207330516	Strongly NFAT5-dependent
Armcx6	ENSMUSG00000050394	-0.339112147156694	0.176426497648054	0.502578718582035	0.0293654573252166	FALSE	-0.6747443427637723	0.6747443427637723	0.841690865738729	Strongly NFAT5-dependent
Ano7	ENSMUSG00000034107	-0.906944208693937	9.766568337359e-4	-0.595425653730085	0.0185000346183201	TRUE	1.5231863172376308	1.5231863172376308	0.31151855496385195	NFAT5-independent
Vwa5a	ENSMUSG00000023186	-2.09586691895341	1.2621550279504299e-11	-1.00590639937262	1.4156893209707e-4	TRUE	2.0835605780623268	2.0835605780623268	1.0899605195807898	NFAT5-independent
H2-DMb2	ENSMUSG00000037548	-0.470531351106726	0.0580190515594155	-0.46989120498183	0.0483639678431928	TRUE	1.001362328381781	1.001362328381781	6.401461248959905e-4	Strongly NFAT5-dependent
B3galt2	ENSMUSG00000033849	0.449734428781053	0.0865179888665445	0.621685173625441	0.0181286876126211	TRUE	0.7234118615992818	0.7234118615992818	0.17195074484438794	Strongly NFAT5-dependent
Gm37621	ENSMUSG00000103672	1.71088543622951	3.06196196203154e-8	1.62260244572848	2.20607288983613e-7	TRUE	1.0544082690947718	1.0544082690947718	-0.08828299050103006	NFAT5-independent
Bnip3l-ps	ENSMUSG00000073198	0.380993554012869	0.131069491746462	0.533614589357893	0.0303091434382401	TRUE	0.713986389448843	0.713986389448843	0.15262103534502397	Strongly NFAT5-dependent
Mcee	ENSMUSG00000033429	-0.870036430747906	0.0014311130306063	-0.724090806761493	0.00619797802994014	TRUE	1.20155707353772	1.20155707353772	0.1459456239864131	NFAT5-independent
Gm9856	ENSMUSG00000110945	0.283909024288263	0.251426381963261	0.565982954999705	0.0186442767958744	TRUE	0.5016211562208812	0.5016211562208812	0.282073930711442	Strongly NFAT5-dependent
Rab3a	ENSMUSG00000031840	0.288395501661363	0.256435096129606	0.490261830670911	0.0438605933711621	TRUE	0.5882479190083002	0.5882479190083002	0.20186632900954798	Strongly NFAT5-dependent
Kit	ENSMUSG00000005672	-0.706728977150105	0.00567425361754197	-0.931397562395067	5.8671683394451e-4	TRUE	0.758783365647606	0.758783365647606	-0.22466858524496203	Partially dependent
Gm3924	ENSMUSG00000116287	-0.678361017680092	0.0124707576917222	-0.695695075993469	0.0101247926183319	TRUE	0.9750838277982297	0.9750838277982297	-0.017334058313376977	Partially dependent
Gm43681	ENSMUSG00000106870	0.563102718218598	0.0278854444256551	0.571809104344352	0.0216838051206843	TRUE	0.984773963793849	0.984773963793849	0.008706386125753918	Partially dependent
Eps8l1	ENSMUSG00000006154	-0.924347401498818	6.1727820764169e-4	-0.483896582835255	0.0417395383935157	TRUE	1.910216840306799	1.910216840306799	0.440450818663563	NFAT5-independent
Tbc1d8	ENSMUSG00000003134	-0.071539718790077	0.801398310919697	-0.528270881064582	0.0324439918210959	TRUE	0.1354224155719292	0.1354224155719292	-0.45673116227450494	Strongly NFAT5-dependent
Acyp1	ENSMUSG00000008822	-0.838080754496365	0.00240778771443264	-0.680716913301875	0.0100673447733359	TRUE	1.2311736907361144	1.2311736907361144	0.15736384119448998	NFAT5-independent
Mex3b	ENSMUSG00000057706	0.824874605546771	0.00172284800719443	0.49329183387601	0.0428223277877606	TRUE	1.6721837843237133	1.6721837843237133	-0.33158277167076095	NFAT5-independent
Hdhd3	ENSMUSG00000038422	0.457583792708361	0.089403392079565	1.36831732718032	4.41788680317104e-6	TRUE	0.33441350454232727	0.33441350454232727	0.9107335344719589	Strongly NFAT5-dependent
Gpr162	ENSMUSG00000038390	1.24774133413066	1.37094881876925e-5	1.10438592952826	1.302031932743e-4	TRUE	1.1298055333461505	1.1298055333461505	-0.14335540460239993	NFAT5-independent
Ina	ENSMUSG00000034336	2.07471713104075	2.36338874627124e-11	1.22777731183041	9.50182394203003e-5	TRUE	1.6898154991540728	1.6898154991540728	-0.8469398192103399	NFAT5-independent
Nlrp6	ENSMUSG00000038745	-0.276666873192825	0.271868221192021	-0.666711471706019	0.0127984275327847	TRUE	0.4149724205057912	0.4149724205057912	-0.39004459851319395	Strongly NFAT5-dependent
Gbp8	ENSMUSG00000034438	-3.086408842489	3.39012885152286e-17	-1.57131702374072	7.33873574913147e-8	TRUE	1.9642177840989792	1.9642177840989792	1.51509181874828	NFAT5-independent
Gbp9	ENSMUSG00000029298	-2.01627753651443	5.306347848702891e-10	-1.0045396252815	3.5494018721166e-4	TRUE	2.0071657561038596	2.0071657561038596	1.0117379112329299	NFAT5-independent
Egf	ENSMUSG00000028017	-1.08853960215384	1.717301113251e-4	-0.844996526285234	0.00237017445967256	TRUE	1.2882178426688544	1.2882178426688544	0.24354307586860602	NFAT5-independent
Ogn	ENSMUSG00000021390	0.452772593903162	0.0794502826254619	0.552888159380233	0.0286819852163187	TRUE	0.8189225727147118	0.8189225727147118	0.10011556547707096	Strongly NFAT5-dependent
Ahr	ENSMUSG00000019256	1.7869955841377	3.2035558837496704e-9	0.940577671535724	0.00168593555206308	TRUE	1.899891564744452	1.899891564744452	-0.8464179126019761	NFAT5-independent
Nudt6	ENSMUSG00000050174	0.277258605287795	0.277055907571083	0.655090898399343	0.0106748650057644	TRUE	0.4232368453984814	0.4232368453984814	0.377832293111548	Strongly NFAT5-dependent
Mndal	ENSMUSG00000090272	-1.03253435503023	3.5654051492781e-4	-0.554357507922458	0.028634190964083	TRUE	1.8625784629486033	1.8625784629486033	0.478176847107772	NFAT5-independent
Renbp	ENSMUSG00000031387	0.832912445655891	0.00280851437842222	0.715780955529432	0.00851979023870824	TRUE	1.163641529187965	1.163641529187965	-0.11713149012645896	NFAT5-independent
Zfp85	ENSMUSG00000058331	0.472250079937386	0.0733594327278315	0.76099022524103	0.0053679813217437904	TRUE	0.6205731220631766	0.6205731220631766	0.288740145303644	Strongly NFAT5-dependent
Trcg1	ENSMUSG00000070298	0.295674093638869	0.24145607767165	0.853265815809222	0.00111370272065646	TRUE	0.34652049591188294	0.34652049591188294	0.557591722170353	Strongly NFAT5-dependent
AL805899.1	ENSMUSG00000117123	0.678363853673784	0.0156557735101676	0.640843959085736	0.0181934442722813	TRUE	1.0585476293504834	1.0585476293504834	-0.03751989458804805	NFAT5-independent
Kifc2	ENSMUSG00000004187	2.30301165865163	1.01531200516297e-12	2.31281509541351	1.40817245859662e-12	TRUE	0.995761253555755	0.995761253555755	0.009803436761880224	Partially dependent
Pcbp3	ENSMUSG00000001120	-0.713646345380352	0.0180030529806172	-0.950129566085532	0.00324852966724923	TRUE	0.7511042397307196	0.7511042397307196	-0.23648322070518002	Partially dependent
Gm9887	ENSMUSG00000052673	0.369809053400724	0.147531813954082	0.890084039569799	9.4050031802782e-4	TRUE	0.4154765583477516	0.4154765583477516	0.520274986169075	Strongly NFAT5-dependent
1700086O06Rik	ENSMUSG00000097080	-0.621001053931982	0.0229929242075235	-0.631252287992592	0.018927943393829	TRUE	0.9837604801509562	0.9837604801509562	-0.010251234060610015	Partially dependent
Snx29	ENSMUSG00000071669	-1.21385410768994	7.8012873393574e-5	-1.08144764953718	3.8993081044533e-4	TRUE	1.1224344592264128	1.1224344592264128	0.13240645815275998	NFAT5-independent
Hpse	ENSMUSG00000035273	-1.21979609588404	3.01709053621223e-5	-0.518870787416513	0.0347292352090398	TRUE	2.350866777367586	2.350866777367586	0.7009253084675269	NFAT5-independent
Gm37488	ENSMUSG00000104125	0.162047866170274	0.560135788677381	0.552140353390914	0.0422207389549329	TRUE	0.2934903510947415	0.2934903510947415	0.39009248722064005	Strongly NFAT5-dependent
Gm8066	ENSMUSG00000106237	0.587310785600078	0.025019729901189	0.525940746027016	0.0349351386707158	TRUE	1.1166862237555362	1.1166862237555362	-0.061370039573061974	NFAT5-independent
Sox5	ENSMUSG00000041540	-0.260130695847092	0.315147232289833	-0.869301575562517	0.00326409375361563	TRUE	0.2992410265433648	0.2992410265433648	-0.6091708797154249	Strongly NFAT5-dependent
Fam129c	ENSMUSG00000043243	-0.8121953140519	0.00315874554917754	-0.639995041056349	0.0142819828737556	TRUE	1.2690650113652826	1.2690650113652826	0.17220027299555107	NFAT5-independent
Nptxr	ENSMUSG00000022421	1.20623047823688	6.08536006459839e-5	1.40488991696351	4.13404419404237e-6	TRUE	0.8585943024233479	0.8585943024233479	0.19865943872663006	Partially dependent
Usp44	ENSMUSG00000020020	0.842711919407695	0.00284153705905579	0.643576931078478	0.016637526495241	TRUE	1.3094190899532636	1.3094190899532636	-0.19913498832921694	NFAT5-independent
1500015A07Rik	ENSMUSG00000098702	0.048022380101622	0.874985193693411	0.56082550978827	0.0214285085977905	TRUE	0.08562802380325393	0.08562802380325393	0.512803129686648	Strongly NFAT5-dependent
Glyctk	ENSMUSG00000020258	-0.325701642786361	0.199135747666969	-0.531200351040017	0.037185634063576	TRUE	0.6131427476444286	0.6131427476444286	-0.20549870825365596	Strongly NFAT5-dependent
Ankrd24	ENSMUSG00000054708	-1.12448569601643	2.0943635178855e-4	-0.921359784130477	0.00174309552664538	TRUE	1.220463184289784	1.220463184289784	0.20312591188595297	NFAT5-independent
Omd	ENSMUSG00000048368	0.379721158227614	0.153841857442152	0.762875542987118	0.00673757334672755	TRUE	0.49774981216566017	0.49774981216566017	0.38315438475950403	Strongly NFAT5-dependent
Bmyc	ENSMUSG00000049086	-1.35492563703032	1.15946857794643e-5	-0.984213887875765	7.8585299379022e-4	TRUE	1.3766577099970256	1.3766577099970256	0.37071174915455496	NFAT5-independent
Tmem35b	ENSMUSG00000070737	-0.971416606306748	8.4516475878694e-4	-0.760991212314087	0.00621518188567512	TRUE	1.2765148803135078	1.2765148803135078	0.21042539399266103	NFAT5-independent
Pacsin3	ENSMUSG00000027257	1.55315689001586	4.9249027188811e-7	1.58073309953549	4.26197780465883e-7	TRUE	0.9825547971838299	0.9825547971838299	0.027576209519629913	Partially dependent
Gm12167	ENSMUSG00000085853	-0.732596090390198	0.00619479344144119	-0.550423651221025	0.0275677504511632	TRUE	1.3309676805585176	1.3309676805585176	0.18217243916917303	NFAT5-independent
F11r	ENSMUSG00000038235	3.4641009479082	2.9515437680185197e-18	3.10585887634422	1.5890606387658502e-14	TRUE	1.1153439630797561	1.1153439630797561	-0.35824207156398025	NFAT5-independent
Iqcg	ENSMUSG00000035578	-1.41004541351064	3.26307832226155e-6	-0.794669179967496	0.00339713767036787	TRUE	1.7743803950825354	1.7743803950825354	0.615376233543144	NFAT5-independent
Pdia5	ENSMUSG00000022844	-0.437212033487301	0.107840118387791	-0.643570316520335	0.0231921686543307	TRUE	0.6793539451154694	0.6793539451154694	-0.20635828303303405	Strongly NFAT5-dependent
Runx2os2	ENSMUSG00000089849	1.08597672554728	3.4952527099862e-4	1.15877455872659	1.4035821585268e-4	TRUE	0.9371768799797352	0.9371768799797352	0.07279783317930999	Partially dependent
D730045B01Rik	ENSMUSG00000054622	1.94097849824865	2.2666539977320203e-9	2.21342477755709	1.1854905551970499e-11	TRUE	0.8769118869225213	0.8769118869225213	0.2724462793084401	Partially dependent
Catsper2	ENSMUSG00000033486	-1.00666466918267	3.947743870078e-4	-0.710246832274472	0.00758389737297124	TRUE	1.417344820756129	1.417344820756129	0.2964178369081979	NFAT5-independent
Rundc3a	ENSMUSG00000006575	-0.140304644159255	0.608593040249532	-0.877809770816183	0.00330599327139932	TRUE	0.15983490822709853	0.15983490822709853	-0.737505126656928	Strongly NFAT5-dependent
Tmem86a	ENSMUSG00000010307	0.805075081637684	0.00649886283805777	1.20898791961352	8.5952784836822e-5	TRUE	0.6659082928595715	0.6659082928595715	0.403912837975836	Strongly NFAT5-dependent
Gm16310	ENSMUSG00000086331	1.20411678114839	7.61012416271676e-5	1.05899605223171	4.9686238852898e-4	TRUE	1.1370361377748814	1.1370361377748814	-0.14512072891668004	NFAT5-independent
P2ry12	ENSMUSG00000036353	1.23291663884497	2.34120763849851e-5	0.54012002196583	0.0387723898453064	TRUE	2.2826716076134814	2.2826716076134814	-0.69279661687914	NFAT5-independent
Gm45235	ENSMUSG00000108957	0.333064489200353	0.195435735097426	0.670977406860065	0.0110722307146971	TRUE	0.49638704045040205	0.49638704045040205	0.33791291765971204	Strongly NFAT5-dependent
9930111J21Rik2	ENSMUSG00000069892	-0.613350114883489	0.0249557379440941	-0.580205078932665	0.0279215216622911	TRUE	1.0571264147011552	1.0571264147011552	0.033145035950823964	NFAT5-independent
Gm45250	ENSMUSG00000110317	0.244524496565464	0.349165553433133	0.705931651929406	0.00701639849590874	TRUE	0.3463855118227745	0.3463855118227745	0.461407155363942	Strongly NFAT5-dependent
Tmem218	ENSMUSG00000032121	-0.860997299383171	0.00215659435780908	-0.559073924693778	0.0278846428959017	TRUE	1.5400419539415395	1.5400419539415395	0.301923374689393	NFAT5-independent
Gm20045	ENSMUSG00000103983	0.413433448240572	0.116056860346478	0.58383652151852	0.0256315729984353	TRUE	0.7081322133895617	0.7081322133895617	0.17040307327794796	Strongly NFAT5-dependent
Gm8251	ENSMUSG00000091844	1.03707153935084	0.0163666429430871	1.30542711476794	0.00508548619006948	TRUE	0.7944308246846824	0.7944308246846824	0.26835557541709987	Partially dependent
Kctd4	ENSMUSG00000046523	0.39898594519929	0.123017099942421	0.611087166113119	0.0184432944077002	TRUE	0.6529116750022423	0.6529116750022423	0.212101220913829	Strongly NFAT5-dependent
Gm28229	ENSMUSG00000101335	-0.652362407383076	0.0157094077909033	-0.541168531241289	0.0330124811555247	TRUE	1.2054699593983031	1.2054699593983031	0.111193876141787	NFAT5-independent
Arl4d	ENSMUSG00000034936	1.84267878910778	1.78706720422119e-8	1.08117348618064	8.6005930931982e-4	TRUE	1.7043322026118477	1.7043322026118477	-0.7615053029271401	NFAT5-independent
Rin1	ENSMUSG00000024883	-0.513766510630596	0.0466920585838729	-0.659386288192599	0.0130873642367203	TRUE	0.7791586204178556	0.7791586204178556	-0.14561977756200306	Partially dependent
Fgf2	ENSMUSG00000037225	0.348051374163647	0.194481314326692	0.5447877448243	0.0410082642878988	TRUE	0.6388751903292123	0.6388751903292123	0.19673637066065303	Strongly NFAT5-dependent
Tlr1	ENSMUSG00000044827	-2.02683583792403	5.29398808584658e-10	-0.590378904510399	0.0185000593117492	TRUE	3.433110198280008	3.433110198280008	1.436456933413631	NFAT5-independent
Cttnbp2nl	ENSMUSG00000062127	2.34694335742824	4.6233414660364794e-12	1.51231572497224	1.24750506814755e-5	TRUE	1.551887161307749	1.551887161307749	-0.8346276324559998	NFAT5-independent
Clec2i	ENSMUSG00000030365	0.902282415617776	0.00189308724580185	1.77104585692629	2.4835687826654703e-9	TRUE	0.509463045289927	0.509463045289927	0.8687634413085139	Strongly NFAT5-dependent
Ripk4	ENSMUSG00000005251	0.745822816134958	0.0115868062217867	1.34595565545351	1.7246605409123e-5	TRUE	0.5541213881104118	0.5541213881104118	0.6001328393185519	Strongly NFAT5-dependent
Necab3	ENSMUSG00000027489	-0.687463755783583	0.0112331092279454	-0.590609075695165	0.0224796706051933	TRUE	1.163991181433196	1.163991181433196	0.09685468008841802	NFAT5-independent
Bcar1	ENSMUSG00000031955	1.3792330042037	4.94914888083159e-6	0.660876864510431	0.0181318300376242	TRUE	2.0869742583974666	2.0869742583974666	-0.718356139693269	NFAT5-independent
Gm10145	ENSMUSG00000064208	0.257947822279685	0.332700158122788	0.960786763365834	0.00103488086725978	TRUE	0.26847562030938127	0.26847562030938127	0.7028389410861491	Strongly NFAT5-dependent
Gm37593	ENSMUSG00000103358	0.55100420881168	0.0369011060882843	0.816972684179147	0.0026571117041776	TRUE	0.6744463058337149	0.6744463058337149	0.26596847536746704	Strongly NFAT5-dependent
Gm43702	ENSMUSG00000105453	0.0186329176509022	0.956815561294018	0.524367203287115	0.0452127548528942	TRUE	0.03553410193104664	0.03553410193104664	0.5057342856362127	Strongly NFAT5-dependent
Slc46a3	ENSMUSG00000029650	-0.311380291503493	0.213212710073746	-0.752791869694735	0.0060158556152345	TRUE	0.4136339724680621	0.4136339724680621	-0.441411578191242	Strongly NFAT5-dependent
5330438D12Rik	ENSMUSG00000052291	0.846518355719691	0.00220218087764748	0.645380904648188	0.01486830032438	TRUE	1.311656960444387	1.311656960444387	-0.20113745107150305	NFAT5-independent
Syngr3	ENSMUSG00000007021	2.45946374677595	4.48903355257791e-13	2.21806256510852	1.41288111588024e-10	TRUE	1.108834252678359	1.108834252678359	-0.24140118166742974	NFAT5-independent
Gm11223	ENSMUSG00000046341	0.157006198042386	0.570181627878756	0.584190705193799	0.0302997905541524	TRUE	0.2687584664502679	0.2687584664502679	0.427184507151413	Strongly NFAT5-dependent
Pam	ENSMUSG00000026335	-1.34026218538087	1.6210520037013e-5	-1.08602056477987	3.2789925824445e-4	TRUE	1.2341038732102954	1.2341038732102954	0.2542416206010001	NFAT5-independent
Nhlrc1	ENSMUSG00000044231	-0.0209334495247496	0.950972424439324	0.510870590987289	0.0456081782657752	FALSE	-0.04097603168797486	0.04097603168797486	0.5318040405120387	Strongly NFAT5-dependent
Celf3	ENSMUSG00000028137	0.750137584169326	0.00889063780642036	0.677048079735122	0.0146768830130629	TRUE	1.107953196562936	1.107953196562936	-0.07308950443420392	NFAT5-independent
D130017N08Rik	ENSMUSG00000097287	-1.94497617135152	8.306061436448471e-9	-1.58206912672164	1.21934055090071e-6	TRUE	1.2293876029183977	1.2293876029183977	0.3629070446298799	NFAT5-independent
Gm16418	ENSMUSG00000084093	-0.482090478230534	0.0679035856728526	-0.601474122625311	0.0237354973895084	TRUE	0.8015149116080142	0.8015149116080142	-0.11938364439477694	Strongly NFAT5-dependent
Tmem205	ENSMUSG00000040883	-0.685419493061774	0.0229543542582364	-0.894886824098286	0.00534687251122804	TRUE	0.7659286902032808	0.7659286902032808	-0.20946733103651205	Partially dependent
Zswim5	ENSMUSG00000033948	0.720133311881915	0.011984073788373	0.598851922437885	0.0267940922646298	TRUE	1.2025231695847312	1.2025231695847312	-0.12128138944403	NFAT5-independent
Zcchc24	ENSMUSG00000055538	-1.88344142885536	1.17319285862945e-7	-1.176381664292	3.046468163093e-4	TRUE	1.6010462301696116	1.6010462301696116	0.7070597645633601	NFAT5-independent
Gm49338	ENSMUSG00000111128	-0.441391891186767	0.0909943763386137	-0.583481998616415	0.0274803985696	TRUE	0.7564790211753234	0.7564790211753234	-0.142090107429648	Strongly NFAT5-dependent
Rbpms2	ENSMUSG00000032387	2.23237635343478	8.56720970688859e-11	0.607880258426543	0.0386873973851945	TRUE	3.6723948877911177	3.6723948877911177	-1.624496095008237	NFAT5-independent
Ccdc112	ENSMUSG00000071855	0.896931258237247	0.00166709896152636	0.70337972828287	0.0106437165785611	TRUE	1.2751735970936862	1.2751735970936862	-0.19355152995437697	NFAT5-independent
4833403J16Rik	ENSMUSG00000107481	-0.44992375778739	0.0921561074907105	-0.78898650829559	0.0073878056602122	TRUE	0.5702553250997142	0.5702553250997142	-0.3390627505082	Strongly NFAT5-dependent
Lmntd2	ENSMUSG00000025500	-2.25030475007843	1.00163265736853e-9	-1.11527313897078	2.9772743374599e-4	TRUE	2.0177162629013945	2.0177162629013945	1.13503161110765	NFAT5-independent
E130311K13Rik	ENSMUSG00000048581	-0.304641566671315	0.242418375026161	-0.656520391094109	0.0195240024559594	TRUE	0.46402453115526476	0.46402453115526476	-0.351878824422794	Strongly NFAT5-dependent
Gm42900	ENSMUSG00000106671	0.503945628082028	0.0684021544010939	0.615025777698902	0.0249794387276294	TRUE	0.8193894408255918	0.8193894408255918	0.11108014961687396	Strongly NFAT5-dependent
Tcrg-C1	ENSMUSG00000076749	-1.25935028487954	3.79204774145928e-5	-0.605563115842058	0.0205483997510623	TRUE	2.0796350569145323	2.0796350569145323	0.6537871690374819	NFAT5-independent
Kif5c	ENSMUSG00000026764	0.542569013503414	0.0506102113146632	0.537557544286239	0.0416670884917793	TRUE	1.0093226655833267	1.0093226655833267	-0.005011469217174991	Strongly NFAT5-dependent
Gm37906	ENSMUSG00000104315	0.368613872520376	0.188593117701982	0.678523062750938	0.025597359687798	TRUE	0.543259165025141	0.543259165025141	0.309909190230562	Strongly NFAT5-dependent
Arhgef10l	ENSMUSG00000040964	1.218256449819	7.50585419893335e-5	0.77616595513886	0.00811936576844836	TRUE	1.5695824349846004	1.5695824349846004	-0.44209049468014006	NFAT5-independent
Gm43566	ENSMUSG00000105565	1.08770470787463	4.089371491927e-4	1.29875744737124	3.40142062941572e-5	TRUE	0.8374964163448742	0.8374964163448742	0.21105273949660996	Partially dependent
Gm38043	ENSMUSG00000104293	0.955636533672494	0.00310512306183247	0.762915016460019	0.0129910991343053	TRUE	1.2526120381097188	1.2526120381097188	-0.192721517212475	NFAT5-independent
Itgb5	ENSMUSG00000022817	0.213961619210488	0.41929369197971	1.11878467072774	6.77891772569703e-5	TRUE	0.1912446825637248	0.1912446825637248	0.904823051517252	Strongly NFAT5-dependent
Oplah	ENSMUSG00000022562	0.758577140810285	0.00690840190324949	0.665247518660529	0.0143392192580698	TRUE	1.140293078187912	1.140293078187912	-0.09332962214975604	NFAT5-independent
Ribc1	ENSMUSG00000025257	-0.797385159196443	0.013042834778892	-0.550715851417391	0.0487318825479419	TRUE	1.4479066784516792	1.4479066784516792	0.24666930777905205	NFAT5-independent
Gm20605	ENSMUSG00000029720	-0.629538568108508	0.0270901823196126	-0.953531237932871	0.00228637164361074	TRUE	0.6602180852231584	0.6602180852231584	-0.32399266982436303	Strongly NFAT5-dependent
Snord83b	ENSMUSG00000077734	-0.866135677111618	0.00484662628311363	-1.66204415138284	6.52662608541029e-6	TRUE	0.5211267561039117	0.5211267561039117	-0.7959084742712219	Strongly NFAT5-dependent
4933406I18Rik	ENSMUSG00000087475	1.74175373543711	4.18261984623764e-7	2.30547530847533	2.29334279662534e-11	TRUE	0.7554857469234734	0.7554857469234734	0.5637215730382201	Partially dependent
Cacna2d2	ENSMUSG00000010066	-1.39585920251044	2.66417670421425e-5	-0.572316505874749	0.0318090120221905	TRUE	2.438963734545728	2.438963734545728	0.8235426966356909	NFAT5-independent
Cavin1	ENSMUSG00000004044	3.66028086265027	2.69314074625006e-17	2.79687927825567	3.12340413767146e-10	TRUE	1.3087017702576986	1.3087017702576986	-0.8634015843945999	NFAT5-independent
8430429K09Rik	ENSMUSG00000034587	-2.1760837222074	3.32380220183363e-9	-1.29661869747343	6.51821908976966e-5	TRUE	1.6782757540421722	1.6782757540421722	0.8794650247339699	NFAT5-independent
Hist1h3g	ENSMUSG00000099517	0.443499212011563	0.106775486237063	0.688747672722686	0.0156790945967806	TRUE	0.64392117690702	0.64392117690702	0.245248460711123	Strongly NFAT5-dependent
Zfp273	ENSMUSG00000030446	0.448659764339702	0.105206529806626	0.734219946736463	0.0119925692117382	TRUE	0.6110699747860998	0.6110699747860998	0.28556018239676095	Strongly NFAT5-dependent
Tmem108	ENSMUSG00000042757	-2.35494115717135	5.80438810794796e-10	-0.585846245395901	0.0298363877424784	TRUE	4.0197256117600215	4.0197256117600215	1.7690949117754489	NFAT5-independent
Hmcn2	ENSMUSG00000055632	-1.14042131469072	4.6535428448402e-4	-0.551198559442356	0.0402966990785528	TRUE	2.0689845703596847	2.0689845703596847	0.5892227552483641	NFAT5-independent
Rtl5	ENSMUSG00000049191	1.68543077148445	1.58061602414694e-7	1.24034912122216	1.2608135384735e-4	TRUE	1.3588357847375547	1.3588357847375547	-0.4450816502622901	NFAT5-independent
Trim2	ENSMUSG00000027993	0.517298158858521	0.0626490713845204	1.00367084457316	8.4875798598231e-4	TRUE	0.5154061828691627	0.5154061828691627	0.4863726857146389	Strongly NFAT5-dependent
Sec14l2	ENSMUSG00000003585	0.826297565504907	0.00460083141345748	0.647433415331172	0.0191084871322661	TRUE	1.2762664792058087	1.2762664792058087	-0.17886415017373491	NFAT5-independent
H19	ENSMUSG00000000031	5.40694511406033	6.08383275435306e-17	3.55145005093928	7.37173417459011e-8	TRUE	1.5224612585020907	1.5224612585020907	-1.8554950631210505	NFAT5-independent
Rab32	ENSMUSG00000019832	-1.68678069797361	3.2510390009575e-7	-0.87735441618735	0.0022435835183049	TRUE	1.9225761754340054	1.9225761754340054	0.80942628178626	NFAT5-independent
Znrd1as	ENSMUSG00000036214	-0.583380602269904	0.0394164041369378	-0.675320922444559	0.018552145136719	TRUE	0.8638568462504537	0.8638568462504537	-0.09194032017465503	Partially dependent
St5	ENSMUSG00000031024	-0.49663107622356	0.072088709282386	-0.529866529605968	0.0470135814943634	TRUE	0.9372758014983068	0.9372758014983068	-0.03323545338240802	Strongly NFAT5-dependent
Phxr4	ENSMUSG00000031802	0.439784735157213	0.118646029831968	0.927140501368364	0.00336849287631169	TRUE	0.4743452955707748	0.4743452955707748	0.487355766211151	Strongly NFAT5-dependent
Apln	ENSMUSG00000037010	3.17822547345073	8.15686058272684e-17	0.916228433413812	0.0106052789582641	TRUE	3.4688134067274614	3.4688134067274614	-2.261997040036918	NFAT5-independent
Zfp711	ENSMUSG00000025529	1.9942942926032	1.35506170167744e-8	1.79606900575501	4.58130090109674e-7	TRUE	1.1103661864956365	1.1103661864956365	-0.19822528684818996	NFAT5-independent
Tmem50b	ENSMUSG00000022964	-1.10898310280947	3.4619963684211e-4	-0.608447439029056	0.0237155281998595	TRUE	1.8226440472477876	1.8226440472477876	0.5005356637804141	NFAT5-independent
Gm6934	ENSMUSG00000103753	0.658334003898169	0.0286728812923608	1.03868324179079	0.00124560110880696	TRUE	0.6338159483185053	0.6338159483185053	0.3803492378926211	Strongly NFAT5-dependent
Mmaa	ENSMUSG00000037022	-0.837127124794761	0.00480170336209862	-0.978474325797624	0.00166066306774847	TRUE	0.855543270501614	0.855543270501614	-0.1413472010028629	Partially dependent
B230217O12Rik	ENSMUSG00000097785	1.06910771334516	6.3178880406761e-4	1.0093189557163	0.00122385007448607	TRUE	1.0592367331359875	1.0592367331359875	-0.059788757628860045	NFAT5-independent
Kcnh4	ENSMUSG00000035355	-0.209247510971648	0.434432796174933	-0.750980167281304	0.0124776755989384	TRUE	0.27863253929749593	0.27863253929749593	-0.5417326563096561	Strongly NFAT5-dependent
Fads3	ENSMUSG00000024664	1.7308945879594	1.70928263101666e-7	1.349470770375	5.36111737183213e-5	TRUE	1.282646964986435	1.282646964986435	-0.3814238175844	NFAT5-independent
Fhdc1	ENSMUSG00000041842	2.78275779005105	1.49212261749827e-12	1.83412582330984	4.82665175266154e-6	TRUE	1.517212044389256	1.517212044389256	-0.94863196674121	NFAT5-independent
Chrnb1	ENSMUSG00000041189	0.908435590645939	0.00302089441574357	0.707611690241334	0.0148895464501079	TRUE	1.2838052326921185	1.2838052326921185	-0.20082390040460507	NFAT5-independent
Gm47602	ENSMUSG00000113472	0.773766125791649	0.0114389928988189	1.0705980974747	7.9261653216991e-4	TRUE	0.7227419211903974	0.7227419211903974	0.296831971683051	Partially dependent
Col27a1	ENSMUSG00000045672	-0.744482313459666	0.0129840058402942	-1.11706708959607	8.6444894294052e-4	TRUE	0.6664615942887279	0.6664615942887279	-0.37258477613640395	Strongly NFAT5-dependent
Pctp	ENSMUSG00000020553	-1.96777339282701	7.31641521725504e-8	-1.50511874748483	1.25391970305914e-5	TRUE	1.3073874709987579	1.3073874709987579	0.46265464534218004	NFAT5-independent
Gnat2	ENSMUSG00000009108	-2.33548202514953	1.84265916748236e-8	-1.54172443214883	3.21658923921656e-5	TRUE	1.5148504988627403	1.5148504988627403	0.7937575930006999	NFAT5-independent
Isoc2b	ENSMUSG00000052605	-0.985848259673671	0.00171453896014117	-0.940326394954621	0.00275876445002479	TRUE	1.048410706073232	1.048410706073232	0.045521864719049954	NFAT5-independent
Epha2	ENSMUSG00000006445	0.0557548253120332	0.857691746015988	-0.757992288599001	0.0179783206728868	FALSE	-0.07355592682227015	0.07355592682227015	-0.8137471139110343	Strongly NFAT5-dependent
Plcd1	ENSMUSG00000010660	-0.084489415631188	0.76961920865424	-0.651010075832814	0.0235899206867364	TRUE	0.12978203989101658	0.12978203989101658	-0.566520660201626	Strongly NFAT5-dependent
Rorc	ENSMUSG00000028150	1.33359174905404	1.2732563124007e-4	1.94940102128078	3.40593371728493e-8	TRUE	0.6841033396903907	0.6841033396903907	0.6158092722267399	Partially dependent
Rem2	ENSMUSG00000022176	1.36628389790097	7.71154570357558e-5	1.64727900038558	2.75947983078851e-6	TRUE	0.8294186337476304	0.8294186337476304	0.28099510248461	Partially dependent
Epor	ENSMUSG00000006235	2.62248333386146	3.7578940933567e-11	2.27345947805721	1.69662215778592e-8	TRUE	1.1535210366285082	1.1535210366285082	-0.34902385580425	NFAT5-independent
Gm14377	ENSMUSG00000109501	0.345505899286914	0.196876757953196	0.650401093979304	0.0192807348747325	TRUE	0.531219738843041	0.531219738843041	0.30489519469239	Strongly NFAT5-dependent
Elovl4	ENSMUSG00000032262	1.03167041381183	0.00100031783909097	0.578287743632596	0.0369230031988122	TRUE	1.7840087831210925	1.7840087831210925	-0.45338267017923395	NFAT5-independent
Idh1	ENSMUSG00000025950	0.584291632949956	0.03952392445951	0.755753385005106	0.0091624450284556	TRUE	0.7731247316159998	0.7731247316159998	0.17146175205515002	Partially dependent
Lrrc56	ENSMUSG00000038637	-0.94468621091191	0.00203625110132478	-1.39468411601943	4.63190345175886e-5	TRUE	0.6773477951467177	0.6773477951467177	-0.44999790510752014	Strongly NFAT5-dependent
Acvr2b	ENSMUSG00000061393	2.69588620995066	1.37337229941114e-11	2.24351447680857	3.19740585655359e-8	TRUE	1.2016353082711528	1.2016353082711528	-0.45237173314209	NFAT5-independent
Gm47469	ENSMUSG00000113047	-0.0335757236171228	0.917839035344731	0.553647155521881	0.0366592449822191	FALSE	-0.060644624075551365	0.060644624075551365	0.5872228791390038	Strongly NFAT5-dependent
Nphp3	ENSMUSG00000032558	-1.27094291944409	2.66593107781e-4	-1.06103076913244	0.00170044310690627	TRUE	1.197837948171179	1.197837948171179	0.2099121503116499	NFAT5-independent
Gm47806	ENSMUSG00000113104	-0.656924013313575	0.0212777792736493	-0.748231009769418	0.0101666006783245	TRUE	0.8779695104002959	0.8779695104002959	-0.09130699645584306	Partially dependent
Cdkn2a	ENSMUSG00000044303	0.138474290322204	0.625291285683942	0.668987049479388	0.0189087689468086	TRUE	0.20699098798693638	0.20699098798693638	0.530512759157184	Strongly NFAT5-dependent
Mt2	ENSMUSG00000031762	-0.309085943929745	0.249677661755143	-1.46881397210498	1.1147745133541e-4	TRUE	0.2104323282592343	0.2104323282592343	-1.159728028175235	Strongly NFAT5-dependent
4930509E16Rik	ENSMUSG00000096986	-1.5007069504429	7.20864542364953e-6	-1.85917846942086	4.78922021905063e-7	TRUE	0.8071882151853743	0.8071882151853743	-0.3584715189779599	Partially dependent
Zcchc18	ENSMUSG00000031428	0.343493860097898	0.207034991787501	0.916568846518728	0.00296488182397246	TRUE	0.3747605664348526	0.3747605664348526	0.57307498642083	Strongly NFAT5-dependent
Serpini1	ENSMUSG00000027834	0.913166798588394	0.00240860062672767	0.755069545796826	0.00961054934506561	TRUE	1.2093810479731741	1.2093810479731741	-0.15809725279156805	NFAT5-independent
Trim30d	ENSMUSG00000057596	-1.32996055654663	7.92346791155798e-5	-1.26739321289254	1.937409560238e-4	TRUE	1.0493669549573286	1.0493669549573286	0.06256734365408989	NFAT5-independent
Ntf5	ENSMUSG00000074121	1.26510271426437	3.9620626271027e-4	0.837722736547876	0.0113841388428581	TRUE	1.510168769535443	1.510168769535443	-0.42737997771649405	NFAT5-independent
Snord49a	ENSMUSG00000065734	-0.549183535561964	0.060012013103915	-0.981166233123895	0.0037164674947476	TRUE	0.5597252708273919	0.5597252708273919	-0.431982697561931	Strongly NFAT5-dependent
Map3k6	ENSMUSG00000028862	0.889923096313809	0.00358158118680758	0.572014361949571	0.0378361710169787	TRUE	1.5557705461812599	1.5557705461812599	-0.31790873436423794	NFAT5-independent
Gm42930	ENSMUSG00000106940	0.230208333789706	0.399455303383834	0.556427106075793	0.0443522763534656	TRUE	0.41372595129890827	0.41372595129890827	0.32621877228608703	Strongly NFAT5-dependent
Gm10130	ENSMUSG00000095315	1.17443465676888	3.253971431092e-4	0.789180089771239	0.0104956277682869	TRUE	1.488170662173339	1.488170662173339	-0.38525456699764093	NFAT5-independent
Podxl	ENSMUSG00000025608	2.17325803896111	2.73101565342815e-9	1.52611303071233	3.5518939295471e-5	TRUE	1.4240478884756773	1.4240478884756773	-0.64714500824878	NFAT5-independent
Pde1a	ENSMUSG00000059173	3.11154336048528	2.01939819629585e-13	1.79194056286863	3.59489596891519e-5	TRUE	1.7364099150164682	1.7364099150164682	-1.31960279761665	NFAT5-independent
Ube2l6	ENSMUSG00000027078	1.06764750300242	8.7052741903141e-4	0.869313122602494	0.00532601433024196	TRUE	1.2281506803971451	1.2281506803971451	-0.1983343803999259	NFAT5-independent
Cspg5	ENSMUSG00000032482	1.53754928119023	1.17204011804226e-5	1.55940264434193	9.87890380367047e-6	TRUE	0.9859860676580281	0.9859860676580281	0.021853363151699945	Partially dependent
Gm10773	ENSMUSG00000112084	0.530283627307713	0.0659002092604227	0.741922308951659	0.0131637392905047	TRUE	0.7147427984164637	0.7147427984164637	0.21163868164394606	Strongly NFAT5-dependent
Shisa2	ENSMUSG00000044461	0.0551971661811227	0.859653481577165	0.596588465438929	0.0377438660293797	TRUE	0.09252134323534465	0.09252134323534465	0.5413912992578063	Strongly NFAT5-dependent
Cfap300	ENSMUSG00000053070	-0.616257251953081	0.0479008770940629	-1.27928965032551	8.9291597709137e-4	TRUE	0.4817183128123306	0.4817183128123306	-0.663032398372429	Strongly NFAT5-dependent
Icam5	ENSMUSG00000032174	0.475515482071064	0.0969279619665824	0.988724940604298	0.00221538599652288	TRUE	0.48093808757411743	0.48093808757411743	0.5132094585332341	Strongly NFAT5-dependent
Zkscan7	ENSMUSG00000063488	-1.64996870338883	3.37462029235123e-6	-1.44358354573418	3.85798449093484e-5	TRUE	1.1429672416705792	1.1429672416705792	0.20638515765465004	NFAT5-independent
Atg10	ENSMUSG00000021619	-1.86158193424365	4.83470035979708e-6	-1.10382778702408	0.00210173264374327	TRUE	1.6864785939684261	1.6864785939684261	0.7577541472195699	NFAT5-independent
Card10	ENSMUSG00000033170	2.36187291041675	4.12506220955813e-10	1.6044426416827	2.7097791656074e-5	TRUE	1.4720831079007448	1.4720831079007448	-0.75743026873405	NFAT5-independent
Rgs8	ENSMUSG00000042671	-0.0812523347748518	0.785299525023641	-1.18250235869454	0.00216897432798418	TRUE	0.06871219678965615	0.06871219678965615	-1.1012500239196883	Strongly NFAT5-dependent
Ninj2	ENSMUSG00000041377	-1.07846515792985	0.0022061265742181	-1.59216370990469	6.57948457372675e-5	TRUE	0.6773582083430411	0.6773582083430411	-0.5136985519748398	Strongly NFAT5-dependent
Gm44981	ENSMUSG00000108574	0.365093775328496	0.188037042512411	1.04748765678608	0.00128150929229948	TRUE	0.348542317385088	0.348542317385088	0.6823938814575841	Strongly NFAT5-dependent
Styk1	ENSMUSG00000032899	0.838896572111956	0.0140672274099303	0.792505308586084	0.0163917086191504	TRUE	1.0585374798417932	1.0585374798417932	-0.04639126352587197	NFAT5-independent
4921525O09Rik	ENSMUSG00000113211	-1.92645725909275	3.26960675704776e-7	-2.32995115964109	3.1558284469887e-8	TRUE	0.8268230220712031	0.8268230220712031	-0.40349390054834	Partially dependent
Anxa3	ENSMUSG00000029484	-1.07861326796924	0.00297820388285918	-0.692647372653774	0.0267396989903464	TRUE	1.557232887257907	1.557232887257907	0.385965895315466	NFAT5-independent
4930524J08Rik	ENSMUSG00000035364	-0.824661746521936	0.00702758244685498	-1.02343878046245	0.00169997584919737	TRUE	0.805775354876923	0.805775354876923	-0.19877703394051405	Partially dependent
Ccdc38	ENSMUSG00000036168	-0.162517976791414	0.557611916333508	-0.58991178044563	0.0400480066096516	TRUE	0.27549539130858686	0.27549539130858686	-0.427393803654216	Strongly NFAT5-dependent
Gm18860	ENSMUSG00000110569	1.16513504059609	4.9162607900495e-4	1.33568533827791	1.0062526452624e-4	TRUE	0.8723125179305261	0.8723125179305261	0.17055029768181984	Partially dependent
Clic3	ENSMUSG00000015093	-0.621978518447778	0.0370577528212684	-0.695270183862991	0.0208523009343956	TRUE	0.8945853466518625	0.8945853466518625	-0.07329166541521304	Partially dependent
Olfr56	ENSMUSG00000040328	1.43291132481795	7.92865929039317e-5	1.93709151039538	1.60806559746457e-7	TRUE	0.7397230936836217	0.7397230936836217	0.5041801855774302	Partially dependent
Gm13807	ENSMUSG00000085852	-0.407044947658353	0.145576911129797	-0.789294629258718	0.0147569330661639	TRUE	0.5157072309495346	0.5157072309495346	-0.382249681600365	Strongly NFAT5-dependent
Man1c1	ENSMUSG00000037306	0.32945973324271	0.232080438646238	0.954091007341453	0.00332486920846521	TRUE	0.3453126910405958	0.3453126910405958	0.624631274098743	Strongly NFAT5-dependent
4921514A10Rik	ENSMUSG00000097620	0.745211370905436	0.0198551473341117	0.890009796948745	0.00661031119869132	TRUE	0.8373069301711878	0.8373069301711878	0.14479842604330906	Partially dependent
Hap1	ENSMUSG00000006930	2.58261292809168	3.6390248172846005e-10	2.62921672334085	2.70379931256747e-10	TRUE	0.9822746467282651	0.9822746467282651	0.0466037952491698	Partially dependent
Antxr1	ENSMUSG00000033420	-1.5903938962084	3.35492418293648e-5	-1.18413493112459	0.00102814115895621	TRUE	1.3430850272257235	1.3430850272257235	0.4062589650838102	NFAT5-independent
Wasf1	ENSMUSG00000019831	6.41719002481739	1.55606284606993e-9	5.58597162998553	1.74411061811684e-7	TRUE	1.1488046216292747	1.1488046216292747	-0.8312183948318594	NFAT5-independent
Crabp2	ENSMUSG00000004885	2.15804482567739	6.87466985664856e-8	1.54661633334522	1.1701113854752e-4	TRUE	1.395333011264464	1.395333011264464	-0.6114284923321698	NFAT5-independent
Gm45358	ENSMUSG00000109585	0.38372673361082	0.169359778925957	0.677451718903889	0.0231973756073791	TRUE	0.5664266882836854	0.5664266882836854	0.293724985293069	Strongly NFAT5-dependent
Gm17477	ENSMUSG00000084917	0.366928167968822	0.1902049506136	0.595509216004153	0.0397664510173157	TRUE	0.6161586724566545	0.6161586724566545	0.22858104803533097	Strongly NFAT5-dependent
Tns3	ENSMUSG00000020422	-1.58507597708365	3.12459658649507e-5	-2.51488084089377	6.81356322509079e-8	TRUE	0.6302787596569887	0.6302787596569887	-0.92980486381012	Strongly NFAT5-dependent
Gm48146	ENSMUSG00000112806	0.469893647427444	0.10234535869671	1.02651837365626	0.00177400676935889	TRUE	0.45775473628764546	0.45775473628764546	0.556624726228816	Strongly NFAT5-dependent
Arsg	ENSMUSG00000020604	-1.15434435899115	0.00114909132508332	-1.10453124294827	0.00193597468546526	TRUE	1.0450988746229724	1.0450988746229724	0.04981311604287986	NFAT5-independent
Gm15344	ENSMUSG00000084899	-0.594202629828865	0.0460295196744489	-1.02374583698731	0.00294548621656244	TRUE	0.5804200694749496	0.5804200694749496	-0.4295432071584451	Strongly NFAT5-dependent
Gm12592	ENSMUSG00000053263	1.13507238825648	0.00161416087671579	0.765129124255268	0.0189815057476678	TRUE	1.483504355374386	1.483504355374386	-0.3699432640012119	NFAT5-independent
Gm37186	ENSMUSG00000103937	0.418096003968263	0.15032102344934	0.795799642153556	0.0167246979318044	TRUE	0.5253784769704483	0.5253784769704483	0.377703638185293	Strongly NFAT5-dependent
Deptor	ENSMUSG00000022419	1.42846331277376	5.28175450232359e-5	1.26497123626056	3.452167595084e-4	TRUE	1.1292456870375223	1.1292456870375223	-0.16349207651319997	NFAT5-independent
Eldr	ENSMUSG00000087060	-1.24626611794708	2.5642734918944e-4	-1.2646245461935	2.9743299674518e-4	TRUE	0.9854830998641624	0.9854830998641624	-0.018358428246419978	Partially dependent
Osbpl1a	ENSMUSG00000044252	-0.564289922783942	0.0542886066373293	-0.566085011612355	0.0440838566142266	TRUE	0.9968289412515972	0.9968289412515972	-0.0017950888284130606	Strongly NFAT5-dependent
Rbm44	ENSMUSG00000070732	-2.38060388349193	5.23885962060093e-8	-1.20786994769661	7.2160286220361e-4	TRUE	1.9709107657092606	1.9709107657092606	1.1727339357953201	NFAT5-independent
3110009E18Rik	ENSMUSG00000026388	-0.678775499146189	0.0445608909748692	-0.763669016019925	0.0260405190791554	TRUE	0.8888346717060981	0.8888346717060981	-0.08489351687373603	Partially dependent
Fndc4	ENSMUSG00000038552	3.69422554040749	2.59220612264227e-13	2.30142511220515	7.94747995275201e-6	TRUE	1.6051904191085342	1.6051904191085342	-1.39280042820234	NFAT5-independent
2210011C24Rik	ENSMUSG00000074217	0.358979676033903	0.206157469732949	0.581427400640286	0.0490611837221782	TRUE	0.6174110054644543	0.6174110054644543	0.22244772460638296	Strongly NFAT5-dependent
Ypel2	ENSMUSG00000018427	1.56893160485516	2.60306350288089e-5	1.78057030825438	2.80182671005846e-6	TRUE	0.8811399345377693	0.8811399345377693	0.21163870339921997	Partially dependent
Pabpc1l	ENSMUSG00000054582	1.13419243782628	7.0198644767062e-4	0.861074570707959	0.00726765074937321	TRUE	1.317182595339877	1.317182595339877	-0.273117867118321	NFAT5-independent
Zfp334	ENSMUSG00000017667	2.83545651004322	2.14954621856048e-10	1.73935744277325	1.0971476442299e-4	TRUE	1.6301747072311588	1.6301747072311588	-1.0960990672699698	NFAT5-independent
Bicd1	ENSMUSG00000003452	0.716342467234097	0.0272806801957276	1.29674988650964	3.0695078085308e-4	TRUE	0.552413749703283	0.552413749703283	0.5804074192755431	Strongly NFAT5-dependent
Fgfrl1	ENSMUSG00000008090	0.68018784077032	0.0303447309914542	0.689939317345694	0.0237902847314097	TRUE	0.9858661822421	0.9858661822421	0.009751476575374007	Partially dependent
Gm37745	ENSMUSG00000103146	0.52757120803324	0.073425626137341	0.659699058911583	0.026509875976751	TRUE	0.7997149623097286	0.7997149623097286	0.132127850878343	Strongly NFAT5-dependent
Mlf1	ENSMUSG00000048416	-0.683495924603952	0.0324502456576085	-0.882517994158095	0.0102979471083217	TRUE	0.7744838395686129	0.7744838395686129	-0.19902206955414292	Partially dependent
Hlx	ENSMUSG00000039377	-0.184336398166008	0.504164410513278	1.28679876713523	8.2609675934065e-5	FALSE	-0.14325192320194075	0.14325192320194075	1.471135165301238	Strongly NFAT5-dependent
Gm14038	ENSMUSG00000083879	-1.24717259213789	5.162348932255e-4	-0.69031330260449	0.0225774079626705	TRUE	1.8066761678102103	1.8066761678102103	0.5568592895334	NFAT5-independent
Gm26771	ENSMUSG00000097250	0.306182425983331	0.271684959142181	0.743618411262402	0.0176875034169	TRUE	0.4117466987719429	0.4117466987719429	0.437435985279071	Strongly NFAT5-dependent
Hlf	ENSMUSG00000003949	0.0607287697975909	0.845424941880255	0.701267771968677	0.017585098862815	TRUE	0.08659854655391667	0.08659854655391667	0.6405390021710861	Strongly NFAT5-dependent
Tes3-ps	ENSMUSG00000113255	0.076895775051325	0.798947531461909	0.639263976753605	0.0337864473855148	TRUE	0.12028798406853349	0.12028798406853349	0.56236820170228	Strongly NFAT5-dependent
Gm43457	ENSMUSG00000106678	-0.706351484610123	0.0228161995348024	-1.20597796980565	8.7505962714774e-4	TRUE	0.5857084476625684	0.5857084476625684	-0.4996264851955271	Strongly NFAT5-dependent
Gm17552	ENSMUSG00000097233	-0.781981513873293	0.0143069886747544	-0.77159553961874106	0.0144873720729167	TRUE	1.0134603865902125	1.0134603865902125	0.0103859742545519	NFAT5-independent
Slc23a1	ENSMUSG00000024354	0.609258723180804	0.045948654254227	0.794064804945652	0.012078701093365	TRUE	0.7672657437858657	0.7672657437858657	0.18480608176484803	Partially dependent
Sdr42e1	ENSMUSG00000034308	-1.95333527671531	8.54489931903522e-7	-1.01989579000788	0.00236429173893728	TRUE	1.9152302576915412	1.9152302576915412	0.93343948670743	NFAT5-independent
Prob1	ENSMUSG00000073600	-1.23830345919331	4.6919778871609e-4	-1.3406807356598	2.757819299936e-4	TRUE	0.9236378402826037	0.9236378402826037	-0.10237727646649009	Partially dependent
Gm37968	ENSMUSG00000102570	0.643630315364425	0.039929702787866	0.808739155615189	0.0124275406335276	TRUE	0.7958441370071051	0.7958441370071051	0.165108840250764	Partially dependent
Gm5122	ENSMUSG00000111290	-0.498397501196283	0.0891496675442177	-1.34108669011472	7.2743581968106e-4	TRUE	0.3716370499163248	0.3716370499163248	-0.842689188918437	Strongly NFAT5-dependent
Pex11g	ENSMUSG00000069633	-0.543927069405208	0.0638610452163556	-0.829099138345459	0.0106938008013597	TRUE	0.656045874671469	0.656045874671469	-0.28517206894025104	Strongly NFAT5-dependent
Asah2	ENSMUSG00000024887	-1.66731285296796	2.96773672108108e-5	-0.696371140714555	0.0235929136604137	TRUE	2.394287694428448	2.394287694428448	0.970941712253405	NFAT5-independent
Sfrp2	ENSMUSG00000027996	0.548460051925991	0.0740058694658325	0.999504493547375	0.0042465457411428	TRUE	0.5487319521490424	0.5487319521490424	0.451044441621384	Strongly NFAT5-dependent
Dtx1	ENSMUSG00000029603	-0.904856991703735	0.00618683286456323	-0.69290035819964	0.0222079171460858	TRUE	1.305897710970768	1.305897710970768	0.211956633504095	NFAT5-independent
Gm13571	ENSMUSG00000086196	1.06324711116294	0.00345218926859074	0.958302616910665	0.00694528044106849	TRUE	1.1095108083817935	1.1095108083817935	-0.10494449425227503	NFAT5-independent
Cystm1	ENSMUSG00000046727	1.06619235564445	0.00236685552760287	1.22708800262188	6.2160577237995e-4	TRUE	0.8688801075117274	0.8688801075117274	0.16089564697743008	Partially dependent
Kmo	ENSMUSG00000039783	-0.969477392114208	0.00361598889805318	-1.37545597978698	2.2370256729384e-4	TRUE	0.7048407265380846	0.7048407265380846	-0.40597858767277206	Partially dependent
Ogdhl	ENSMUSG00000021913	-1.35557508648688	2.0597038870902e-4	-1.17567102687067	9.9741467545624e-4	TRUE	1.1530224488861207	1.1530224488861207	0.17990405961621003	NFAT5-independent
Arhgap29	ENSMUSG00000039831	0.576581602843355	0.0638363019054602	0.791601088275865	0.0163917086191504	TRUE	0.7283739390747556	0.7283739390747556	0.21501948543250993	Strongly NFAT5-dependent
Rnd2	ENSMUSG00000001313	1.75310511628452	1.65190001168698e-6	0.835982124868749	0.0124275406335276	TRUE	2.097060528130026	2.097060528130026	-0.9171229914157709	NFAT5-independent
Apol8	ENSMUSG00000056656	-0.394478301116956	0.165624211544981	-0.591767297544397	0.0474065467733499	TRUE	0.6666105118581015	0.6666105118581015	-0.19728899642744108	Strongly NFAT5-dependent
Fndc3c1	ENSMUSG00000033737	0.824438102218346	0.0119394071418548	1.19975741104911	5.5437515369247e-4	TRUE	0.6871706685249215	0.6871706685249215	0.37531930883076403	Partially dependent
Hist1h2bg	ENSMUSG00000058385	2.80491707756706	1.16271136726845e-10	2.48364128992402	1.97293245892304e-8	TRUE	1.1293567589435867	1.1293567589435867	-0.3212757876430401	NFAT5-independent
Ctnnd1	ENSMUSG00000034101	2.2967459463771	1.60602252846759e-8	0.880122893880553	0.0151235921180368	TRUE	2.6095741428228383	2.6095741428228383	-1.4166230524965469	NFAT5-independent
B230118H07Rik	ENSMUSG00000027165	-0.821786193237507	0.0212409021808113	-0.661477247071769	0.0376423729052333	TRUE	1.2423499022459117	1.2423499022459117	0.160308946165738	NFAT5-independent
Rab13	ENSMUSG00000027935	1.77598471065206	4.2410671306344e-6	1.81109962737086	3.57131296529302e-6	TRUE	0.9806112727383333	0.9806112727383333	0.03511491671879985	Partially dependent
Trim71	ENSMUSG00000079259	1.17202673002323	0.00291806390014024	1.09334840527097	0.00478733939837642	TRUE	1.071960890392263	1.071960890392263	-0.07867832475226	NFAT5-independent
Gm19967	ENSMUSG00000093858	0.742669348077247	0.0243985538165937	1.2420271519372	5.5665112436003e-4	TRUE	0.5979493660174011	0.5979493660174011	0.4993578038599529	Strongly NFAT5-dependent
Nrbp2	ENSMUSG00000075590	0.628358673555194	0.0417498040170379	0.721411405316262	0.0198373885518654	TRUE	0.8710129461839126	0.8710129461839126	0.09305273176106799	Partially dependent
Xcl1	ENSMUSG00000026573	0.227544979772294	0.409297573345613	-1.86734590046562	0.00189472912094568	FALSE	-0.12185475637671411	0.12185475637671411	-2.094890880237914	Strongly NFAT5-dependent
B430212C06Rik	ENSMUSG00000046415	-1.128642391301	0.0017707853948529	-0.786989927458622	0.0155259371871923	TRUE	1.4341255865188203	1.4341255865188203	0.341652463842378	NFAT5-independent
Ldlrad3	ENSMUSG00000048058	2.03309600778917	2.5971853265049e-7	1.34865536732709	5.7510458829165e-4	TRUE	1.5074985478451608	1.5074985478451608	-0.6844406404620802	NFAT5-independent
Slc15a2	ENSMUSG00000022899	1.20812185848468	0.00118315038405424	1.72628691656289	7.94747995275201e-6	TRUE	0.6998383912276307	0.6998383912276307	0.51816505807821	Partially dependent
Gm37645	ENSMUSG00000103192	0.543489537173389	0.0779375793140868	0.604264163648956	0.0440047220520006	TRUE	0.899423745223333	0.899423745223333	0.06077462647556697	Strongly NFAT5-dependent
Tcam1	ENSMUSG00000020712	-0.813085015004755	0.0218648449912117	-0.784923467580667	0.0224495664695345	TRUE	1.0358780805864922	1.0358780805864922	0.02816154742408805	NFAT5-independent
Adcy5	ENSMUSG00000022840	-0.109235017393097	0.706636618141602	-1.89513902903058	4.40658584802267e-5	TRUE	0.05763957985128614	0.05763957985128614	-1.7859040116374831	Strongly NFAT5-dependent
Gzmk	ENSMUSG00000042385	1.23269524468762	0.00121103172059366	0.911420056224305	0.0102452993102368	TRUE	1.3524995815806884	1.3524995815806884	-0.32127518846331504	NFAT5-independent
Tmem140	ENSMUSG00000057137	-1.02441574851071	0.00504634596760055	-1.12156904374946	0.00299623144807708	TRUE	0.9133773388449079	0.9133773388449079	-0.09715329523875016	Partially dependent
Gm44282	ENSMUSG00000107628	0.432779379612719	0.140443163131346	0.843193903853755	0.0135731969117633	TRUE	0.5132619882979859	0.5132619882979859	0.410414524241036	Strongly NFAT5-dependent
Rtkn2	ENSMUSG00000037846	0.904382816996015	0.00800892441228287	0.730802662653707	0.0215379753356593	TRUE	1.2375198712495106	1.2375198712495106	-0.173580154342308	NFAT5-independent
6330549D23Rik	ENSMUSG00000045327	-0.512674280954892	0.0821273041612873	-0.975845840926297	0.00610776397436118	TRUE	0.5253640067454188	0.5253640067454188	-0.463171559971405	Strongly NFAT5-dependent
Gm35339	ENSMUSG00000109179	0.833867749794667	0.0153257345955858	0.944090519401961	0.00707599396187253	TRUE	0.8832497866019086	0.8832497866019086	0.11022276960729394	Partially dependent
Stau2	ENSMUSG00000025920	-0.511520342147929	0.0902148401940764	-0.738260010598353	0.0244482763996746	TRUE	0.6928728832723127	0.6928728832723127	-0.22673966845042404	Strongly NFAT5-dependent
Slfn1	ENSMUSG00000078763	0.0483644867856666	0.873983805777277	0.659609567093804	0.0272364241211877	TRUE	0.07332290069526631	0.07332290069526631	0.6112450803081374	Strongly NFAT5-dependent
Gm37198	ENSMUSG00000104069	0.670862652749292	0.0443598690029498	1.6134173070131	4.64456896394801e-5	TRUE	0.41580231588766825	0.41580231588766825	0.9425546542638079	Strongly NFAT5-dependent
AA414768	ENSMUSG00000083307	-0.6615385667462	0.0392908478000969	-0.618990253819193	0.0405539950138428	TRUE	1.068738259874824	1.068738259874824	0.042548312927007004	NFAT5-independent
Amotl1	ENSMUSG00000013076	-2.90450098706368	4.83389250051154e-8	-1.59773810449243	1.5512393014425e-4	TRUE	1.8178830303270406	1.8178830303270406	1.3067628825712503	NFAT5-independent
Npas4	ENSMUSG00000045903	-0.173722615351854	0.528207970325608	-2.58271631646331	2.4663377304654e-5	TRUE	0.06726352958103593	0.06726352958103593	-2.4089937011114557	Strongly NFAT5-dependent
Klrc3	ENSMUSG00000033027	0.389884884233504	0.176165417565067	1.03798245332921	0.00407355730027448	TRUE	0.37561799140533914	0.37561799140533914	0.6480975690957059	Strongly NFAT5-dependent
Gm10676	ENSMUSG00000074355	0.156072259353468	0.576958610179501	0.686422725961755	0.0280581939995937	TRUE	0.22737047223311743	0.22737047223311743	0.530350466608287	Strongly NFAT5-dependent
Slc36a3os	ENSMUSG00000085531	-0.589210833978446	0.0591539005264245	-1.00583159179152	0.00648183845412843	TRUE	0.5857947183076474	0.5857947183076474	-0.41662075781307395	Strongly NFAT5-dependent
Gm45819	ENSMUSG00000109904	-0.904808531383057	0.00933366147649426	-1.08609107178242	0.00347263998587847	TRUE	0.833087164502831	0.833087164502831	-0.18128254039936298	Partially dependent
Gm13205	ENSMUSG00000086606	-0.269726416748899	0.325419334086447	-1.06111887755552	0.00542244562498852	TRUE	0.25419057417041035	0.25419057417041035	-0.791392460806621	Strongly NFAT5-dependent
A430028G04Rik	ENSMUSG00000112417	0.137976892130242	0.627690151144423	0.929542021762988	0.00858558105166429	TRUE	0.1484353465468428	0.1484353465468428	0.791565129632746	Strongly NFAT5-dependent
Gm48708	ENSMUSG00000114373	0.41403865963048	0.156219008842903	1.25487698230224	0.00106476438754695	TRUE	0.3299436243311042	0.3299436243311042	0.8408383226717602	Strongly NFAT5-dependent
Rbfox2	ENSMUSG00000033565	3.34588225889293	5.69669476604359e-12	2.57022543676112	2.17891730606752e-7	TRUE	1.301785520848808	1.301785520848808	-0.7756568221318099	NFAT5-independent
Gm8416	ENSMUSG00000114533	-0.1733571863847	0.532042404104048	-0.708297779870125	0.0291587047190423	TRUE	0.24475184210867798	0.24475184210867798	-0.534940593485425	Strongly NFAT5-dependent
Grb10	ENSMUSG00000020176	0.744846218352841	0.0238586773777168	0.795147063024343	0.0153757710727652	TRUE	0.936740199378738	0.936740199378738	0.050300844671501976	Partially dependent
Ggn	ENSMUSG00000031493	0.628172548658597	0.0528860872039905	0.664453466267865	0.035121827337856	TRUE	0.9453973536882087	0.9453973536882087	0.03628091760926799	Strongly NFAT5-dependent
4732440D04Rik	ENSMUSG00000090031	0.161045929006359	0.564969400096494	0.653492998620795	0.0318611134452325	TRUE	0.24643864486115138	0.24643864486115138	0.492447069614436	Strongly NFAT5-dependent
Gm5648	ENSMUSG00000083668	-0.197352277119572	0.473177382791627	-0.630826582178279	0.039865672015862	TRUE	0.31284711629954415	0.31284711629954415	-0.433474305058707	Strongly NFAT5-dependent
Perm1	ENSMUSG00000078486	-2.67975962573219	2.97888067756167e-7	-1.7860682909922	6.32083959466376e-5	TRUE	1.5003679530324816	1.5003679530324816	0.8936913347399897	NFAT5-independent
Tead1	ENSMUSG00000055320	2.81487307027988	1.20743331053301e-7	3.40961161976672	1.89092918096711e-10	TRUE	0.8255700015688207	0.8255700015688207	0.59473854948684	Partially dependent
Tmem231	ENSMUSG00000031951	-1.17863390819257	0.00197987031402796	-1.33052974777321	9.30368335298e-4	TRUE	0.8858380732675427	0.8858380732675427	-0.15189583958064	Partially dependent
Ctsf	ENSMUSG00000083282	1.11014597906723	0.0050594153797564	1.87183999361587	1.06562556305173e-5	TRUE	0.5930773906175277	0.5930773906175277	0.7616940145486402	Strongly NFAT5-dependent
Orm3	ENSMUSG00000028359	-2.49671342258332	1.61562140933302e-7	-2.01819907856785	6.43144340721482e-6	TRUE	1.2370996742080729	1.2370996742080729	0.47851434401547	NFAT5-independent
4933431C10Rik	ENSMUSG00000108923	-0.176814699737779	0.521182414569032	-0.836407152432107	0.0157581030901866	TRUE	0.21139788107219878	0.21139788107219878	-0.659592452694328	Strongly NFAT5-dependent
Slc41a2	ENSMUSG00000034591	0.755631087547173	0.0254932003785989	1.18176714296604	0.00141447508779121	TRUE	0.6394077649262307	0.6394077649262307	0.4261360554188669	Strongly NFAT5-dependent
Gm22107	ENSMUSG00000084497	0.560701370449379	0.0772796591504553	1.19821489135845	0.00194326684648886	TRUE	0.4679472559498038	0.4679472559498038	0.6375135209090711	Strongly NFAT5-dependent
Zmat1	ENSMUSG00000052676	-2.52900803853938	3.25614902845168e-7	-2.17471250351259	5.17909346205905e-6	TRUE	1.1629160334777737	1.1629160334777737	0.35429553502679	NFAT5-independent
Gm44040	ENSMUSG00000107458	0.149163371535398	0.592171749633388	0.836316576418818	0.0162875723564713	TRUE	0.17835754514651478	0.17835754514651478	0.6871532048834199	Strongly NFAT5-dependent
A230072C01Rik	ENSMUSG00000086877	0.672148700648614	0.0382926722617532	0.66674679310401	0.0320804660180736	TRUE	1.008101887553828	1.008101887553828	-0.005401907544604012	NFAT5-independent
Spo11	ENSMUSG00000005883	0.101767174104422	0.728634071894093	0.647846113103026	0.0323108136418296	TRUE	0.15708541279499522	0.15708541279499522	0.5460789389986039	Strongly NFAT5-dependent
Runx1	ENSMUSG00000022952	-1.1905938507949	0.00243861306597861	-0.814435995893009	0.0180483299921987	TRUE	1.4618630031073754	1.4618630031073754	0.37615785490189113	NFAT5-independent
Bend5	ENSMUSG00000028545	-0.399834460561987	0.164491793543881	-0.690231967289502	0.0345534960282298	TRUE	0.5792754892708202	0.5792754892708202	-0.29039750672751496	Strongly NFAT5-dependent
Gm39041	ENSMUSG00000108460	0.13550193006077	0.632183464873027	0.632825692813762	0.0414144289904283	TRUE	0.2141220427670715	0.2141220427670715	0.497323762752992	Strongly NFAT5-dependent
mt-Ty	ENSMUSG00000064350	-0.921032983071673	0.0108842241758249	-1.11258144826708	0.00405565924050748	TRUE	0.8278342089078005	0.8278342089078005	-0.19154846519540691	Partially dependent
Dok4	ENSMUSG00000040631	0.806687630184995	0.0214344194960376	0.668299928405212	0.035964871362095	TRUE	1.2070742430124488	1.2070742430124488	-0.138387701779783	NFAT5-independent
Irf6	ENSMUSG00000026638	1.15646732376933	0.00309477129347082	0.971732042615885	0.00936107670897205	TRUE	1.190109282242192	1.190109282242192	-0.18473528115344495	NFAT5-independent
Mpp3	ENSMUSG00000052373	2.21958884485381	8.49694661876365e-7	1.39442330759984	0.00149227796079547	TRUE	1.5917611479646674	1.5917611479646674	-0.8251655372539699	NFAT5-independent
Gp5	ENSMUSG00000047953	3.46911969965777	3.71964916850174e-10	3.06036056433402	4.67126638879125e-8	TRUE	1.133565678530661	1.133565678530661	-0.40875913532374986	NFAT5-independent
Bambi-ps1	ENSMUSG00000081219	0.654291759573444	0.0457753551005855	0.658340947473642	0.0360028499524773	TRUE	0.9938494059715766	0.9938494059715766	0.004049187900198037	Partially dependent
Iqsec2	ENSMUSG00000041115	0.240791045021055	0.378544387480486	0.875294870440444	0.013261099610847	TRUE	0.2750970594628187	0.2750970594628187	0.634503825419389	Strongly NFAT5-dependent
Rpl30-ps1	ENSMUSG00000057696	-0.133551798068322	0.610437153988721	1.62797270864042	3.0017997716519e-4	FALSE	-0.08203564922157448	0.08203564922157448	1.7615245067087422	Strongly NFAT5-dependent
Gm10366	ENSMUSG00000115767	0.250160387821882	0.361290259448397	1.22585597636915	0.00134600669234977	TRUE	0.20406996632902133	0.20406996632902133	0.9756955885472679	Strongly NFAT5-dependent
Robo3	ENSMUSG00000032128	-1.92172853413701	1.80540664515073e-5	-0.795695743143233	0.0187077838230196	TRUE	2.4151549768830174	2.4151549768830174	1.126032790993777	NFAT5-independent
Gm15694	ENSMUSG00000081404	1.3631572025876	6.0342959353092e-4	1.4185059062433	4.3386358946917e-4	TRUE	0.9609809847022189	0.9609809847022189	0.055348703655700104	Partially dependent
Sbf2	ENSMUSG00000038371	1.42085297934985	6.9088693309523e-4	1.18494323334697	0.00361544330804754	TRUE	1.1990894916852122	1.1990894916852122	-0.23590974600288006	NFAT5-independent
Gm19337	ENSMUSG00000112411	0.352761898728564	0.21294651246193	0.640665081458888	0.0400816828468246	TRUE	0.550618269884904	0.550618269884904	0.287903182730324	Strongly NFAT5-dependent
Gm37266	ENSMUSG00000102600	0.631721927315664	0.0535972377075572	1.21882240980696	0.00148534909009101	TRUE	0.5183051462072458	0.5183051462072458	0.587100482491296	Strongly NFAT5-dependent
Mtmr11	ENSMUSG00000045934	1.5045526988121	1.5364232236048e-4	1.10899777778562	0.00382573206088027	TRUE	1.3566778301542681	1.3566778301542681	-0.39555492102648016	NFAT5-independent
Glcci1	ENSMUSG00000029638	1.58626703076798	3.7582898736095e-4	1.83285050637913	5.77663520666779e-5	TRUE	0.8654644911011943	0.8654644911011943	0.24658347561115002	Partially dependent
Cnih2	ENSMUSG00000024873	-0.0824006834435951	0.780822210385762	-0.651769387864454	0.0422893299950129	TRUE	0.12642613319656498	0.12642613319656498	-0.569368704420859	Strongly NFAT5-dependent
Vash2	ENSMUSG00000037568	2.2420452380400002	7.07338220795105e-6	2.36269006618394	2.97346898752358e-6	TRUE	0.9489375141197436	0.9489375141197436	0.12064482814393962	Partially dependent
Serpine1	ENSMUSG00000037411	0.723338328220101	0.038713883165446	0.666502216872356	0.0395435077933971	TRUE	1.0852752022558236	1.0852752022558236	-0.05683611134774502	NFAT5-independent
Gm37470	ENSMUSG00000102157	0.349234711955129	0.217317237232241	0.646221361982735	0.0401655992373029	TRUE	0.5404258238749765	0.5404258238749765	0.29698665002760605	Strongly NFAT5-dependent
Slc17a7	ENSMUSG00000070570	0.76333722080027	0.0308100520069981	1.07262338847035	0.00550829796572354	TRUE	0.7116544623261033	0.7116544623261033	0.30928616767008	Partially dependent
Wdpcp	ENSMUSG00000020319	-0.842817510972632	0.0220122014480043	-1.46576181846669	0.00114418204542583	TRUE	0.5750030464392161	0.5750030464392161	-0.622944307494058	Strongly NFAT5-dependent
Gm38056	ENSMUSG00000102145	0.21481621585151	0.43474617247397	0.818948675431119	0.0154424848633939	TRUE	0.2623072999518857	0.2623072999518857	0.604132459579609	Strongly NFAT5-dependent
Il23a	ENSMUSG00000025383	0.237776588114685	0.389226334600285	-0.934036055848761	0.0241855452908707	FALSE	-0.2545689608294797	0.2545689608294797	-1.171812643963446	Strongly NFAT5-dependent
Comp	ENSMUSG00000031849	1.42960473735863	6.6742034182407e-4	0.761521428796036	0.028504749724726	TRUE	1.8773007341616539	1.8773007341616539	-0.668083308562594	NFAT5-independent
Rpl30-ps8	ENSMUSG00000062582	-0.117698593106741	0.659319674071907	1.38441773064144	0.00138881975375844	FALSE	-0.0850166756042686	0.0850166756042686	1.502116323748181	Strongly NFAT5-dependent
2810425M01Rik	ENSMUSG00000097811	-0.322398041830699	0.24698204958765	-0.819732425545927	0.0236994989240434	TRUE	0.39329668045763555	0.39329668045763555	-0.497334383715228	Strongly NFAT5-dependent
Rapgef4	ENSMUSG00000049044	-2.18040439728099	1.90852064243774e-6	-1.92961074516665	1.76422615407128e-5	TRUE	1.1299711108795056	1.1299711108795056	0.2507936521143401	NFAT5-independent
Tex13c2	ENSMUSG00000105993	0.954415506207598	0.00916428175177313	0.942547486873735	0.00920907264935136	TRUE	1.0125914285477828	1.0125914285477828	-0.011868019333862945	NFAT5-independent
Cilp2	ENSMUSG00000044006	1.97324027795353	3.02204045816346e-5	2.25646097480927	2.56815254853298e-6	TRUE	0.8744845578906236	0.8744845578906236	0.2832206968557398	Partially dependent
Gm28151	ENSMUSG00000100213	1.68611415428943	6.692010833139e-5	1.51886418628244	3.3451801477387e-4	TRUE	1.1101151567845904	1.1101151567845904	-0.1672499680069901	NFAT5-independent
Afp	ENSMUSG00000054932	-0.58606654063597	0.0707697769647293	-0.653092959199606	0.0434190491266135	TRUE	0.897370783715415	0.897370783715415	-0.067026418563636	Strongly NFAT5-dependent
Gm42690	ENSMUSG00000106391	-0.255703865332229	0.350459097581752	-0.635696769966263	0.0440047220520006	TRUE	0.40224188231410934	0.40224188231410934	-0.379992904634034	Strongly NFAT5-dependent
Brsk1	ENSMUSG00000035390	2.00311257185299	8.0082751762536e-6	1.42474633775876	0.00118188148217073	TRUE	1.4059433028647377	1.4059433028647377	-0.5783662340942302	NFAT5-independent
Traj35	ENSMUSG00000076894	0.356642401121747	0.20817891777853	0.778924402335988	0.0233871160650284	TRUE	0.45786523063365236	0.45786523063365236	0.42228200121424103	Strongly NFAT5-dependent
6430590A07Rik	ENSMUSG00000097583	0.276703161018273	0.316015909804075	0.628907013168629	0.0394634288052187	TRUE	0.43997467864789186	0.43997467864789186	0.35220385215035593	Strongly NFAT5-dependent
Hapln4	ENSMUSG00000007594	1.37344916051138	0.00156513451430446	2.04750533761519	6.51128996814485e-6	TRUE	0.6707914921047728	0.6707914921047728	0.67405617710381	Strongly NFAT5-dependent
D730003I15Rik	ENSMUSG00000073478	0.406139293825238	0.163360106482796	0.636223383590002	0.0432024658496329	TRUE	0.6383595829715121	0.6383595829715121	0.23008408976476397	Strongly NFAT5-dependent
Ltb4r2	ENSMUSG00000040432	1.74864046133543	3.71988026122045e-5	1.4541293449054	5.6457543209752e-4	TRUE	1.2025343326313174	1.2025343326313174	-0.29451111643003003	NFAT5-independent
Gm48766	ENSMUSG00000114617	0.211678840427311	0.438357315790594	0.674711793879916	0.0367415256751333	TRUE	0.3137322370045679	0.3137322370045679	0.463032953452605	Strongly NFAT5-dependent
Gm43011	ENSMUSG00000106475	0.376395782337596	0.190972563250981	0.759599795949562	0.0250104744116321	TRUE	0.4955185406113366	0.4955185406113366	0.38320401361196593	Strongly NFAT5-dependent
Dnah10	ENSMUSG00000038011	1.07259620274756	0.00701449861560704	1.16854774065061	0.00394116715383374	TRUE	0.9178882175155059	0.9178882175155059	0.09595153790305	Partially dependent
Plxdc1	ENSMUSG00000017417	-1.58066665034052	3.4578240533958e-4	-1.54048490659945	5.7956900921276e-4	TRUE	1.026083828260135	1.026083828260135	0.040181743741070086	NFAT5-independent
Gm37362	ENSMUSG00000104016	1.21087051883465	0.00277216829656456	1.13754212259501	0.00446975969863261	TRUE	1.06446213707881	1.06446213707881	-0.07332839623964005	NFAT5-independent
Gm47917	ENSMUSG00000112824	0.259519259528116	0.346328435317866	0.58203628732566	0.0491206463653372	TRUE	0.44588158020276525	0.44588158020276525	0.32251702779754404	Strongly NFAT5-dependent
Cpa2	ENSMUSG00000071553	-0.732457381838669	0.0290450353256925	-1.11467078631113	0.00402319441146605	TRUE	0.6571064666210993	0.6571064666210993	-0.382213404472461	Strongly NFAT5-dependent
Tet1	ENSMUSG00000047146	-1.10665896708831	0.00372911074531688	-0.607148157410006	0.044702557280943	TRUE	1.8227165043358358	1.8227165043358358	0.49951080967830397	NFAT5-independent
Gm49284	ENSMUSG00000114995	-0.919996765875941	0.0148258614803576	-0.85641347439314	0.0186502258307157	TRUE	1.0742436841361664	1.0742436841361664	0.06358329148280106	NFAT5-independent
Galr2	ENSMUSG00000020793	1.67575078772176	2.4796565144683e-4	2.19590690843698	2.84805946765055e-6	TRUE	0.7631246940766441	0.7631246940766441	0.5201561207152203	Partially dependent
Spta1	ENSMUSG00000026532	0.078437674360666	0.792296473419993	2.13796441846834	8.6006514005819e-7	TRUE	0.03668801673362719	0.03668801673362719	2.059526744107674	Strongly NFAT5-dependent
Gm42941	ENSMUSG00000104693	0.304884941535829	0.271868221192021	0.912918611564312	0.01191200691527	TRUE	0.3339672755859364	0.3339672755859364	0.608033670028483	Strongly NFAT5-dependent
Gm36940	ENSMUSG00000102419	0.489748445284701	0.113776376401776	1.04026560135314	0.00978506745848398	TRUE	0.4707917330416904	0.4707917330416904	0.550517156068439	Strongly NFAT5-dependent
Efna4	ENSMUSG00000028040	1.63923190866501	1.2132476820504e-4	1.73174043230629	6.31892644427025e-5	TRUE	0.9465806064722533	0.9465806064722533	0.09250852364127993	Partially dependent
Dlgap3	ENSMUSG00000042388	1.4037869962817	0.00125992261261258	0.987166241654231	0.0130004097765753	TRUE	1.422037076479968	1.422037076479968	-0.41662075462746906	NFAT5-independent
Zfp773	ENSMUSG00000063535	0.126182637982851	0.657360434442468	0.705845544692622	0.0291212785710039	TRUE	0.1787680590061674	0.1787680590061674	0.5796629067097709	Strongly NFAT5-dependent
Eef1akmt3	ENSMUSG00000080115	0.407459353065917	0.163510713034415	1.37479400717533	0.00120214771457235	TRUE	0.2963784762948512	0.2963784762948512	0.967334654109413	Strongly NFAT5-dependent
Tcp11l1	ENSMUSG00000027175	-0.933724272249457	0.0127425178030841	-0.867149033652721	0.0167683917517541	TRUE	1.076774851857124	1.076774851857124	0.066575238596735975	NFAT5-independent
Gm26742	ENSMUSG00000097707	0.019875471912415	0.951482401233407	0.777296831414763	0.0297230792035927	TRUE	0.02556998962190483	0.02556998962190483	0.757421359502348	Strongly NFAT5-dependent
Gm26542	ENSMUSG00000097887	1.00434659737419	0.00870535790826506	0.628610313314353	0.0476302635634676	TRUE	1.5977252935586825	1.5977252935586825	-0.37573628405983706	NFAT5-independent
Igsf9	ENSMUSG00000037995	1.94463779745971	3.90354422120269e-5	1.94896552235259	4.58643310500533e-5	TRUE	0.9977794759100428	0.9977794759100428	0.004327724892879914	Partially dependent
Gbp6	ENSMUSG00000104713	-1.95383072028676	9.54538224918742e-5	-1.15293566073151	0.00678782675872913	TRUE	1.6946572014669936	1.6946572014669936	0.80089505955525	NFAT5-independent
Shb	ENSMUSG00000044813	1.29737889158385	0.00395604701839702	1.27383517659517	0.00439821370885685	TRUE	1.0184825442264909	1.0184825442264909	-0.02354371498867991	NFAT5-independent
Neil2	ENSMUSG00000035121	-1.19481042769598	0.00279083445497461	-1.41305739541998	0.00107825869974185	TRUE	0.8455498209546299	0.8455498209546299	-0.2182469677240002	Partially dependent
Gm8493	ENSMUSG00000106028	-0.851849135088769	0.0259877287376738	-0.82865747947105	0.0251032447812775	TRUE	1.0279870226146064	1.0279870226146064	0.023191655617719076	NFAT5-independent
Selenom	ENSMUSG00000075702	0.13952707217715	0.604410311996781	0.66491738850827	0.043465665858256	TRUE	0.20984121424494015	0.20984121424494015	0.52539031633112	Strongly NFAT5-dependent
Gm15563	ENSMUSG00000086387	0.437032258177881	0.143333081459951	0.670266861662295	0.0414079231707779	TRUE	0.6520272494063325	0.6520272494063325	0.233234603484414	Strongly NFAT5-dependent
Gm30292	ENSMUSG00000104109	-0.162008543389392	0.5545591700752	-0.764583639156697	0.0313880344650953	TRUE	0.21189119815339036	0.21189119815339036	-0.6025750957673051	Strongly NFAT5-dependent
Maneal	ENSMUSG00000042763	-0.400712895258475	0.168932983485998	-1.54031700299258	0.00141996340530836	TRUE	0.26014962795317875	0.26014962795317875	-1.139604107734105	Strongly NFAT5-dependent
Nkpd1	ENSMUSG00000060621	0.0866027355553162	0.766705603283902	1.14256507566257	0.00318626412743903	TRUE	0.07579676414062939	0.07579676414062939	1.0559623401072538	Strongly NFAT5-dependent
Arrdc4	ENSMUSG00000042659	-1.26326110981372	0.00336594078532164	-0.646312607686078	0.0441640179200817	TRUE	1.954566713987578	1.954566713987578	0.6169485021276421	NFAT5-independent
Sh3bgrl2	ENSMUSG00000032261	1.97466913983159	5.20686938236902e-5	1.68645057604625	5.0989411468574e-4	TRUE	1.170902466920226	1.170902466920226	-0.28821856378534005	NFAT5-independent
Nectin3	ENSMUSG00000022656	1.20492242906429	0.00303605944240125	0.964694614958576	0.011723545797146	TRUE	1.249019545025686	1.249019545025686	-0.24022781410571392	NFAT5-independent
Cpeb3	ENSMUSG00000039652	0.49158530559312	0.111032517947524	0.785371518658638	0.0240879773403908	TRUE	0.6259270853528212	0.6259270853528212	0.29378621306551794	Strongly NFAT5-dependent
Aqp9	ENSMUSG00000032204	-1.99977231791406	4.25776536231171e-5	-1.26909583921671	0.00287318962609722	TRUE	1.575745705027546	1.575745705027546	0.7306764786973501	NFAT5-independent
Cnih3	ENSMUSG00000026514	-0.190059435374817	0.485864573301919	-1.7502150444695601	0.00141752529430088	TRUE	0.1085920475745988	0.1085920475745988	-1.560155609094743	Strongly NFAT5-dependent
Jph3	ENSMUSG00000025318	-0.60015293076401	0.0649801846844572	-1.14868962677093	0.00565861753798247	TRUE	0.5224674418372646	0.5224674418372646	-0.5485366960069199	Strongly NFAT5-dependent
Bok	ENSMUSG00000026278	1.31347931405886	0.00150140362925369	0.834184187540348	0.0215379753356593	TRUE	1.5745675040086151	1.5745675040086151	-0.47929512651851214	NFAT5-independent
Vwa1	ENSMUSG00000042116	1.94667669045964	1.31535309543274e-5	0.734555727816564	0.0349757048781014	TRUE	2.650141598168535	2.650141598168535	-1.212120962643076	NFAT5-independent
Pawr	ENSMUSG00000035873	1.20132772393952	0.00588664781564321	1.03616411299323	0.0123500622151872	TRUE	1.1593990844453894	1.1593990844453894	-0.16516361094628995	NFAT5-independent
Klhl3	ENSMUSG00000014164	-0.367943667305411	0.198537426532282	-1.06111836671439	0.012078701093365	TRUE	0.34675082332680657	0.34675082332680657	-0.6931746994089789	Strongly NFAT5-dependent
Cpxm1	ENSMUSG00000027408	2.18216372290034	1.18653936415639e-5	1.94565713681863	9.82622446652011e-5	TRUE	1.1215561475895106	1.1215561475895106	-0.23650658608171016	NFAT5-independent
Gm28874	ENSMUSG00000100813	0.0695721462243632	0.812730039977859	0.872699916157273	0.0157971721008665	TRUE	0.07972058314237915	0.07972058314237915	0.8031277699329098	Strongly NFAT5-dependent
Slc22a17	ENSMUSG00000022199	0.713449912407372	0.0457753551005855	1.79774271723773	4.45277418602843e-5	TRUE	0.3968587415576368	0.3968587415576368	1.084292804830358	Strongly NFAT5-dependent
Ttbk1	ENSMUSG00000015599	0.130698297993528	0.640153875415778	1.04210060057631	0.00602316308628636	TRUE	0.12541811982571383	0.12541811982571383	0.911402302582782	Strongly NFAT5-dependent
Tsku	ENSMUSG00000049580	0.901569326637073	0.0179951309917279	0.71128086759586	0.0352105254433135	TRUE	1.2675292809216012	1.2675292809216012	-0.19028845904121305	NFAT5-independent
Gm45360	ENSMUSG00000109852	0.191107340325869	0.483288059070776	0.676212781663046	0.0380179803471179	TRUE	0.2826142088824003	0.2826142088824003	0.485105441337177	Strongly NFAT5-dependent
Gm47652	ENSMUSG00000111481	-0.0970230122926874	0.72938159852287	-1.10149300768026	0.0140942631754652	TRUE	0.08808318492826157	0.08808318492826157	-1.0044699953875726	Strongly NFAT5-dependent
Gm45807	ENSMUSG00000108991	0.47985627956439	0.118763191492434	0.825688977413376	0.0238087099921216	TRUE	0.5811586356252797	0.5811586356252797	0.345832697848986	Strongly NFAT5-dependent
Gm36638	ENSMUSG00000104214	0.27096216535016	0.318463082863922	0.776763259004366	0.0276935996578248	TRUE	0.3488349406451998	0.3488349406451998	0.5058010936542061	Strongly NFAT5-dependent
Tmem14a	ENSMUSG00000025933	-1.30766743808279	0.00396098758807479	-1.72343605991107	7.4078868635107e-4	TRUE	0.7587559924620969	0.7587559924620969	-0.4157686218282801	Partially dependent
Ppp1r1b	ENSMUSG00000061718	1.06353135681021	0.00947041602927223	0.665942628522395	0.0435541580254041	TRUE	1.5970315028037652	1.5970315028037652	-0.397588728287815	NFAT5-independent
Scd4	ENSMUSG00000050195	1.19546443377052	0.00439947245501957	1.06942762693977	0.00852054280282566	TRUE	1.1178544519103286	1.1178544519103286	-0.12603680683075003	NFAT5-independent
Ptprf	ENSMUSG00000033295	2.4248277711639	7.62079704311748e-7	1.08454977606061	0.0125461036429521	TRUE	2.235792053705047	2.235792053705047	-1.34027799510329	NFAT5-independent
Myo1d	ENSMUSG00000035441	2.66693763817966	5.64806682704007e-7	2.17583731392617	4.84293012629266e-5	TRUE	1.2257063619188187	1.2257063619188187	-0.49110032425349015	NFAT5-independent
Dnase1l2	ENSMUSG00000024136	-0.279433840820749	0.30974166885387	-0.842771814960519	0.0226849149700074	TRUE	0.33156524205053006	0.33156524205053006	-0.5633379741397699	Strongly NFAT5-dependent
Gm44916	ENSMUSG00000108984	0.0320994896794053	0.918684350446206	0.764117627107086	0.0284155686982643	TRUE	0.042008571116115306	0.042008571116115306	0.7320181374276806	Strongly NFAT5-dependent
Hist3h2a	ENSMUSG00000078851	1.67343939372806	6.9568089336037e-4	2.44702275888073	1.7662497683288e-6	TRUE	0.6838675233627547	0.6838675233627547	0.7735833651526698	Partially dependent
Gpr179	ENSMUSG00000070337	-2.97432736595757	5.78792292657278e-7	-1.50053486831475	7.9490309122348e-4	TRUE	1.9821781077956795	1.9821781077956795	1.4737924976428203	NFAT5-independent
Guca1b	ENSMUSG00000023979	-1.46719509861677	0.0024701562713036	-1.49683921460935	0.0025344886510948	TRUE	0.9801955242064415	0.9801955242064415	-0.02964411599257999	Partially dependent
Zfp607b	ENSMUSG00000057093	-1.44674490110804	0.00149647351951995	-1.09662249009049	0.00842939557458862	TRUE	1.3192734183197894	1.3192734183197894	0.35012241101755004	NFAT5-independent
5730507A11Rik	ENSMUSG00000107468	0.94523295258791	0.0241538768190026	1.32927475320114	0.00477713630998267	TRUE	0.7110892238881494	0.7110892238881494	0.38404180061323	Partially dependent
Gm7435	ENSMUSG00000111662	-0.825630502860977	0.0308100520069981	-0.790553206335457	0.0304468076971379	TRUE	1.0443705701835273	1.0443705701835273	0.03507729652551994	NFAT5-independent
Twist1	ENSMUSG00000035799	0.381287786736913	0.185838949698255	1.73974027252789	8.67896795273622e-5	TRUE	0.21916362617903387	0.21916362617903387	1.358452485790977	Strongly NFAT5-dependent
Gm10851	ENSMUSG00000102329	-0.00468182826096923	0.986902113610151	0.619378865198671	0.0493752727413476	FALSE	-0.007558908648695162	0.007558908648695162	0.6240606934596402	Strongly NFAT5-dependent
Car2	ENSMUSG00000027562	0.591134415031268	0.0775206433441206	0.874432750355933	0.0230442371163609	TRUE	0.6760204427277569	0.6760204427277569	0.2832983353246651	Strongly NFAT5-dependent
Gm43773	ENSMUSG00000106061	0.704010291938991	0.0518120792438599	1.4336547273871	0.00153890686465886	TRUE	0.49105986154845055	0.49105986154845055	0.7296444354481091	Strongly NFAT5-dependent
Ampd1	ENSMUSG00000070385	3.8591071639389	2.11883458014894e-8	3.34613234772322	1.52402131663262e-6	TRUE	1.153303803588259	1.153303803588259	-0.5129748162156802	NFAT5-independent
Zfp651	ENSMUSG00000013419	3.36676900242254	2.69937748335632e-8	2.05610439614131	5.8555036454109e-4	TRUE	1.6374504177613518	1.6374504177613518	-1.3106646062812302	NFAT5-independent
Mapk8ip1	ENSMUSG00000027223	1.06006073317774	0.011505382851595	0.98322888717726	0.0150707540335472	TRUE	1.0781423806831547	1.0781423806831547	-0.0768318460004801	NFAT5-independent
Fjx1	ENSMUSG00000075012	4.0405444013519896	5.00082849674025e-8	3.04268607236841	4.33681589463844e-5	TRUE	1.3279530997448092	1.3279530997448092	-0.9978583289835794	NFAT5-independent
6330562C20Rik	ENSMUSG00000093424	-1.45056736176272	0.00160720777781964	-1.38704261486215	0.00258590181342495	TRUE	1.0457986987709698	1.0457986987709698	0.06352474690056997	NFAT5-independent
Fam229b	ENSMUSG00000051736	-0.260033546116206	0.335604473347139	-0.887935527158262	0.0237856765307709	TRUE	0.2928518323266264	0.2928518323266264	-0.627901981042056	Strongly NFAT5-dependent
Slc5a5	ENSMUSG00000000792	2.92312046179619	1.69755088750967e-6	1.8443874335542	0.00172311887232472	TRUE	1.5848733344291082	1.5848733344291082	-1.07873302824199	NFAT5-independent
Nav1	ENSMUSG00000009418	1.28457444249994	0.0046857884069615	0.849419334609688	0.0261832178836374	TRUE	1.5122971542556276	1.5122971542556276	-0.4351551078902519	NFAT5-independent
Rasl11a	ENSMUSG00000029641	1.36221702020071	0.00380639596119645	0.80473460748923	0.0314696161239765	TRUE	1.6927531232325448	1.6927531232325448	-0.55748241271148	NFAT5-independent
Gm36189	ENSMUSG00000107432	-1.19491766810362	0.00532536967470868	-1.71606990852785	5.9689224251752e-4	TRUE	0.6963106002649354	0.6963106002649354	-0.5211522404242299	Partially dependent
Gm5176	ENSMUSG00000111997	2.66308146356685	2.81198715869791e-6	1.50021856933554	0.00465045791058083	TRUE	1.7751289832029955	1.7751289832029955	-1.1628628942313097	NFAT5-independent
Smpd3	ENSMUSG00000031906	0.0686533375000129	0.813564023994976	-0.803472211108927	0.0366256646040417	FALSE	-0.08544581449215242	0.08544581449215242	-0.8721255486089399	Strongly NFAT5-dependent
Gm4432	ENSMUSG00000116414	0.566166319390864	0.0873127395724526	0.807138291767395	0.0315725817137875	TRUE	0.7014489650232386	0.7014489650232386	0.240971972376531	Strongly NFAT5-dependent
Il17rd	ENSMUSG00000040717	1.54442251946309	0.00130227244506157	1.40591447791368	0.00301502673251248	TRUE	1.0985181131038286	1.0985181131038286	-0.13850804154941	NFAT5-independent
Colq	ENSMUSG00000057606	-2.00461834805133	1.2183484909186e-4	-1.62332935270087	9.6893925214747e-4	TRUE	1.234880860569716	1.234880860569716	0.3812889953504601	NFAT5-independent
Tjp1	ENSMUSG00000030516	0.910307151975617	0.0190176550195767	0.953568876363989	0.0139052455777447	TRUE	0.9546317780910264	0.9546317780910264	0.04326172438837206	Partially dependent
Kif9	ENSMUSG00000032489	-0.564040833847174	0.0855668416481436	-1.65993864301431	0.0024510002043311	TRUE	0.3397961944080794	0.3397961944080794	-1.0958978091671359	Strongly NFAT5-dependent
Lynx1	ENSMUSG00000022594	-1.69479817301842	7.2839122991845e-4	-1.22720725082758	0.00645881840832846	TRUE	1.3810203385577418	1.3810203385577418	0.4675909221908401	NFAT5-independent
Gm6012	ENSMUSG00000109899	0.901273442724435	0.0282141037497794	0.65831968501933	0.0460605175862804	TRUE	1.3690513336206425	1.3690513336206425	-0.24295375770510497	NFAT5-independent
Agrp	ENSMUSG00000005705	0.556823091819642	0.0875506485821231	1.00307672791609	0.0127550493662368	TRUE	0.5551151535301313	0.5551151535301313	0.44625363609644797	Strongly NFAT5-dependent
Carmil1	ENSMUSG00000021338	-0.542269328374698	0.091263051369747	-0.870438242257121	0.0237856765307709	TRUE	0.6229842647636289	0.6229842647636289	-0.328168913882423	Strongly NFAT5-dependent
Gm27042	ENSMUSG00000097792	-1.74724252599325	5.2784626059793e-4	-0.752849871227261	0.0328340446463926	TRUE	2.32083791572545	2.32083791572545	0.994392654765989	NFAT5-independent
Samd9l	ENSMUSG00000047735	-1.58770267318971	5.0519495213259e-4	-2.21475768849952	3.46305353118994e-5	TRUE	0.7168742122147752	0.7168742122147752	-0.6270550153098102	Partially dependent
Acaa1b	ENSMUSG00000010651	2.53282431473659	6.81670650132849e-6	1.56015633275314	0.00347803364227171	TRUE	1.6234426394097474	1.6234426394097474	-0.9726679819834498	NFAT5-independent
Gm16062	ENSMUSG00000087249	0.555300949449144	0.0900937794322847	1.06367998943259	0.0126730924704264	TRUE	0.5220564032095443	0.5220564032095443	0.5083790399834459	Strongly NFAT5-dependent
Gm7240	ENSMUSG00000113626	-2.59836993652743	2.38228070772842e-5	-1.5154087516357	0.00249394669012418	TRUE	1.7146330544302353	1.7146330544302353	1.0829611848917302	NFAT5-independent
Impg2	ENSMUSG00000035270	1.60242295114004	9.0042837038789e-4	1.82377235969432	2.3828262736198e-4	TRUE	0.8786310104012213	0.8786310104012213	0.22134940855427998	Partially dependent
Gm28884	ENSMUSG00000099767	-0.881788961914624	0.0270901823196126	-1.26436758998468	0.00725023589020013	TRUE	0.6974150309605044	0.6974150309605044	-0.38257862807005605	Partially dependent
Gm30238	ENSMUSG00000103898	0.841811683423125	0.0340010178170886	0.966697731941061	0.0189815057476678	TRUE	0.8708116876749327	0.8708116876749327	0.12488604851793605	Partially dependent
Map1a	ENSMUSG00000027254	-1.16865531988466	0.00999438002054197	-0.830652709756256	0.0298371596382623	TRUE	1.4069120658470933	1.4069120658470933	0.33800261012840405	NFAT5-independent
Gm43294	ENSMUSG00000107094	0.652525488733706	0.0618338350288274	0.758727171965813	0.0337134123319058	TRUE	0.8600265192072332	0.8600265192072332	0.10620168323210699	Strongly NFAT5-dependent
Notch4	ENSMUSG00000015468	-0.00106760757583045	0.996918667977578	0.684891146772766	0.0397261911778983	FALSE	-0.0015587989140479607	0.0015587989140479607	0.6859587543485964	Strongly NFAT5-dependent
Vgf	ENSMUSG00000037428	1.1268023631003	0.0122070871316006	1.0695691410461	0.0142511443914013	TRUE	1.0535105397657814	1.0535105397657814	-0.057233222054200006	NFAT5-independent
Stac3	ENSMUSG00000040287	-0.415538440262049	0.148634806575199	-1.51138966967942	0.00568075887635916	TRUE	0.274937991570492	0.274937991570492	-1.095851229417371	Strongly NFAT5-dependent
Igsf3	ENSMUSG00000042035	0.63436819645941	0.0676935170458136	1.07223952457882	0.0113669284730118	TRUE	0.5916291853805635	0.5916291853805635	0.4378713281194101	Strongly NFAT5-dependent
Fgfr3	ENSMUSG00000054252	1.62612958005886	9.4849952095299e-4	0.938746708985261	0.0227044742815458	TRUE	1.7322346533886932	1.7322346533886932	-0.687382871073599	NFAT5-independent
1700096K18Rik	ENSMUSG00000101856	0.145208970707087	0.566874955039947	1.08691506874136	0.0135592086267499	TRUE	0.1335973480202441	0.1335973480202441	0.9417060980342731	Strongly NFAT5-dependent
Gm15506	ENSMUSG00000086477	0.915830476676698	0.024017543593643	0.834367502445272	0.0276742154248983	TRUE	1.0976344044952413	1.0976344044952413	-0.08146297423142601	NFAT5-independent
Cd14	ENSMUSG00000051439	0.864525849361196	0.0305278326417846	0.823694577580793	0.0293620954087803	TRUE	1.0495708881565364	1.0495708881565364	-0.04083127178040302	NFAT5-independent
Epb41l4b	ENSMUSG00000028434	2.11304637730675	1.4647227068688e-4	1.14764724373672	0.0157635055860363	TRUE	1.8411984944317095	1.8411984944317095	-0.96539913357003	NFAT5-independent
Fam131b	ENSMUSG00000029861	2.27429283303905	3.3519528780611e-5	2.07435543704011	1.6535695935312e-4	TRUE	1.0963853120004496	1.0963853120004496	-0.19993739599894012	NFAT5-independent
Gdpd3	ENSMUSG00000030703	-0.204645005871007	0.435085377565582	-0.820612092124902	0.0341130502139873	TRUE	0.24938092898570013	0.24938092898570013	-0.6159670862538951	Strongly NFAT5-dependent
Ptpdc1	ENSMUSG00000038042	-1.94526445589993	5.1840941109736e-4	-1.28849923211869	0.00736075697327852	TRUE	1.5097133218320318	1.5097133218320318	0.6567652237812398	NFAT5-independent
Cd79a	ENSMUSG00000003379	1.29533057432139	0.00773218418241035	0.65150127117267	0.0481469766690882	TRUE	1.9882241702918848	1.9882241702918848	-0.6438293031487201	NFAT5-independent
Fam71f2	ENSMUSG00000079652	0.0508209038512152	0.860739653711861	-0.957585620673658	0.0278594657093278	FALSE	-0.053071916238114435	0.053071916238114435	-1.0084065245248732	Strongly NFAT5-dependent
Gm37166	ENSMUSG00000102461	0.665158686038436	0.062378537789601	0.987644074741993	0.0198153405853129	TRUE	0.6734801565150872	0.6734801565150872	0.32248538870355703	Strongly NFAT5-dependent
Cntn1	ENSMUSG00000055022	-0.266914797272572	0.321442438391286	-0.901338112904311	0.0273148536699651	TRUE	0.29613171067682187	0.29613171067682187	-0.6344233156317389	Strongly NFAT5-dependent
Npc1l1	ENSMUSG00000020447	4.80681200564224	8.31684951301641e-6	4.89911369250952	6.87108584852692e-6	TRUE	0.9811595131975802	0.9811595131975802	0.09230168686727946	Partially dependent
Lrrc75aos2	ENSMUSG00000085762	-1.39750865187967	0.00404526197594606	-1.17313817213687	0.0101868307354906	TRUE	1.1912566525169914	1.1912566525169914	0.2243704797427999	NFAT5-independent
Ifi211	ENSMUSG00000026536	-0.150693739779713	0.566169170033014	-1.28763221991807	0.0118287076721191	TRUE	0.11703166280609334	0.11703166280609334	-1.136938480138357	Strongly NFAT5-dependent
Tspan9	ENSMUSG00000030352	-2.01212598010171	2.9645176327023e-4	-1.31376791671954	0.0060158556152345	TRUE	1.5315688216271566	1.5315688216271566	0.6983580633821702	NFAT5-independent
9430081H08Rik	ENSMUSG00000111088	0.515707093673644	0.104033479337268	0.71746816541264	0.0398428775270238	TRUE	0.7187874229611896	0.7187874229611896	0.20176107173899605	Strongly NFAT5-dependent
1700018L02Rik	ENSMUSG00000100075	1.71818568762674	0.00160081723166445	1.36169691341989	0.00793479743911459	TRUE	1.2617974460348387	1.2617974460348387	-0.3564887742068501	NFAT5-independent
Selp	ENSMUSG00000026580	1.31951159371326	0.00510652029491166	1.02389833994341	0.0170422945326208	TRUE	1.288713480858059	1.288713480858059	-0.2956132537698499	NFAT5-independent
Ceacam16	ENSMUSG00000014686	-1.93010116632224	3.7494717482937e-4	-2.40130628053096	1.0749131457772e-4	TRUE	0.8037713397790596	0.8037713397790596	-0.47120511420872013	Partially dependent
Cideb	ENSMUSG00000022219	-0.260668363507518	0.319513456972998	-0.775142847937936	0.0397556828328714	TRUE	0.33628429159987444	0.33628429159987444	-0.514474484430418	Strongly NFAT5-dependent
Gm26732	ENSMUSG00000097344	0.203864854282613	0.431150932940113	0.938585731817728	0.0204183382269831	TRUE	0.21720429724389126	0.21720429724389126	0.734720877535115	Strongly NFAT5-dependent
Gm14441	ENSMUSG00000081861	0.373270385041333	0.180052380768358	0.888187558145482	0.0252360606730625	TRUE	0.4202607676927091	0.4202607676927091	0.5149171731041491	Strongly NFAT5-dependent
Gm44432	ENSMUSG00000107932	-0.192758084239765	0.469357415616579	-1.00102537990901	0.0200906718193679	TRUE	0.19256063643190155	0.19256063643190155	-0.808267295669245	Strongly NFAT5-dependent
Gm14057	ENSMUSG00000089662	0.204265800851944	0.425464659612376	1.05050528532475	0.0150865954904498	TRUE	0.1944452861927276	0.1944452861927276	0.8462394844728061	Strongly NFAT5-dependent
Wdr66	ENSMUSG00000029442	0.921274625730864	0.0325403372681292	0.791737276978353	0.0361805331214859	TRUE	1.163611531904734	1.163611531904734	-0.129537348752511	NFAT5-independent
Gm4189	ENSMUSG00000092384	-1.2637840859625	0.00662568468895105	-0.836708089606855	0.0282934412658961	TRUE	1.510424127196279	1.510424127196279	0.42707599635564497	NFAT5-independent
Ccdc122	ENSMUSG00000034795	-2.4811265496739	4.47310890570321e-5	-1.88627011749235	5.7826105781746e-4	TRUE	1.3153612129382433	1.3153612129382433	0.5948564321815499	NFAT5-independent
Duoxa1	ENSMUSG00000027224	0.622679731612942	0.0750842670561437	1.10992388517771	0.0135303609660342	TRUE	0.5610112007935073	0.5610112007935073	0.487244153564768	Strongly NFAT5-dependent
Zfp831	ENSMUSG00000050600	-3.25431230243915	3.59904288401428e-6	-1.56402488971682	0.00151691046223255	TRUE	2.080729228694289	2.080729228694289	1.6902874127223297	NFAT5-independent
Gm43703	ENSMUSG00000105699	-1.94720495725274	0.00121044639129415	-1.03059300985448	0.0208811534370744	TRUE	1.8894024494962234	1.8894024494962234	0.9166119473982599	NFAT5-independent
Cyp4f41-ps	ENSMUSG00000024295	-0.57650010084637	0.0816421369597811	-2.16953894559494	4.1640344443343e-4	TRUE	0.2657247070935986	0.2657247070935986	-1.5930388447485697	Strongly NFAT5-dependent
Dsp	ENSMUSG00000054889	1.98621176328959	6.7285799610531e-4	1.70359405729852	0.00284400912812793	TRUE	1.165894982305369	1.165894982305369	-0.28261770599106995	NFAT5-independent
Atp1b2	ENSMUSG00000041329	1.61423439294115	0.00182039939480424	1.19071848849663	0.0119647239134733	TRUE	1.3556809678660824	1.3556809678660824	-0.42351590444452003	NFAT5-independent
Astl	ENSMUSG00000050468	2.16737730732208	3.5863195949104e-4	1.25386291504693	0.015630344884256	TRUE	1.728560021444576	1.728560021444576	-0.9135143922751499	NFAT5-independent
Mir1957a	ENSMUSG00000088552	-0.374244715870944	0.189417119669868	-0.649778719874559	0.0495979827924825	TRUE	0.5759571749951932	0.5759571749951932	-0.27553400400361505	Strongly NFAT5-dependent
Gm527	ENSMUSG00000047227	1.38957233237308	0.00659294694651456	0.877230299792773	0.0297154285054335	TRUE	1.5840450708341207	1.5840450708341207	-0.512342032580307	NFAT5-independent
Fxyd4	ENSMUSG00000004988	2.34844082740219	3.8221083111629e-4	1.52008749750932	0.0102536701411606	TRUE	1.5449379270931023	1.5449379270931023	-0.82835332989287	NFAT5-independent
Scarf2	ENSMUSG00000012017	0.294186917909974	0.252892860339566	0.917182723892411	0.0251853331191306	TRUE	0.3207506097165468	0.3207506097165468	0.622995805982437	Strongly NFAT5-dependent
Fam171a1	ENSMUSG00000050530	-0.933514562785412	0.02859604554529	-0.823155585452797	0.0332554561300577	TRUE	1.1340681874519618	1.1340681874519618	0.11035897733261502	NFAT5-independent
Gm11613	ENSMUSG00000085586	-2.42381288039867	7.14468962385724e-5	-3.13022220223154	2.03065160177443e-5	TRUE	0.7743261416619978	0.7743261416619978	-0.70640932183287	Partially dependent
BC022960	ENSMUSG00000081137	-0.243536756562732	0.351608493166627	-1.05502306464052	0.0223226129439049	TRUE	0.23083548097189013	0.23083548097189013	-0.8114863080777881	Strongly NFAT5-dependent
Gm2986	ENSMUSG00000083700	1.50632748761995	0.00565212073234425	1.74478643112654	0.00217061918152847	TRUE	0.8633305834728285	0.8633305834728285	0.23845894350659003	Partially dependent
Grtp1	ENSMUSG00000038515	0.292130282732098	0.25784420874879	1.10140464015544	0.0152913352651333	TRUE	0.26523429453762787	0.26523429453762787	0.8092743574233421	Strongly NFAT5-dependent
Gm9845	ENSMUSG00000050533	-0.575449994639266	0.0771939835416282	-1.28884460233169	0.0181534028572259	TRUE	0.44648516477331796	0.44648516477331796	-0.7133946076924239	Strongly NFAT5-dependent
Fnbp1l	ENSMUSG00000039735	0.961930325761693	0.0304314307196365	0.89515113001542	0.0301272667493794	TRUE	1.0746010293760369	1.0746010293760369	-0.066779195746273	NFAT5-independent
Ccno	ENSMUSG00000042417	1.31164945710336	0.00911696990580893	1.0319477070881	0.0212116411560498	TRUE	1.2710425616473422	1.2710425616473422	-0.2797017500152599	NFAT5-independent
Bcl6	ENSMUSG00000022508	0.455115508330921	0.125036105097902	1.27543701909638	0.00970671931528025	TRUE	0.3568310324357377	0.3568310324357377	0.8203215107654589	Strongly NFAT5-dependent
Snhg3	ENSMUSG00000085241	-0.321011610404057	0.221654630805482	-1.4484860009756	0.0102979471083217	TRUE	0.2216187178804944	0.2216187178804944	-1.127474390571543	Strongly NFAT5-dependent
AC130815.2	ENSMUSG00000116946	-0.810610194040368	0.0384960224084457	-1.05129328480173	0.017437197736156	TRUE	0.7710599941606648	0.7710599941606648	-0.24068309076136196	Partially dependent
Boll	ENSMUSG00000025977	0.425006985074394	0.134511405404895	1.29068021825823	0.0106671273034704	TRUE	0.32928914464028897	0.32928914464028897	0.8656732331838359	Strongly NFAT5-dependent
Fgr	ENSMUSG00000028874	-1.53244903376095	0.00747790414821814	-1.9782050347896	0.00346383333220102	TRUE	0.7746664308353354	0.7746664308353354	-0.4457560010286501	Partially dependent
Gm43967	ENSMUSG00000108036	0.302081076751911	0.255988983053815	0.812603064416975	0.0317962901316359	TRUE	0.37174493917106693	0.37174493917106693	0.5105219876650641	Strongly NFAT5-dependent
Gm5134	ENSMUSG00000033255	-0.719934195967539	0.0514382334306195	-1.15319649542795	0.0132263402293807	TRUE	0.6242944709092029	0.6242944709092029	-0.43326229946041106	Strongly NFAT5-dependent
Jam2	ENSMUSG00000053062	0.471709012374822	0.103294285043883	0.568848054987044	0.048951813749786	TRUE	0.8292355194667327	0.8292355194667327	0.09713904261222206	Strongly NFAT5-dependent
Gm45041	ENSMUSG00000109317	0.261163196855369	0.306962441066179	0.906369530253689	0.026041927343165	TRUE	0.2881420746594057	0.2881420746594057	0.64520633339832	Strongly NFAT5-dependent
Gm15161	ENSMUSG00000083719	0.252572344829583	0.310716069772945	0.923631785653282	0.0270038698608825	TRUE	0.2734556657239111	0.2734556657239111	0.671059440823699	Strongly NFAT5-dependent
Wscd2	ENSMUSG00000063430	-1.78095324182212	0.0029640306837813	-1.37501465612531	0.0104456182775729	TRUE	1.2952249155225115	1.2952249155225115	0.40593858569680985	NFAT5-independent
Gnaz	ENSMUSG00000040009	0.0375275400961987	0.895205270850258	0.819712035656316	0.0314434137344968	TRUE	0.045781370119997875	0.045781370119997875	0.7821844955601173	Strongly NFAT5-dependent
Ccdc188	ENSMUSG00000090777	-0.186866560369512	0.473174610624572	-1.07250318423494	0.0216478493439773	TRUE	0.17423403782508254	0.17423403782508254	-0.885636623865428	Strongly NFAT5-dependent
Kis2	ENSMUSG00000086173	0.268059911647295	0.270089052787694	1.08972762092746	0.0204297486503541	TRUE	0.24598799415504485	0.24598799415504485	0.821667709280165	Strongly NFAT5-dependent
Slc6a11	ENSMUSG00000030307	0.101553744498779	0.651547202756559	-2.58826886922949	0.0124668433357996	FALSE	-0.03923616503142151	0.03923616503142151	-2.689822613728269	Strongly NFAT5-dependent
Sntb1	ENSMUSG00000060429	-1.51069773892662	0.00854211911299672	-0.635626888821804	0.048727880698712	TRUE	2.376705211019069	2.376705211019069	0.8750708501048161	NFAT5-independent
Gm7535	ENSMUSG00000090957	1.14892132460757	0.026162546415669	1.7737545411232	0.00501250947964649	TRUE	0.647734113131592	0.647734113131592	0.6248332165156301	Strongly NFAT5-dependent
Nes	ENSMUSG00000004891	0.8609993489354	0.0412134870164299	1.10649364627294	0.0198916661794873	TRUE	0.7781331161146282	0.7781331161146282	0.24549429733754002	Partially dependent
Hk1os	ENSMUSG00000085347	-0.606290953843213	0.0754760029003045	-2.424672622268	0.00124463118839793	TRUE	0.2500506453015905	0.2500506453015905	-1.818381668424787	Strongly NFAT5-dependent
AC124681.2	ENSMUSG00000116739	1.4967084423042	0.00483204416131996	0.807640737834838	0.0370572188293287	TRUE	1.8531859181802144	1.8531859181802144	-0.689067704469362	NFAT5-independent
Gm10814	ENSMUSG00000097404	0.513179688946699	0.100647654246511	0.757778183182063	0.0398669989212069	TRUE	0.6772162360121721	0.6772162360121721	0.24459849423536406	Strongly NFAT5-dependent
Hist4h4	ENSMUSG00000096010	0.276095588117692	0.263889737885811	0.888042392809103	0.0294453875169947	TRUE	0.310903612657873	0.310903612657873	0.6119468046914109	Strongly NFAT5-dependent
Snord65	ENSMUSG00000077457	-1.03949306389657	0.0264632611198423	-1.42659784648245	0.0111218288848106	TRUE	0.7286517826026718	0.7286517826026718	-0.38710478258588	Partially dependent
Dlg5	ENSMUSG00000021782	-0.419155437010876	0.137709924370164	-2.30640149730726	0.0022536901688806	TRUE	0.18173567676757188	0.18173567676757188	-1.887246060296384	Strongly NFAT5-dependent
Pkd2	ENSMUSG00000034462	-1.57480078041198	0.0052608143132961	-0.649324482735854	0.049093487087836	TRUE	2.4252909327810004	2.4252909327810004	0.9254762976761259	NFAT5-independent
Kif17	ENSMUSG00000028758	2.50614393208466	1.253138429063e-4	1.43063092681113	0.0119558210091855	TRUE	1.7517753077454041	1.7517753077454041	-1.07551300527353	NFAT5-independent
Myh3	ENSMUSG00000020908	2.95140088105456	2.06310303000351e-5	1.63830999401971	0.00869732568436159	TRUE	1.8014911047530684	1.8014911047530684	-1.31309088703485	NFAT5-independent
Unc13b	ENSMUSG00000028456	2.16508316949834	4.8408656374894e-4	1.42892372027992	0.010440847154376	TRUE	1.5151845677767946	1.5151845677767946	-0.7361594492184198	NFAT5-independent
Pou3f1	ENSMUSG00000090125	7.51465101625384	9.41598502125434e-8	5.04090342327087	2.233169102076e-4	TRUE	1.4907349705537185	1.4907349705537185	-2.4737475929829698	NFAT5-independent
Zfp30	ENSMUSG00000047473	1.11098953349535	0.0263590763975726	1.84717213223741	0.00278469422980265	TRUE	0.6014542522085639	0.6014542522085639	0.73618259874206	Strongly NFAT5-dependent
Irak3	ENSMUSG00000020227	1.58782706477348	0.00525762713531599	1.15881732622108	0.0193335064951761	TRUE	1.3702134312673828	1.3702134312673828	-0.4290097385524001	NFAT5-independent
Fat1	ENSMUSG00000070047	0.236252640520879	0.334722105555989	0.675889876867892	0.045425872507227	TRUE	0.34954309659982735	0.34954309659982735	0.439637236347013	Strongly NFAT5-dependent
Traj50	ENSMUSG00000076881	0.162184222393754	0.486005780717805	1.49113422927412	0.00579770705075984	TRUE	0.10876567595977245	0.10876567595977245	1.3289500068803661	Strongly NFAT5-dependent
Pou2af1	ENSMUSG00000032053	-0.0332585858686893	0.908224350290901	-0.976036390885444	0.0309608088924744	TRUE	0.034075149430153585	0.034075149430153585	-0.9427778050167547	Strongly NFAT5-dependent
BC064078	ENSMUSG00000087150	-1.39802405073839	0.00662672571508158	-0.656405350541536	0.0475306042147855	TRUE	2.129818182598629	2.129818182598629	0.741618700196854	NFAT5-independent
Itga2	ENSMUSG00000015533	-2.75899306031607	1.3499751878815e-4	-1.52114129256119	0.00538578771194175	TRUE	1.8137651471354597	1.8137651471354597	1.2378517677548802	NFAT5-independent
Tmem151b	ENSMUSG00000096847	1.64081077795066	0.0045147041349884	1.39673333665544	0.0107182971100938	TRUE	1.174748776226447	1.174748776226447	-0.24407744129522002	NFAT5-independent
Jag1	ENSMUSG00000027276	3.98443090233008	1.84618597465131e-5	2.91667924913841	0.0013215224682757	TRUE	1.36608470180843	1.36608470180843	-1.06775165319167	NFAT5-independent
Rwdd3	ENSMUSG00000028133	-2.4158336179992	0.00127358318795629	-1.5181107527519	0.0103620566109188	TRUE	1.591342142607175	1.591342142607175	0.8977228652472999	NFAT5-independent
Gm5861	ENSMUSG00000095918	0.939624021510917	0.0363968489107781	1.14463894169514	0.0203030708822426	TRUE	0.8208911887266316	0.8208911887266316	0.20501492018422296	Partially dependent
Nat8l	ENSMUSG00000048142	1.68534120326199	0.00816740126464665	2.6831213098453	1.6699038241177e-4	TRUE	0.6281270984945371	0.6281270984945371	0.9977801065833098	Strongly NFAT5-dependent
G430095P16Rik	ENSMUSG00000074203	-1.23644468486845	0.0152485042644083	-0.76680257754584	0.0393073825694401	TRUE	1.6124680864085053	1.6124680864085053	0.46964210732261	NFAT5-independent
Gm37685	ENSMUSG00000103024	0.296980611661431	0.229364964072811	1.17941154674674	0.0169536654378442	TRUE	0.25180405642170883	0.25180405642170883	0.882430935085309	Strongly NFAT5-dependent
Cgn	ENSMUSG00000068876	3.57950510054331	2.19586040674723e-5	2.57183145577657	0.00166654832400844	TRUE	1.3918116960982854	1.3918116960982854	-1.00767364476674	NFAT5-independent
Scn4a	ENSMUSG00000001027	3.42539096543401	3.6543117384835e-4	3.81896519660595	1.0076805188248e-4	TRUE	0.8969421791217883	0.8969421791217883	0.39357423117194035	Partially dependent
Gm15191	ENSMUSG00000082778	1.75129906906221	0.00449455629833299	1.32948441246154	0.015691600081586	TRUE	1.3172768726334145	1.3172768726334145	-0.42181465660066997	NFAT5-independent
Gm25427	ENSMUSG00000088230	0.199116711138008	0.410796408503808	0.695161160467769	0.044444636258607	TRUE	0.28643244539730006	0.28643244539730006	0.496044449329761	Strongly NFAT5-dependent
Ankdd1b	ENSMUSG00000047117	1.6239024418519	0.00847663874686817	1.87181260999644	0.00403179818352682	TRUE	0.8675560967905801	0.8675560967905801	0.24791016814454014	Partially dependent
Iqcn	ENSMUSG00000110622	2.66841062123168	2.6706606782963e-4	2.43742388399519	8.3703594416457e-4	TRUE	1.0947667489242285	1.0947667489242285	-0.23098673723649021	NFAT5-independent
Ltc4s	ENSMUSG00000020377	1.62092316157507	0.00473767855551541	0.729058168028195	0.0423148370965125	TRUE	2.2233111604236	2.2233111604236	-0.8918649935468751	NFAT5-independent
Gm9517	ENSMUSG00000104103	0.230899288636347	0.324848098694031	0.951803924106947	0.0282510412515683	TRUE	0.242591234169363	0.242591234169363	0.7209046354706	Strongly NFAT5-dependent
AC167363.1	ENSMUSG00000117007	-1.5195900414911	0.00677337846993334	-0.75553488392639	0.0401164948855356	TRUE	2.0112771412936508	2.0112771412936508	0.7640551575647101	NFAT5-independent
Adhfe1	ENSMUSG00000025911	0.467440867124501	0.10551828860575	1.09062965628895	0.0228575767557528	TRUE	0.4285972460303774	0.4285972460303774	0.623188789164449	Strongly NFAT5-dependent
Abcc3	ENSMUSG00000020865	-1.48602466684231	0.0125826979360259	-0.807855612280557	0.035608158253014	TRUE	1.8394681478380748	1.8394681478380748	0.678169054561753	NFAT5-independent
Tagln3	ENSMUSG00000022658	1.78360310485322	0.00372815465126846	1.43782271105924	0.0117580042428436	TRUE	1.2404888941691874	1.2404888941691874	-0.34578039379397985	NFAT5-independent
Fhl4	ENSMUSG00000050035	-2.57349118595278	0.00170557228599903	-1.23860653345924	0.0208757812549955	TRUE	2.0777309956257133	2.0777309956257133	1.33488465249354	NFAT5-independent
Samd14	ENSMUSG00000047181	1.56437716590554	0.00756953106640509	1.47301921737524	0.0100862189653099	TRUE	1.0620208802795459	1.0620208802795459	-0.09135794853029999	NFAT5-independent
Sphk1	ENSMUSG00000061878	0.157377069721185	0.491560709587481	1.128862581061	0.0199291250629247	TRUE	0.13941207048715248	0.13941207048715248	0.971485511339815	Strongly NFAT5-dependent
Mdfi	ENSMUSG00000032717	3.14382301521526	7.7222654520676e-4	3.3777508222849	3.9910142420398e-4	TRUE	0.9307445044417462	0.9307445044417462	0.23392780706964	Partially dependent
1700072G22Rik	ENSMUSG00000101702	3.61551013033091	1.0768447961816e-4	3.14019945579614	7.1498380375452e-4	TRUE	1.1513632115493326	1.1513632115493326	-0.47531067453477016	NFAT5-independent
A430090L17Rik	ENSMUSG00000114213	0.294907863900986	0.212303614639341	1.43580425958365	0.0104065172248192	TRUE	0.20539559061240176	0.20539559061240176	1.140896395682664	Strongly NFAT5-dependent
Map7d2	ENSMUSG00000041020	1.97473553618927	0.00333416996783293	1.7313760263712	0.00756816273893381	TRUE	1.140558437977294	1.140558437977294	-0.24335950981807009	NFAT5-independent
Sh3tc1	ENSMUSG00000036553	-2.19510569638503	0.00374571229388232	-1.04644603176634	0.0291374937099217	TRUE	2.097676927189278	2.097676927189278	1.14865966461869	NFAT5-independent
Gm48200	ENSMUSG00000114820	0.295031443067591	0.225759775798585	0.701003640256775	0.0440491141033727	TRUE	0.42087005847718867	0.42087005847718867	0.405972197189184	Strongly NFAT5-dependent
Gm6637	ENSMUSG00000108090	-0.515744035822382	0.0871671924631012	-0.550836064253386	0.0476970208072216	TRUE	0.9362931537923748	0.9362931537923748	-0.03509202843100401	Strongly NFAT5-dependent
Nek10	ENSMUSG00000042567	2.53664882945119	0.00149621354804047	2.83913904726921	5.6215954030045e-4	TRUE	0.8934570611788223	0.8934570611788223	0.3024902178180202	Partially dependent
4930544F09Rik	ENSMUSG00000115062	0.476449618527944	0.0977344897905813	1.56892249492782	0.0086735481433423	TRUE	0.30367951257519804	0.30367951257519804	1.0924728763998761	Strongly NFAT5-dependent
Gm38563	ENSMUSG00000116498	-0.144975381527149	0.546701038964105	-0.977105370309557	0.035650590181689	TRUE	0.1483723106354633	0.1483723106354633	-0.8321299887824081	Strongly NFAT5-dependent
Gm28187	ENSMUSG00000099375	0.00832960275700488	0.974886731537092	1.54934081159889	0.00479274396007994	TRUE	0.0053762236782550704	0.0053762236782550704	1.5410112088418852	Strongly NFAT5-dependent
Gm6210	ENSMUSG00000107951	-0.403335925393888	0.129448780110474	-1.31309019996672	0.0228094871906682	TRUE	0.30716543722899653	0.30716543722899653	-0.909754274572832	Strongly NFAT5-dependent
Gm45244	ENSMUSG00000109807	1.22487163051	0.0236610150049925	0.838196854544774	0.0333095088923759	TRUE	1.4613173789291176	1.4613173789291176	-0.38667477596522604	NFAT5-independent
P2ry13	ENSMUSG00000036362	0.289175868789002	0.191652119369008	1.30368542758333	0.0193106540777568	TRUE	0.22181414524595366	0.22181414524595366	1.014509558794328	Strongly NFAT5-dependent
Platr14	ENSMUSG00000086454	-0.43823137794857697	0.125073143068519	-1.00991701070837	0.0292459979311963	TRUE	0.4339281082523755	0.4339281082523755	-0.571685632759793	Strongly NFAT5-dependent
Tmod2	ENSMUSG00000032186	-0.149032073647933	0.527937476260655	-2.70557804335831	0.00804323486228255	TRUE	0.05508326548324081	0.05508326548324081	-2.5565459697103767	Strongly NFAT5-dependent
Rdh5	ENSMUSG00000025350	-0.811562695951137	0.0463120873896063	-2.17110881960728	0.00423956818160079	TRUE	0.37380102214219557	0.37380102214219557	-1.359546123656143	Strongly NFAT5-dependent
Ighj1	ENSMUSG00000076621	0.150916905456346	0.512398673601522	1.30704857003298	0.0117012441006574	TRUE	0.11546388475260565	0.11546388475260565	1.156131664576634	Strongly NFAT5-dependent
Gm11609	ENSMUSG00000083118	1.86750816187956	0.00878959562647905	2.3721391885104	0.00221149022779579	TRUE	0.7872675308957202	0.7872675308957202	0.50463102663084	Partially dependent
Acvr1c	ENSMUSG00000026834	2.13722381721385	0.00291806390014024	2.4284359066248	0.00109911687191893	TRUE	0.880082447876627	0.880082447876627	0.29121208941095	Partially dependent
Gm12363	ENSMUSG00000082367	0.0954639667510878	0.682286000235489	1.01261553908157	0.0258564178664781	TRUE	0.09427464132900079	0.09427464132900079	0.9171515723304823	Strongly NFAT5-dependent
Trp73os	ENSMUSG00000087071	-0.115005934165529	0.606519784924643	0.752504723520159	0.0385211490104471	FALSE	-0.15283084686504042	0.15283084686504042	0.8675106576856879	Strongly NFAT5-dependent
Mgll	ENSMUSG00000033174	1.50917483029728	0.0174049532658026	2.07845496915505	0.00424507968798111	TRUE	0.7261041748288644	0.7261041748288644	0.5692801388577697	Partially dependent
Mir23b	ENSMUSG00000065599	0.35005316029829	0.141480460609544	0.47318513368748	0.0445050379843968	TRUE	0.739780553903636	0.739780553903636	0.12313197338919002	Strongly NFAT5-dependent
Gm15738	ENSMUSG00000087526	0.508370118600353	0.077436475000365	1.42365664937549	0.0183348016943568	TRUE	0.35708758767316384	0.35708758767316384	0.9152865307751371	Strongly NFAT5-dependent
Gm43712	ENSMUSG00000104649	1.48564744951066	0.0135063964741734	1.51115548269204	0.0125263248543922	TRUE	0.9831201795754737	0.9831201795754737	0.025508033181379952	Partially dependent
Gpr83	ENSMUSG00000031932	2.31868605894912	0.00255549509445217	2.31660093833976	0.00277763980743282	TRUE	1.0009000775985415	1.0009000775985415	-0.0020851206093599473	NFAT5-independent
Ankrd34b	ENSMUSG00000045034	2.05763517589756	0.00599133013973369	2.61794561335901	0.00110086405694796	TRUE	0.7859732323688222	0.7859732323688222	0.56031043746145	Partially dependent
Dock4	ENSMUSG00000035954	0.47825902808172	0.09469448621985	1.45362409361782	0.0126288992638072	TRUE	0.3290114894088028	0.3290114894088028	0.9753650655360999	Strongly NFAT5-dependent
2810414N06Rik	ENSMUSG00000100594	-2.25677710288634	0.00301073462860303	-2.06459322937534	0.00552500449908595	TRUE	1.0930855874060708	1.0930855874060708	0.19218387351099997	NFAT5-independent
Hspe1-ps5	ENSMUSG00000084213	0.355108585245113	0.158774451702059	0.938260419853813	0.0311130913373977	TRUE	0.3784755039549054	0.3784755039549054	0.5831518346087	Strongly NFAT5-dependent
Gpr161	ENSMUSG00000040836	0.675608431240309	0.0573432934811637	1.37297684739827	0.0186345405128713	TRUE	0.4920756184057706	0.4920756184057706	0.697368416157961	Strongly NFAT5-dependent
H3f3aos	ENSMUSG00000073485	0.110877789208708	0.59424570576301	1.82399805245493	0.00454274811253699	TRUE	0.060788326533285995	0.060788326533285995	1.713120263246222	Strongly NFAT5-dependent
Wnk3	ENSMUSG00000041245	0.0657160694424618	0.770131458543886	1.02925774040615	0.0272364241211877	TRUE	0.06384802062943916	0.06384802062943916	0.9635416709636883	Strongly NFAT5-dependent
Adgrb2	ENSMUSG00000028782	-0.836174725415943	0.0469421044846447	-0.531297002287835	0.0481187795055586	TRUE	1.5738367086869758	1.5738367086869758	0.3048777231281079	NFAT5-independent
Nrarp	ENSMUSG00000078202	0.394619479883487	0.126188142745932	0.597146123641849	0.0433876231392943	TRUE	0.6608424039945177	0.6608424039945177	0.20252664375836205	Strongly NFAT5-dependent
4931440P22Rik	ENSMUSG00000074580	0.0182342039214258	0.939277954432471	1.59092255870341	0.0100146058692845	TRUE	0.011461402581585456	0.011461402581585456	1.572688354781984	Strongly NFAT5-dependent
Mas1	ENSMUSG00000068037	0.815537449379694	0.0477743318665603	1.26983389476674	0.0212419778581823	TRUE	0.6422394714306336	0.6422394714306336	0.45429644538704606	Strongly NFAT5-dependent
Gm26486	ENSMUSG00000088646	2.69470862321725	0.00153769613992851	1.80314405127876	0.0153416166059217	TRUE	1.4944499976616994	1.4944499976616994	-0.8915645719384901	NFAT5-independent
Creb3l3	ENSMUSG00000035041	-1.95474601151775	0.00718141437527592	-1.02721714730336	0.0313880344650953	TRUE	1.902953057831374	1.902953057831374	0.92752886421439	NFAT5-independent
B930059L03Rik	ENSMUSG00000113361	0.196015274870631	0.366961639753751	1.25914926471462	0.0183643620172738	TRUE	0.15567278666922535	0.15567278666922535	1.063133989843989	Strongly NFAT5-dependent
Cdc42ep2	ENSMUSG00000045664	0.214508378873982	0.316699140600683	1.4147679255571	0.0139107124155466	TRUE	0.15162089484712768	0.15162089484712768	1.2002595466831179	Strongly NFAT5-dependent
Gm18190	ENSMUSG00000098900	1.05187847971229	0.0397657514284665	2.40864984126987	0.00198422653756529	TRUE	0.43670875761572997	0.43670875761572997	1.3567713615575798	Strongly NFAT5-dependent
Gm38560	ENSMUSG00000112375	-2.09325759004069	0.00886082538585623	-1.7984454691355	0.0151514698986774	TRUE	1.1639260828113427	1.1639260828113427	0.29481212090518993	NFAT5-independent
Mcf2l	ENSMUSG00000031442	-2.86706269963328	0.00238118796955222	-1.91670241422683	0.0100434260912344	TRUE	1.4958309012146842	1.4958309012146842	0.9503602854064499	NFAT5-independent
Gm11748	ENSMUSG00000087036	0.458580176867703	0.096599445946976	1.19982650809361	0.0235971977824523	TRUE	0.3822054053434239	0.3822054053434239	0.7412463312259069	Strongly NFAT5-dependent
Bend6	ENSMUSG00000042182	-2.09995632220922	0.00553212034282683	-1.54442551664386	0.0158364131651643	TRUE	1.3597006133209748	1.3597006133209748	0.5555308055653598	NFAT5-independent
Gm8890	ENSMUSG00000096846	3.23863052678559	2.072259002797e-4	0.506286942228938	0.0371980513728348	TRUE	6.396828076441112	6.396828076441112	-2.732343584556652	NFAT5-independent
Scn5a	ENSMUSG00000032511	2.45286027835949	0.00211569602599342	1.09989723672547	0.0319837835165149	TRUE	2.2300813171073672	2.2300813171073672	-1.35296304163402	NFAT5-independent
2810029C07Rik	ENSMUSG00000096995	0.296362060967317	0.181825530467388	1.05746129389485	0.0282547710658682	TRUE	0.2802580696601706	0.2802580696601706	0.761099232927533	Strongly NFAT5-dependent
Ttc39a	ENSMUSG00000028555	2.6363968303503	0.00403005267446629	2.61144876654434	0.00459625101446211	TRUE	1.0095533422388268	1.0095533422388268	-0.02494806380595982	NFAT5-independent
Sh2d4b	ENSMUSG00000037833	3.31032858381444	4.8511457628949e-4	2.35173542358717	0.00771730534254964	TRUE	1.4076109712907672	1.4076109712907672	-0.9585931602272701	NFAT5-independent
Rab11fip4os1	ENSMUSG00000087434	-0.0471664346739383	0.851500132850565	-0.431148599149706	0.0477166791912532	TRUE	0.10939716554097138	0.10939716554097138	-0.3839821644757677	Strongly NFAT5-dependent
Plekhh3	ENSMUSG00000035172	0.425215542682116	0.10136142635358	0.46733903518603	0.0473261404029162	TRUE	0.9098652384405548	0.9098652384405548	0.042123492503914006	Strongly NFAT5-dependent
Katnal2	ENSMUSG00000025420	-0.155116242545039	0.493806564551495	-2.65558936633939	0.00944314516562621	TRUE	0.05841123048284372	0.05841123048284372	-2.5004731237943507	Strongly NFAT5-dependent
A930016O22Rik	ENSMUSG00000040705	0.252571788445083	0.222137648484138	1.2675295756038	0.0221103660603363	TRUE	0.19926303362567926	0.19926303362567926	1.0149577871587172	Strongly NFAT5-dependent
Gm37347	ENSMUSG00000102975	0.314525414995159	0.146377672157068	1.65657835284392	0.0135937641533674	TRUE	0.18986449657222648	0.18986449657222648	1.342052937848761	Strongly NFAT5-dependent
Fam171b	ENSMUSG00000048388	-0.162223935730524	0.46251519865563	-1.4278141137344	0.0230016310931645	TRUE	0.11361698569166873	0.11361698569166873	-1.265590178003876	Strongly NFAT5-dependent
Rab30	ENSMUSG00000030643	1.04638109003956	0.0359760064973517	1.08664391162198	0.0294789319960656	TRUE	0.9629475478104675	0.9629475478104675	0.040262821582419894	Partially dependent
Prss41	ENSMUSG00000024114	-0.182782425697767	0.402793951787118	-0.664410142932948	0.0370530125037016	TRUE	0.27510480934396775	0.27510480934396775	-0.48162771723518094	Strongly NFAT5-dependent
Abcg3	ENSMUSG00000029299	-3.65363955683389	0.00109219162955099	-1.88700654023151	0.00826210395468409	TRUE	1.9362092705760514	1.9362092705760514	1.7666330166023803	NFAT5-independent
Gm20427	ENSMUSG00000092595	-0.495791622982127	0.0843605618591463	-0.499009996173309	0.0433786508501498	TRUE	0.9935504835256561	0.9935504835256561	-0.0032183731911820113	Strongly NFAT5-dependent
Tex52	ENSMUSG00000079304	3.57466623564142	0.00107966232335928	1.97868302562618	0.0253619816067079	TRUE	1.8065886194733844	1.8065886194733844	-1.5959832100152398	NFAT5-independent
Rnf183	ENSMUSG00000063851	3.39349371578839	0.00197516200014846	0.361516211322924	0.0364443281037313	TRUE	9.386836909388705	9.386836909388705	-3.031977504465466	NFAT5-independent
AA914427	ENSMUSG00000103149	0.220266983119733	0.273874113003556	0.435349651751089	0.0434843773411222	TRUE	0.5059541962047338	0.5059541962047338	0.21508266863135597	Strongly NFAT5-dependent
Sox8	ENSMUSG00000024176	6.28258290814304	1.53029388363094e-5	5.08949620339353	3.452167595084e-4	TRUE	1.2344213763150063	1.2344213763150063	-1.1930867047495104	NFAT5-independent
Gm42515	ENSMUSG00000105378	0.0680268567977713	0.724656895465054	1.77383505630842	0.0103173735818044	TRUE	0.03835015919650612	0.03835015919650612	1.7058081995106487	Strongly NFAT5-dependent
Cpne7	ENSMUSG00000034796	2.9683379283122	0.0065319417384497	3.13427163738974	0.00505573631212721	TRUE	0.9470582871318289	0.9470582871318289	0.16593370907754013	Partially dependent
Plppr2	ENSMUSG00000040563	-0.0919110251233386	0.65524067197184	-2.76720578629437	0.0112398200249466	TRUE	0.03321438021652116	0.03321438021652116	-2.6752947611710316	Strongly NFAT5-dependent
Gm11212	ENSMUSG00000082141	-2.61825713711701	0.00443180506722454	-2.93997987651801	0.00565340534890473	TRUE	0.8905697477827519	0.8905697477827519	-0.3217227394009998	Partially dependent
Gm19345	ENSMUSG00000092216	-2.40220808321182	0.00773943534819935	-2.79157190685871	0.00847290653156847	TRUE	0.86052165710285	0.86052165710285	-0.38936382364689015	Partially dependent
Gm19409	ENSMUSG00000106229	0.408952285219888	0.0891820143666097	1.13807280583156	0.0288487913080872	TRUE	0.35933754248795824	0.35933754248795824	0.7291205206116719	Strongly NFAT5-dependent
Fbxo47	ENSMUSG00000070336	-0.0892705546158893	0.679605893792908	-0.414043577830125	0.0372656163551769	TRUE	0.21560666411909782	0.21560666411909782	-0.32477302321423573	Strongly NFAT5-dependent
Gm43966	ENSMUSG00000108170	0.737841625595942	0.0443454102223016	1.39191550430906	0.0277230841623818	TRUE	0.5300908160816866	0.5300908160816866	0.6540738787131181	Strongly NFAT5-dependent
Ampd3	ENSMUSG00000005686	-0.430485941750926	0.0692878510511761	-0.305610823420358	0.0432024658496329	TRUE	1.4086082977460725	1.4086082977460725	0.12487511833056802	Strongly NFAT5-dependent
Gm43267	ENSMUSG00000104662	1.40339015490737	0.0259155683114225	1.36866336553292	0.0251328093121671	TRUE	1.0253727762786493	1.0253727762786493	-0.03472678937445006	NFAT5-independent
Gm48163	ENSMUSG00000114243	0.224788107109202	0.218231456965646	1.73856604840185	0.0177614733199469	TRUE	0.12929512072080035	0.12929512072080035	1.513777941292648	Strongly NFAT5-dependent
Terc	ENSMUSG00000064796	0.203404952767707	0.247902919286911	0.304258617537198	0.04994561957429	TRUE	0.6685265134448958	0.6685265134448958	0.10085366476949101	Strongly NFAT5-dependent
Col15a1	ENSMUSG00000028339	-0.552707640850059	0.0556598133067243	-1.90628746637088	0.0190667102868614	TRUE	0.2899392933125052	0.2899392933125052	-1.353579825520821	Strongly NFAT5-dependent
1700003E16Rik	ENSMUSG00000030030	1.37580099944913	0.0301479709755984	1.17072125697793	0.0325652733128728	TRUE	1.1751738436872563	1.1751738436872563	-0.2050797424712001	NFAT5-independent
Gm23638	ENSMUSG00000092814	0.129258260469245	0.445651004262591	2.29552701975454	0.00579721020457259	TRUE	0.05630875147924268	0.05630875147924268	2.166268759285295	Strongly NFAT5-dependent
Fgf7	ENSMUSG00000027208	0.122634114311223	0.492453591826306	2.2637706890078	0.00434441413284931	TRUE	0.05417249852500429	0.05417249852500429	2.1411365746965774	Strongly NFAT5-dependent
Rnf207	ENSMUSG00000058498	0.42241535009232	0.0766033026868695	0.341129536939194	0.0437651234503833	TRUE	1.2382843006866775	1.2382843006866775	-0.081285813153126	Strongly NFAT5-dependent
1700101I11Rik	ENSMUSG00000097675	0.45275019578386	0.077192317567164	0.468112252536067	0.0362690478856449	TRUE	0.9671829637678125	0.9671829637678125	0.015362056752206976	Strongly NFAT5-dependent
Gm32031	ENSMUSG00000109118	0.170060301333697	0.369139580568853	0.35432911290885	0.0482005939921949	TRUE	0.479950123029954	0.479950123029954	0.18426881157515299	Strongly NFAT5-dependent
Snx31	ENSMUSG00000013611	-0.273425021352185	0.179291145386094	-0.327139008459699	0.0423620589538003	TRUE	0.8358068413778568	0.8358068413778568	-0.053713987107514016	Strongly NFAT5-dependent
Nbea	ENSMUSG00000027799	2.69899779937275	0.0110867443133148	0.25666200543965	0.046376822664425	TRUE	10.51576681460699	10.51576681460699	-2.4423357939331	NFAT5-independent
I830077J02Rik	ENSMUSG00000074342	-0.346688944119222	0.101397004191524	-0.298551887262696	0.0434540767552166	TRUE	1.1612351450793885	1.1612351450793885	0.04813705685652603	Strongly NFAT5-dependent
Gm36210	ENSMUSG00000110221	-0.441183335943764	0.0553226634683794	-0.268839094825381	0.0477703692558253	TRUE	1.641068372999566	1.641068372999566	0.17234424111838303	Strongly NFAT5-dependent
Gm15407	ENSMUSG00000087647	-0.362090046414913	0.10031315293449	-0.323630625371687	0.0418244657274816	TRUE	1.118837396797833	1.118837396797833	0.03845942104322597	Strongly NFAT5-dependent
Olfr1392	ENSMUSG00000101750	2.17580211403468	0.0140264746324992	0.274893784987933	0.0466049190790656	TRUE	7.915064773582245	7.915064773582245	-1.900908329046747	NFAT5-independent
L3hypdh	ENSMUSG00000019718	0.19229776741461	0.27904194691031	0.298849613557246	0.0494327477380318	TRUE	0.6434599835203552	0.6434599835203552	0.10655184614263599	Strongly NFAT5-dependent
Mafa	ENSMUSG00000047591	1.80896019544925	0.0226042928497069	0.361888686741584	0.0296331761415869	TRUE	4.9986646770778584	4.9986646770778584	-1.447071508707666	NFAT5-independent
Tal1	ENSMUSG00000028717	2.27170919253087	0.0193742034685059	2.17752221270542	0.0219465946596383	TRUE	1.0432541993261364	1.0432541993261364	-0.09418697982544977	NFAT5-independent
Gm34648	ENSMUSG00000106828	0.301543927293703	0.102875414962488	1.26080910578746	0.0284158267482151	TRUE	0.2391669967400565	0.2391669967400565	0.9592651784937569	Strongly NFAT5-dependent
A430035B10Rik	ENSMUSG00000087305	0.241798664871448	0.17176595457537	0.346334799743316	0.0332472707950351	TRUE	0.6981645074380503	0.6981645074380503	0.104536134871868	Strongly NFAT5-dependent
Pkdcc	ENSMUSG00000024247	0.462411848034664	0.0571524633066956	1.97374411972846	0.0185247282027346	TRUE	0.2342815582894711	0.2342815582894711	1.511332271693796	Strongly NFAT5-dependent
D830035M03Rik	ENSMUSG00000111828	-0.284923985854617	0.134490030752898	-0.310816131736774	0.0241194462826425	TRUE	0.9166962611062776	0.9166962611062776	-0.025892145882157047	Strongly NFAT5-dependent
Tdrd5	ENSMUSG00000060985	0.464145033747176	0.0444914632192051	2.31230465317923	0.0198642404058587	TRUE	0.20072832232941903	0.20072832232941903	1.848159619432054	Strongly NFAT5-dependent
Htr1b	ENSMUSG00000049511	0.321747348426135	0.0921146875317706	1.83015729542026	0.0217911602782479	TRUE	0.17580311224137266	0.17580311224137266	1.508409946994125	Strongly NFAT5-dependent
Gm42683	ENSMUSG00000105848	0.382889576981423	0.0707697769647293	0.318251837210265	0.0363787676793854	TRUE	1.2031024874444092	1.2031024874444092	-0.064637739771158	Strongly NFAT5-dependent
Gm31659	ENSMUSG00000110489	-0.268582504501413	0.133366543840416	-0.473375295734503	0.00323445238925102	TRUE	0.5673775267141318	0.5673775267141318	-0.20479279123308997	Strongly NFAT5-dependent
Pate2	ENSMUSG00000074452	-1.33098208380788	0.0354461107607114	-0.347057737676763	0.0315637301372155	TRUE	3.8350451216492067	3.8350451216492067	0.9839243461311171	NFAT5-independent
Slc25a43	ENSMUSG00000037636	-0.333519531306199	0.0797958942267997	-0.263215066800554	0.0416833501352671	TRUE	1.2670989368511978	1.2670989368511978	0.07030446450564498	Strongly NFAT5-dependent
Gm7457	ENSMUSG00000072683	0.158154147324056	0.279293212470001	2.61874745293679	0.0121351910958197	TRUE	0.06039305055808047	0.06039305055808047	2.4605933056127336	Strongly NFAT5-dependent
Pkd1l2	ENSMUSG00000034416	-2.18386981842514	0.0216044606092629	-0.33132744751719	0.0297147879486348	TRUE	6.59127348123441	6.59127348123441	1.8525423709079503	NFAT5-independent
Klf5	ENSMUSG00000005148	2.75614715215123	0.0111513824346404	0.274784087277519	0.021121351903344	TRUE	10.030228385705795	10.030228385705795	-2.4813630648737113	NFAT5-independent
Gm22935	ENSMUSG00000077148	0.278199073221481	0.0478302084095222	3.22612919867178	0.0080199437679956	TRUE	0.08623308494155085	0.08623308494155085	2.947930125450299	Strongly NFAT5-dependent
Lmo1	ENSMUSG00000036111	-0.142570808813514	0.439922856257751	-4.36643414574715	0.00207391358327756	TRUE	0.03265154220919056	0.03265154220919056	-4.223863336933636	Strongly NFAT5-dependent
Sept5	ENSMUSG00000072214	0.247038460780158	0.132188027525133	0.320084504123131	0.0313226932582633	TRUE	0.7717913788326553	0.7717913788326553	0.07304604334297299	Strongly NFAT5-dependent
1520401A03Rik	ENSMUSG00000043747	-0.203879972253408	0.253437856275499	-0.305368806246279	0.0217510776351035	TRUE	0.6676516005664949	0.6676516005664949	-0.10148883399287098	Strongly NFAT5-dependent
Slc6a12	ENSMUSG00000030109	0.266290626547651	0.028298586276332	5.77249829610143	1.3764498385281e-4	TRUE	0.04613091470767442	0.04613091470767442	5.506207669553779	Strongly NFAT5-dependent
Ypel4	ENSMUSG00000034059	0.238321073082064	0.0673535507434068	3.18783655445537	0.00787790518013841	TRUE	0.07475950194152292	0.07475950194152292	2.949515481373306	Strongly NFAT5-dependent
Kcna7	ENSMUSG00000038201	4.30329425226054	0.00298711785095599	4.58947685599615	0.0021724341992764	TRUE	0.9376437418217476	0.9376437418217476	0.2861826037356101	Partially dependent
Sh3bgr	ENSMUSG00000040666	4.59181293747375	0.00152933832408915	0.292157506270018	0.00393729298808402	TRUE	15.716908992336146	15.716908992336146	-4.299655431203732	NFAT5-independent
A730071L15Rik	ENSMUSG00000096923	0.161566892602657	0.250644208807099	0.274281917048016	0.0283300852385843	TRUE	0.5890541175354734	0.5890541175354734	0.11271502444535902	Strongly NFAT5-dependent
2700078F05Rik	ENSMUSG00000103722	0.318327562965679	0.0156173924698819	4.84070269477871	0.00109229111801334	TRUE	0.0657606101917877	0.0657606101917877	4.522375131813032	Strongly NFAT5-dependent
Gm13038	ENSMUSG00000081838	0.151604260348956	0.193733616489872	2.92787665352465	0.0109776730907803	TRUE	0.051779592615847074	0.051779592615847074	2.776272393175694	Strongly NFAT5-dependent
Gm37135	ENSMUSG00000102879	0.0372013412120152	0.776592641169181	1.94082389696187	0.0276935996578248	TRUE	0.0191678087178592	0.0191678087178592	1.903622555749855	Strongly NFAT5-dependent
